version 2
JvmtiExport can_access_local_variables 0
JvmtiExport can_hotswap_or_post_breakpoint 1
JvmtiExport can_post_on_exceptions 0
# 541 ciObject found
instanceKlass org/jetbrains/kotlin/load/java/structure/impl/classFiles/BinaryJavaMethodBase$Companion
ciInstanceKlass kotlin/jvm/internal/Intrinsics 1 1 278 10 7 10 10 10 10 10 10 100 10 10 10 100 10 10 100 10 8 8 10 100 10 10 100 10 10 100 10 10 8 8 8 8 10 10 10 10 10 100 10 10 10 10 8 8 10 10 10 8 10 100 10 10 10 10 100 8 8 10 8 10 10 10 100 10 7 100 1 1 1 1 1 1 1 1 1 1 1 1 1 1 1 1 1 1 1 1 1 1 1 1 1 1 1 1 1 1 1 1 1 1 1 1 1 1 1 1 1 1 1 1 1 1 1 1 1 1 1 1 1 1 1 1 1 1 100 1 1 1 1 1 1 1 1 1 1 1 1 1 1 1 1 1 1 1 1 1 1 1 1 1 1 1 1 1 1 1 1 1 100 1 1 1 1 1 1 1 1 1 1 1 1 1 1 1 1 1 100 1 1 1 12 1 12 12 12 12 12 1 12 12 1 1 1 1 12 1 12 1 1 1 1 1 1 12 12 12 100 12 12 1 100 12 100 12 100 12 12 1 1 100 12 100 12 1 12 1 12 12 12 1 1 1 12 1 12 100 100 12 12 1 1 1 1 1 1 1 1 1 1 1 1 1 1 1 1 1 1 1 1 1 1 1 1 1 1 1 1 1 1 1 1 1 1 1 1 1
ciInstanceKlass kotlin/jvm/internal/markers/KMappedMarker 1 0 22 1 100 1 100 1 1 3 3 3 1 1 3 1 1 1 1 1 1 1 1 1
ciInstanceKlass kotlin/Function 1 0 25 1 100 1 1 100 1 1 3 3 3 1 1 3 1 1 1 1 1 1 1 1 1 1 1
ciInstanceKlass kotlin/jvm/functions/Function1 1 0 32 1 100 1 1 100 1 100 1 1 1 1 1 3 3 3 1 1 3 1 1 1 1 1 1 1 1 1 1 1 1 1
ciInstanceKlass java/util/SequencedMap 1 1 157 11 100 12 1 1 1 11 100 12 1 1 1 11 100 12 1 1 1 100 1 11 12 1 1 100 1 10 12 1 1 11 12 1 1 11 12 1 1 100 1 10 12 100 1 10 12 1 100 1 10 100 1 10 100 1 100 1 1 1 1 1 1 1 1 1 1 1 1 1 1 1 1 1 1 1 1 1 1 1 1 1 1 1 1 1 1 1 1 1 1 1 1 1 1 1 1 1 1 1 1 1 1 1 1 1 1 100 1 8 1 1 12 10 1 1 1 8 1 1 1 8 1 1 8 1 1 1 8 1 1 1 8 1 1 1 8 1 1 1 8 1 1 1 8 1 1 1 8 1 1 1 8 1 1 8 1
ciInstanceKlass java/util/LinkedHashMap 1 1 386 9 7 12 1 1 1 9 12 1 1 9 12 1 9 7 12 1 1 9 12 1 10 7 12 1 1 1 10 12 1 1 10 12 1 1 9 12 1 9 12 1 1 9 12 1 10 12 1 1 100 1 10 10 12 1 1 10 12 1 10 12 1 1 9 12 1 1 9 12 1 10 12 1 1 10 100 12 1 1 1 10 12 1 10 12 1 10 12 10 12 1 1 10 100 12 1 1 1 10 12 1 1 10 12 1 1 9 7 1 10 12 1 10 12 1 1 9 12 1 1 7 1 10 12 1 7 1 100 1 10 10 12 1 1 10 12 1 1 9 12 1 1 7 1 10 7 1 10 12 1 9 12 1 7 1 10 100 1 10 11 100 12 1 1 1 100 1 10 11 100 12 1 1 100 1 100 1 10 8 1 10 12 1 1 10 12 1 10 12 1 1 10 12 1 10 12 1 1 10 100 1 10 12 1 100 1 1 1 1 5 0 1 1 1 3 1 3 1 3 1 1 1 1 1 1 1 1 1 1 1 1 1 1 1 1 1 1 1 1 1 1 1 1 1 1 1 1 1 1 1 1 1 1 1 1 1 1 1 1 1 1 1 1 1 1 1 100 1 1 1 1 1 1 1 1 100 1 1 1 1 1 1 1 1 1 1 1 1 1 1 1 1 1 1 1 1 1 1 1 1 1 1 1 1 100 1 1 1 1 1 1 1 1 1 1 1 1 1 1 100 1 1 1 1 1 1 1 1 1 100 1 1 1 1 1 1 1 1 1 1 1 1 1 1 1 1 1 1 1 1 1 1 1 1 1 1 1 1 1 1 1 100 1 100 1 100 1 100 1 1 1 1 1 100 1 100 1 1 1 1 1 1 1 1 1
ciInstanceKlass java/util/SequencedSet 1 1 78 11 100 12 1 1 1 100 1 100 1 100 1 1 1 1 1 1 1 1 1 1 1 1 1 1 1 100 1 8 1 1 12 10 1 1 1 8 1 1 1 8 1 1 1 8 1 1 1 8 1 1 1 8 1 1 8 1 1 1 8 1 1 8 1 1 8 1 1 1 8 1 1 8 1 1 8 1
ciInstanceKlass java/util/ListIterator 1 0 27 100 1 100 1 100 1 1 1 1 1 1 1 1 1 1 1 1 1 1 1 1 1 1 1 1 1
instanceKlass org/jetbrains/kotlin/backend/jvm/JvmSymbols$Companion
instanceKlass org/jetbrains/kotlin/backend/common/ir/Symbols$Companion
instanceKlass org/jetbrains/kotlin/backend/common/ir/BuiltinSymbolsBase
instanceKlass org/jetbrains/kotlin/ir/declarations/IrDeclarationOriginImpl$Companion
instanceKlass kotlin/properties/PropertyDelegateProvider
instanceKlass org/jetbrains/kotlin/ir/declarations/IrDeclarationOriginImpl
instanceKlass org/jetbrains/kotlin/ir/declarations/IrDeclarationOrigin
instanceKlass org/jetbrains/kotlin/ir/IrBuiltIns$Companion
instanceKlass org/jetbrains/kotlin/ir/IrBuiltIns
instanceKlass org/jetbrains/kotlin/ir/symbols/impl/DescriptorlessExternalPackageFragmentSymbol
instanceKlass org/jetbrains/kotlin/ir/symbols/IrExternalPackageFragmentSymbol
instanceKlass org/jetbrains/kotlin/ir/symbols/IrPackageFragmentSymbol
instanceKlass org/jetbrains/kotlin/ir/symbols/IrBindableSymbol
instanceKlass org/jetbrains/kotlin/ir/symbols/IrSymbol
instanceKlass org/jetbrains/kotlin/ir/declarations/impl/IrExternalPackageFragmentImpl$Companion
instanceKlass org/jetbrains/kotlin/ir/declarations/StageController
instanceKlass org/jetbrains/kotlin/ir/declarations/IrFactory
instanceKlass org/jetbrains/kotlin/backend/jvm/CachedFieldsForObjectInstances
instanceKlass org/jetbrains/kotlin/backend/jvm/JvmIrDeserializerImpl
instanceKlass org/jetbrains/kotlin/backend/jvm/JvmIrDeserializer
instanceKlass org/jetbrains/kotlin/fir/backend/jvm/JvmFir2IrExtensions
instanceKlass org/jetbrains/kotlin/fir/backend/Fir2IrExtensions
instanceKlass org/jetbrains/kotlin/backend/jvm/JvmGeneratorExtensions
instanceKlass org/jetbrains/kotlin/cli/jvm/compiler/pipeline/ModuleCompilerEnvironment
instanceKlass  @bci org/jetbrains/kotlin/cli/common/UtilsKt checkKotlinPackageUsageForLightTree (Lorg/jetbrains/kotlin/config/CompilerConfiguration;Ljava/util/Collection;Lorg/jetbrains/kotlin/cli/common/messages/MessageCollector;)Z 26 <appendix> argL0 ; # org/jetbrains/kotlin/cli/common/UtilsKt$$Lambda+0x000000010067f0b0
instanceKlass org/jetbrains/kotlin/cli/common/messages/CompilerMessageSourceLocation
instanceKlass  @bci org/jetbrains/kotlin/cli/common/UtilsKt checkKotlinPackageUsageForLightTree (Lorg/jetbrains/kotlin/config/CompilerConfiguration;Ljava/util/Collection;Lorg/jetbrains/kotlin/cli/common/messages/MessageCollector;)Z 21 <appendix> argL0 ; # org/jetbrains/kotlin/cli/common/UtilsKt$$Lambda+0x000000010067ec70
instanceKlass org/jetbrains/kotlin/fir/pipeline/FirResult
instanceKlass org/jetbrains/kotlin/cli/common/CodeAnalysisMeasurement
instanceKlass org/jetbrains/kotlin/cli/common/PerformanceMeasurement
instanceKlass org/jetbrains/kotlin/fir/analysis/FirOverridesBackwardCompatibilityHelperKt
instanceKlass  @bci org/jetbrains/kotlin/fir/scopes/impl/FirClassAnySynthesizedMemberScope processFunctionsByName (Lorg/jetbrains/kotlin/name/Name;Lkotlin/jvm/functions/Function1;)V 84 <appendix> member <vmtarget> ; # org/jetbrains/kotlin/fir/scopes/impl/FirClassAnySynthesizedMemberScope$$Lambda+0x000000010067df98
instanceKlass  @bci org/jetbrains/kotlin/fir/scopes/impl/FirClassAnySynthesizedMemberScope processFunctionsByName (Lorg/jetbrains/kotlin/name/Name;Lkotlin/jvm/functions/Function1;)V 56 <appendix> member <vmtarget> ; # org/jetbrains/kotlin/fir/scopes/impl/FirClassAnySynthesizedMemberScope$$Lambda+0x000000010067dd60
instanceKlass org/jetbrains/kotlin/load/java/structure/JavaClassObjectAnnotationArgument
instanceKlass org/jetbrains/kotlin/fir/extensions/FirTypeAttributeExtensionKt
instanceKlass org/jetbrains/kotlin/fir/types/CompilerConeAttributes$ContextFunctionTypeParams$Companion
instanceKlass  @bci org/jetbrains/kotlin/fir/scopes/impl/FirScopeWithCallableCopyReturnTypeUpdater processPropertiesByName (Lorg/jetbrains/kotlin/name/Name;Lkotlin/jvm/functions/Function1;)V 19 <appendix> member <vmtarget> ; # org/jetbrains/kotlin/fir/scopes/impl/FirScopeWithCallableCopyReturnTypeUpdater$$Lambda+0x000000010067d038
instanceKlass org/jetbrains/kotlin/fir/analysis/jvm/checkers/expression/FirFieldAccessShadowedByInvisibleKotlinPropertyKt
instanceKlass  @bci org/jetbrains/kotlin/fir/analysis/checkers/FirConflictsHelpersKt collectClassMembers$lambda$11 (Lorg/jetbrains/kotlin/fir/analysis/checkers/FirDeclarationCollector;Ljava/util/Map;Lorg/jetbrains/kotlin/fir/scopes/FirTypeScope;Lorg/jetbrains/kotlin/fir/symbols/impl/FirRegularClassSymbol;Lorg/jetbrains/kotlin/fir/symbols/impl/FirVariableSymbol;)Lkotlin/Unit; 52 <appendix> member <vmtarget> ; # org/jetbrains/kotlin/fir/analysis/checkers/FirConflictsHelpersKt$$Lambda+0x000000010067c748
instanceKlass  @bci org/jetbrains/kotlin/fir/analysis/checkers/FirConflictsHelpersKt collectClassMembers (Lorg/jetbrains/kotlin/fir/analysis/checkers/FirDeclarationCollector;Lorg/jetbrains/kotlin/fir/symbols/impl/FirRegularClassSymbol;)V 107 <appendix> member <vmtarget> ; # org/jetbrains/kotlin/fir/analysis/checkers/FirConflictsHelpersKt$$Lambda+0x000000010067c510
instanceKlass  @bci org/jetbrains/kotlin/fir/analysis/checkers/FirConflictsHelpersKt collectClassMembers (Lorg/jetbrains/kotlin/fir/analysis/checkers/FirDeclarationCollector;Lorg/jetbrains/kotlin/fir/symbols/impl/FirRegularClassSymbol;)V 92 <appendix> member <vmtarget> ; # org/jetbrains/kotlin/fir/analysis/checkers/FirConflictsHelpersKt$$Lambda+0x000000010067c2d8
instanceKlass  @bci org/jetbrains/kotlin/fir/analysis/checkers/FirConflictsHelpersKt collectClassMembers$lambda$8 (Lorg/jetbrains/kotlin/fir/analysis/checkers/FirDeclarationCollector;Ljava/util/Map;Lorg/jetbrains/kotlin/fir/scopes/FirTypeScope;Lorg/jetbrains/kotlin/fir/symbols/impl/FirRegularClassSymbol;Lorg/jetbrains/kotlin/fir/symbols/impl/FirNamedFunctionSymbol;)Lkotlin/Unit; 52 <appendix> member <vmtarget> ; # org/jetbrains/kotlin/fir/analysis/checkers/FirConflictsHelpersKt$$Lambda+0x000000010067c0a0
instanceKlass  @bci org/jetbrains/kotlin/fir/types/ConeTypeUtilsKt hasError (Lorg/jetbrains/kotlin/fir/types/ConeKotlinType;)Z 7 <appendix> argL0 ; # org/jetbrains/kotlin/fir/types/ConeTypeUtilsKt$$Lambda+0x000000010067be70
instanceKlass  @bci org/jetbrains/kotlin/fir/analysis/checkers/FirConflictsHelpersKt collectClassMembers (Lorg/jetbrains/kotlin/fir/analysis/checkers/FirDeclarationCollector;Lorg/jetbrains/kotlin/fir/symbols/impl/FirRegularClassSymbol;)V 69 <appendix> member <vmtarget> ; # org/jetbrains/kotlin/fir/analysis/checkers/FirConflictsHelpersKt$$Lambda+0x000000010067bc38
instanceKlass org/jetbrains/kotlin/fir/analysis/jvm/checkers/declaration/FirOverrideJavaNullabilityWarningCheckerKt
instanceKlass  @bci org/jetbrains/kotlin/fir/analysis/checkers/declaration/FirBadInheritedJavaSignaturesChecker check (Lorg/jetbrains/kotlin/fir/declarations/FirClass;Lorg/jetbrains/kotlin/fir/analysis/checkers/context/CheckerContext;Lorg/jetbrains/kotlin/diagnostics/DiagnosticReporter;)V 29 <appendix> member <vmtarget> ; # org/jetbrains/kotlin/fir/analysis/checkers/declaration/FirBadInheritedJavaSignaturesChecker$$Lambda+0x000000010067b058
instanceKlass  @bci org/jetbrains/kotlin/fir/analysis/checkers/declaration/FirImplementationMismatchChecker collectFunctionsNamed (Lorg/jetbrains/kotlin/fir/scopes/FirTypeScope;Lorg/jetbrains/kotlin/name/Name;Lorg/jetbrains/kotlin/fir/declarations/FirClass;Lorg/jetbrains/kotlin/fir/analysis/checkers/context/CheckerContext;)Ljava/util/List; 18 <appendix> member <vmtarget> ; # org/jetbrains/kotlin/fir/analysis/checkers/declaration/FirImplementationMismatchChecker$$Lambda+0x000000010067ae20
instanceKlass  @bci org/jetbrains/kotlin/fir/analysis/checkers/declaration/FirImplementationMismatchChecker check (Lorg/jetbrains/kotlin/fir/declarations/FirClass;Lorg/jetbrains/kotlin/fir/analysis/checkers/context/CheckerContext;Lorg/jetbrains/kotlin/diagnostics/DiagnosticReporter;)V 207 <appendix> member <vmtarget> ; # org/jetbrains/kotlin/fir/analysis/checkers/declaration/FirImplementationMismatchChecker$$Lambda+0x000000010067abe8
instanceKlass  @bci org/jetbrains/kotlin/fir/analysis/checkers/declaration/FirImplementationMismatchChecker check (Lorg/jetbrains/kotlin/fir/declarations/FirClass;Lorg/jetbrains/kotlin/fir/analysis/checkers/context/CheckerContext;Lorg/jetbrains/kotlin/diagnostics/DiagnosticReporter;)V 186 <appendix> member <vmtarget> ; # org/jetbrains/kotlin/fir/analysis/checkers/declaration/FirImplementationMismatchChecker$$Lambda+0x000000010067a9b0
instanceKlass org/jetbrains/kotlin/diagnostics/impl/DeduplicatingDiagnosticReporterKt
instanceKlass org/jetbrains/kotlin/fir/analysis/checkers/declaration/FirNotImplementedOverrideChecker$WhenMappings
instanceKlass org/jetbrains/kotlin/fir/scopes/impl/FirDelegatedMemberScopeKt
instanceKlass org/jetbrains/kotlin/fir/analysis/checkers/declaration/FirOverrideChecker$checkVisibility$$inlined$sortedBy$1
instanceKlass  @bci org/jetbrains/kotlin/fir/scopes/FirTypeScopeKt retrieveDirectOverriddenOf (Lorg/jetbrains/kotlin/fir/scopes/FirTypeScope;Lorg/jetbrains/kotlin/fir/symbols/impl/FirCallableSymbol;)Ljava/util/List; 30 <appendix> argL0 ; # org/jetbrains/kotlin/fir/scopes/FirTypeScopeKt$$Lambda+0x0000000100678e40
instanceKlass  @bci org/jetbrains/kotlin/fir/java/enhancement/FirSignatureEnhancement enhance$java (Lorg/jetbrains/kotlin/fir/symbols/impl/FirVariableSymbol;Lorg/jetbrains/kotlin/name/Name;)Lorg/jetbrains/kotlin/fir/symbols/impl/FirVariableSymbol; 898 <appendix> member <vmtarget> ; # org/jetbrains/kotlin/fir/java/enhancement/FirSignatureEnhancement$$Lambda+0x0000000100678838
instanceKlass org/jetbrains/kotlin/fir/scopes/FirTypeScopeKt$getDirectOverriddenProperties$$inlined$processDirectlyOverriddenProperties$1
instanceKlass  @bci org/jetbrains/kotlin/fir/scopes/FirTypeScopeKt retrieveDirectOverriddenOf (Lorg/jetbrains/kotlin/fir/scopes/FirTypeScope;Lorg/jetbrains/kotlin/fir/symbols/impl/FirCallableSymbol;)Ljava/util/List; 67 <appendix> argL0 ; # org/jetbrains/kotlin/fir/scopes/FirTypeScopeKt$$Lambda+0x00000001006783d0
instanceKlass kotlin/jvm/internal/FloatCompanionObject
instanceKlass org/jetbrains/kotlin/fir/java/deserialization/FirJvmConstDeserializer$loadConstant$2
instanceKlass  @bci org/jetbrains/kotlin/fir/java/scopes/JavaClassUseSiteMemberScope generateSyntheticPropertySymbol (Lorg/jetbrains/kotlin/fir/symbols/impl/FirNamedFunctionSymbol;Lorg/jetbrains/kotlin/fir/symbols/impl/FirNamedFunctionSymbol;Lorg/jetbrains/kotlin/fir/declarations/FirProperty;Z)Lorg/jetbrains/kotlin/fir/symbols/impl/FirSyntheticPropertySymbol; 27 <adapter> ; # java/lang/invoke/LambdaForm$MH+0x0000000100675c00
# instanceKlass java/lang/invoke/LambdaForm$DMH+0x0000000100675800
instanceKlass  @bci org/jetbrains/kotlin/fir/java/scopes/JavaClassUseSiteMemberScope generateSyntheticPropertySymbol (Lorg/jetbrains/kotlin/fir/symbols/impl/FirNamedFunctionSymbol;Lorg/jetbrains/kotlin/fir/symbols/impl/FirNamedFunctionSymbol;Lorg/jetbrains/kotlin/fir/declarations/FirProperty;Z)Lorg/jetbrains/kotlin/fir/symbols/impl/FirSyntheticPropertySymbol; 27 <appendix> form vmentry <vmtarget> ; # java/lang/invoke/LambdaForm$DMH+0x0000000100675400
instanceKlass  @bci org/jetbrains/kotlin/fir/java/scopes/JavaClassUseSiteMemberScope generateSyntheticPropertySymbol (Lorg/jetbrains/kotlin/fir/symbols/impl/FirNamedFunctionSymbol;Lorg/jetbrains/kotlin/fir/symbols/impl/FirNamedFunctionSymbol;Lorg/jetbrains/kotlin/fir/declarations/FirProperty;Z)Lorg/jetbrains/kotlin/fir/symbols/impl/FirSyntheticPropertySymbol; 27 <appendix> member <vmtarget> ; # org/jetbrains/kotlin/fir/java/scopes/JavaClassUseSiteMemberScope$$Lambda+0x00000001006776b8
instanceKlass  @cpi org/jetbrains/kotlin/fir/java/scopes/JavaClassUseSiteMemberScope 318 form vmentry <vmtarget> ; # java/lang/invoke/LambdaForm$DMH+0x0000000100675000
instanceKlass org/jetbrains/kotlin/name/CallableIdKt
instanceKlass  @bci org/jetbrains/kotlin/fir/java/scopes/JavaClassUseSiteMemberScope getBuiltinSpecialPropertyGetterName (Lorg/jetbrains/kotlin/fir/symbols/impl/FirPropertySymbol;)Lorg/jetbrains/kotlin/name/Name; 14 <appendix> member <vmtarget> ; # org/jetbrains/kotlin/fir/java/scopes/JavaClassUseSiteMemberScope$$Lambda+0x0000000100676ad8
instanceKlass org/jetbrains/kotlin/fir/java/SyntheticPropertiesCacheKey
instanceKlass org/jetbrains/kotlin/fir/analysis/checkers/declaration/FirMultipleDefaultsInheritedFromSupertypesChecker$checkFunction$$inlined$processOverriddenFunctions$1
instanceKlass org/jetbrains/kotlin/fir/analysis/checkers/FirHelpersKt$processOverriddenFunctions$1
instanceKlass org/jetbrains/kotlin/fir/scopes/FirContainingNamesAwareScopeKt
instanceKlass  @bci org/jetbrains/kotlin/fir/analysis/checkers/declaration/FirMultipleDefaultsInheritedFromSupertypesChecker check (Lorg/jetbrains/kotlin/fir/declarations/FirRegularClass;Lorg/jetbrains/kotlin/fir/analysis/checkers/context/CheckerContext;Lorg/jetbrains/kotlin/diagnostics/DiagnosticReporter;)V 33 <appendix> member <vmtarget> ; # org/jetbrains/kotlin/fir/analysis/checkers/declaration/FirMultipleDefaultsInheritedFromSupertypesChecker$$Lambda+0x0000000100676000
instanceKlass  @bci org/jetbrains/kotlin/fir/analysis/checkers/FirConflictsHelpersKt collectTopLevel (Lorg/jetbrains/kotlin/fir/analysis/checkers/FirDeclarationCollector;Lorg/jetbrains/kotlin/fir/declarations/FirFile;Lorg/jetbrains/kotlin/fir/scopes/impl/FirPackageMemberScope;)V 529 <appendix> member <vmtarget> ; # org/jetbrains/kotlin/fir/analysis/checkers/FirConflictsHelpersKt$$Lambda+0x0000000100673be8
instanceKlass  @bci org/jetbrains/kotlin/fir/analysis/checkers/FirConflictsHelpersKt collectTopLevel (Lorg/jetbrains/kotlin/fir/analysis/checkers/FirDeclarationCollector;Lorg/jetbrains/kotlin/fir/declarations/FirFile;Lorg/jetbrains/kotlin/fir/scopes/impl/FirPackageMemberScope;)V 232 <adapter> ; # java/lang/invoke/LambdaForm$MH+0x0000000100674c00
# instanceKlass java/lang/invoke/LambdaForm$DMH+0x0000000100674800
instanceKlass  @bci org/jetbrains/kotlin/fir/analysis/checkers/FirConflictsHelpersKt collectTopLevel (Lorg/jetbrains/kotlin/fir/analysis/checkers/FirDeclarationCollector;Lorg/jetbrains/kotlin/fir/declarations/FirFile;Lorg/jetbrains/kotlin/fir/scopes/impl/FirPackageMemberScope;)V 232 <appendix> form vmentry <vmtarget> ; # java/lang/invoke/LambdaForm$DMH+0x0000000100674400
instanceKlass  @bci org/jetbrains/kotlin/fir/analysis/checkers/FirConflictsHelpersKt collectTopLevel (Lorg/jetbrains/kotlin/fir/analysis/checkers/FirDeclarationCollector;Lorg/jetbrains/kotlin/fir/declarations/FirFile;Lorg/jetbrains/kotlin/fir/scopes/impl/FirPackageMemberScope;)V 232 <appendix> member <vmtarget> ; # org/jetbrains/kotlin/fir/analysis/checkers/FirConflictsHelpersKt$$Lambda+0x00000001006739b0
instanceKlass  @cpi org/jetbrains/kotlin/fir/analysis/checkers/FirConflictsHelpersKt 743 form vmentry <vmtarget> ; # java/lang/invoke/LambdaForm$DMH+0x0000000100674000
instanceKlass  @bci org/jetbrains/kotlin/fir/analysis/checkers/FirConflictsHelpersKt collectTopLevel (Lorg/jetbrains/kotlin/fir/analysis/checkers/FirDeclarationCollector;Lorg/jetbrains/kotlin/fir/declarations/FirFile;Lorg/jetbrains/kotlin/fir/scopes/impl/FirPackageMemberScope;)V 203 <appendix> member <vmtarget> ; # org/jetbrains/kotlin/fir/analysis/checkers/FirConflictsHelpersKt$$Lambda+0x0000000100673778
instanceKlass  @bci org/jetbrains/kotlin/fir/analysis/checkers/FirConflictsHelpersKt groupTopLevelByName (Ljava/util/List;Lorg/jetbrains/kotlin/fir/analysis/checkers/context/CheckerContext;)Ljava/util/Map; 535 <appendix> member <vmtarget> ; # org/jetbrains/kotlin/fir/analysis/checkers/FirConflictsHelpersKt$$Lambda+0x0000000100673540
instanceKlass org/jetbrains/kotlin/fir/ScopeUtilsKt
instanceKlass org/jetbrains/kotlin/fir/analysis/checkers/DeclarationBuckets
instanceKlass org/jetbrains/kotlin/fir/analysis/checkers/FirRedeclarationPresenter
instanceKlass org/jetbrains/kotlin/fir/analysis/checkers/FirDeclarationCollector
instanceKlass  @bci org/jetbrains/kotlin/fir/analysis/checkers/declaration/FirPackageConflictsWithClassifierChecker parentsIncludingSelf (Lorg/jetbrains/kotlin/name/FqName;)Lkotlin/sequences/Sequence; 1 <appendix> argL0 ; # org/jetbrains/kotlin/fir/analysis/checkers/declaration/FirPackageConflictsWithClassifierChecker$$Lambda+0x0000000100672aa0
instanceKlass org/jetbrains/kotlin/fir/pipeline/ConvertToIrKt
instanceKlass org/jetbrains/kotlin/fir/pipeline/ModuleCompilerAnalyzedOutput
instanceKlass org/jetbrains/kotlin/fir/java/FirJvmTargetProviderKt
instanceKlass org/jetbrains/kotlin/fir/analysis/FirSourceUtilsKt
instanceKlass org/jetbrains/kotlin/fir/analysis/checkers/context/CheckerContext$WhenMappings
instanceKlass org/jetbrains/kotlin/diagnostics/KtDiagnostic
instanceKlass org/jetbrains/kotlin/diagnostics/DiagnosticWithParameters2Marker
instanceKlass org/jetbrains/kotlin/diagnostics/KtLightDiagnostic
instanceKlass org/jetbrains/kotlin/diagnostics/KtDiagnosticReportHelpersKt
instanceKlass org/jetbrains/kotlin/fir/FirEvaluatorResult
instanceKlass org/jetbrains/kotlin/fir/expressions/FirExpressionEvaluatorKt
instanceKlass  @bci org/jetbrains/kotlin/fir/expressions/FirConstCheckVisitor <clinit> ()V 11 <appendix> argL0 ; # org/jetbrains/kotlin/fir/expressions/FirConstCheckVisitor$$Lambda+0x000000010066f0f0
instanceKlass org/jetbrains/kotlin/fir/expressions/FirConstCheckVisitor$Companion
instanceKlass org/jetbrains/kotlin/fir/expressions/FirConstChecksKt
instanceKlass org/jetbrains/kotlin/fir/analysis/checkers/expression/FirDeprecationChecker$WhenMappings
instanceKlass org/jetbrains/kotlin/fir/analysis/checkers/extended/FirAnonymousUnusedParamChecker$LambdaBodyContext
instanceKlass org/jetbrains/kotlin/fir/analysis/checkers/extended/FirAnonymousUnusedParamCheckerKt
instanceKlass java/util/EnumMap$EntryIterator$Entry
instanceKlass java/util/EnumMap$EnumMapIterator
instanceKlass org/jetbrains/kotlin/fir/expressions/FirOperationNameConventions
instanceKlass org/jetbrains/kotlin/fir/analysis/checkers/type/FirProjectionRelationChecker$TypeArgumentData
instanceKlass  @bci org/jetbrains/kotlin/fir/analysis/checkers/FirUpperBoundViolatedHelpersKt checkUpperBoundViolated (Lorg/jetbrains/kotlin/fir/types/FirTypeRef;Lorg/jetbrains/kotlin/fir/types/ConeClassLikeType;Lorg/jetbrains/kotlin/fir/analysis/checkers/context/CheckerContext;Lorg/jetbrains/kotlin/diagnostics/DiagnosticReporter;Z)V 77 <appendix> member <vmtarget> ; # org/jetbrains/kotlin/fir/analysis/checkers/FirUpperBoundViolatedHelpersKt$$Lambda+0x000000010066c430
instanceKlass org/jetbrains/kotlin/fir/analysis/checkers/declaration/FirConstructorAllowedChecker$WhenMappings
instanceKlass org/jetbrains/kotlin/contracts/description/EventOccurrencesRange$Companion
instanceKlass org/jetbrains/kotlin/fir/analysis/cfa/util/EventCollectingControlFlowGraphVisitorKt
instanceKlass org/jetbrains/kotlin/contracts/description/MarkedEventOccurrencesRange
instanceKlass org/jetbrains/kotlin/types/EnrichedProjectionKind$Companion$WhenMappings
instanceKlass org/jetbrains/kotlin/types/EnrichedProjectionKind$Companion
instanceKlass org/jetbrains/kotlin/fir/analysis/checkers/declaration/FirClassVarianceChecker$WhenMappings
instanceKlass org/jetbrains/kotlin/fir/analysis/checkers/FirTypeRefSource
instanceKlass org/jetbrains/kotlin/fir/analysis/checkers/expression/ReferenceUtilsKt
instanceKlass org/jetbrains/kotlin/fir/analysis/checkers/SourceHelpersKt
instanceKlass org/jetbrains/kotlin/fir/resolve/diagnostics/ConeCallToDeprecatedOverrideOfHidden
instanceKlass org/jetbrains/kotlin/fir/analysis/jvm/checkers/expression/FirExpressionJavaNullabilityWarningCheckersKt
instanceKlass org/jetbrains/kotlin/fir/analysis/diagnostics/jvm/FirJvmErrors
instanceKlass org/jetbrains/kotlin/fir/analysis/checkers/expression/FirMissingDependencyClassProxy$MissingTypeOrigin
instanceKlass  @bci org/jetbrains/kotlin/fir/analysis/checkers/expression/FirMissingDependencyClassProxy considerType (Lorg/jetbrains/kotlin/fir/types/ConeKotlinType;Ljava/util/Set;Lorg/jetbrains/kotlin/fir/analysis/checkers/context/CheckerContext;)V 45 <appendix> member <vmtarget> ; # org/jetbrains/kotlin/fir/analysis/checkers/expression/FirMissingDependencyClassProxy$$Lambda+0x0000000100664400
instanceKlass org/jetbrains/kotlin/fir/analysis/checkers/expression/FirDataClassCopyUsageWillBecomeInaccessibleCheckerKt
instanceKlass org/jetbrains/kotlin/fir/analysis/checkers/FirConflictsHelpersKt
instanceKlass  @bci org/jetbrains/kotlin/fir/analysis/checkers/FirUnderscoreHelpersKt checkTypeRefForUnderscore (Lorg/jetbrains/kotlin/fir/types/FirTypeRef;Lorg/jetbrains/kotlin/fir/analysis/checkers/context/CheckerContext;Lorg/jetbrains/kotlin/diagnostics/DiagnosticReporter;)V 27 <appendix> member <vmtarget> ; # org/jetbrains/kotlin/fir/analysis/checkers/FirUnderscoreHelpersKt$$Lambda+0x0000000100665218
instanceKlass org/jetbrains/kotlin/fir/modules/FirJavaModuleResolverProviderKt
instanceKlass org/jetbrains/kotlin/fir/analysis/checkers/FirOptionalExpectationHelpersKt
instanceKlass org/jetbrains/kotlin/resolve/checkers/OptInNames
instanceKlass  @bci org/jetbrains/kotlin/fir/analysis/checkers/declaration/FirAnnotationChecker checkAllRepeatedAnnotations (Lorg/jetbrains/kotlin/fir/types/FirTypeRef;Lorg/jetbrains/kotlin/fir/analysis/checkers/context/CheckerContext;Lorg/jetbrains/kotlin/diagnostics/DiagnosticReporter;)V 7 <appendix> argL0 ; # org/jetbrains/kotlin/fir/analysis/checkers/declaration/FirAnnotationChecker$$Lambda+0x0000000100667578
instanceKlass org/jetbrains/kotlin/fir/analysis/checkers/ModifiersCompatibilityUtilsKt$WhenMappings
instanceKlass org/jetbrains/kotlin/fir/analysis/checkers/ModifiersCompatibilityUtilsKt
instanceKlass org/jetbrains/kotlin/resolve/ModifierCheckerHelpersKt$or$1
instanceKlass org/jetbrains/kotlin/resolve/ModifierCheckerHelpersKt$ifSupported$1
instanceKlass org/jetbrains/kotlin/resolve/ModifierCheckerHelpersKt$always$1
instanceKlass org/jetbrains/kotlin/resolve/TargetAllowedPredicate
instanceKlass org/jetbrains/kotlin/resolve/ModifierCheckerHelpersKt
instanceKlass org/jetbrains/kotlin/descriptors/annotations/KotlinTarget$Companion$WhenMappings
instanceKlass  @bci org/jetbrains/kotlin/resolve/AnnotationTargetLists T_MEMBER_PROPERTY (ZZ)Lorg/jetbrains/kotlin/resolve/AnnotationTargetList; 47 <appendix> member <vmtarget> ; # org/jetbrains/kotlin/resolve/AnnotationTargetLists$$Lambda+0x0000000100663ca0
instanceKlass  @cpi org/jetbrains/kotlin/resolve/AnnotationTargetLists 153 form vmentry <vmtarget> ; # java/lang/invoke/LambdaForm$DMH+0x0000000100664000
instanceKlass  @bci org/jetbrains/kotlin/resolve/AnnotationTargetLists <clinit> ()V 565 <appendix> argL0 ; # org/jetbrains/kotlin/resolve/AnnotationTargetLists$$Lambda+0x0000000100663a70
instanceKlass  @bci org/jetbrains/kotlin/resolve/AnnotationTargetLists <clinit> ()V 407 <appendix> argL0 ; # org/jetbrains/kotlin/resolve/AnnotationTargetLists$$Lambda+0x0000000100663840
instanceKlass  @bci org/jetbrains/kotlin/resolve/AnnotationTargetLists <clinit> ()V 375 <appendix> argL0 ; # org/jetbrains/kotlin/resolve/AnnotationTargetLists$$Lambda+0x0000000100663610
instanceKlass  @bci org/jetbrains/kotlin/resolve/AnnotationTargetLists <clinit> ()V 343 <appendix> argL0 ; # org/jetbrains/kotlin/resolve/AnnotationTargetLists$$Lambda+0x00000001006633e0
instanceKlass  @bci org/jetbrains/kotlin/resolve/AnnotationTargetLists <clinit> ()V 263 <appendix> argL0 ; # org/jetbrains/kotlin/resolve/AnnotationTargetLists$$Lambda+0x00000001006631b0
instanceKlass  @bci org/jetbrains/kotlin/resolve/AnnotationTargetLists <clinit> ()V 201 <appendix> argL0 ; # org/jetbrains/kotlin/resolve/AnnotationTargetLists$$Lambda+0x0000000100662f80
instanceKlass  @bci org/jetbrains/kotlin/resolve/AnnotationTargetLists <clinit> ()V 73 <appendix> argL0 ; # org/jetbrains/kotlin/resolve/AnnotationTargetLists$$Lambda+0x0000000100662d50
instanceKlass org/jetbrains/kotlin/resolve/AnnotationTargetList
instanceKlass  @bci org/jetbrains/kotlin/resolve/AnnotationTargetLists targetList$default (Lorg/jetbrains/kotlin/resolve/AnnotationTargetLists;[Lorg/jetbrains/kotlin/descriptors/annotations/KotlinTarget;Lkotlin/jvm/functions/Function1;ILjava/lang/Object;)Lorg/jetbrains/kotlin/resolve/AnnotationTargetList; 6 <appendix> argL0 ; # org/jetbrains/kotlin/resolve/AnnotationTargetLists$$Lambda+0x0000000100662900
instanceKlass org/jetbrains/kotlin/resolve/AnnotationTargetLists$TargetListBuilder
instanceKlass org/jetbrains/kotlin/resolve/AnnotationTargetLists
instanceKlass org/jetbrains/kotlin/fir/analysis/checkers/declaration/NiceContractSyntaxCheckerKt
instanceKlass org/jetbrains/kotlin/fir/analysis/checkers/expression/FirOptInUsageBaseChecker
instanceKlass  @bci org/jetbrains/kotlin/fir/analysis/diagnostics/FirErrorsDefaultMessages <clinit> ()V 13460 <appendix> argL0 ; # org/jetbrains/kotlin/fir/analysis/diagnostics/FirErrorsDefaultMessages$$Lambda+0x0000000100661a28
instanceKlass org/jetbrains/kotlin/serialization/deserialization/IncompatibleVersionErrorData
instanceKlass org/jetbrains/kotlin/fir/analysis/diagnostics/FirErrorsDefaultMessagesKt
instanceKlass  @bci org/jetbrains/kotlin/fir/analysis/diagnostics/FirExpectActualAnnotationIncompatibilityDiagnosticRenderers <clinit> ()V 21 <appendix> argL0 ; # org/jetbrains/kotlin/fir/analysis/diagnostics/FirExpectActualAnnotationIncompatibilityDiagnosticRenderers$$Lambda+0x00000001006613c0
instanceKlass org/jetbrains/kotlin/resolve/multiplatform/ExpectActualAnnotationsIncompatibilityType
instanceKlass  @bci org/jetbrains/kotlin/fir/analysis/diagnostics/FirExpectActualAnnotationIncompatibilityDiagnosticRenderers <clinit> ()V 10 <appendix> argL0 ; # org/jetbrains/kotlin/fir/analysis/diagnostics/FirExpectActualAnnotationIncompatibilityDiagnosticRenderers$$Lambda+0x0000000100660f70
instanceKlass org/jetbrains/kotlin/fir/analysis/diagnostics/FirExpectActualAnnotationIncompatibilityDiagnosticRenderers
instanceKlass org/jetbrains/kotlin/fir/analysis/diagnostics/FirIncompatibleExpectedActualClassScopesRenderer$Companion
instanceKlass org/jetbrains/kotlin/fir/analysis/diagnostics/FirIncompatibleExpectedActualClassScopesRenderer
instanceKlass org/jetbrains/kotlin/fir/analysis/diagnostics/FirPlatformIncompatibilityDiagnosticRenderer$Companion
instanceKlass org/jetbrains/kotlin/fir/analysis/diagnostics/FirPlatformIncompatibilityDiagnosticRenderer
instanceKlass  @bci org/jetbrains/kotlin/diagnostics/rendering/CommonRenderers commaSeparated (Lorg/jetbrains/kotlin/diagnostics/rendering/DiagnosticParameterRenderer;)Lorg/jetbrains/kotlin/diagnostics/rendering/DiagnosticParameterRenderer; 7 <appendix> member <vmtarget> ; # org/jetbrains/kotlin/diagnostics/rendering/CommonRenderers$$Lambda+0x0000000100660230
instanceKlass  @bci org/jetbrains/kotlin/fir/analysis/diagnostics/FirDiagnosticRenderers <clinit> ()V 295 <appendix> argL0 ; # org/jetbrains/kotlin/fir/analysis/diagnostics/FirDiagnosticRenderers$$Lambda+0x0000000100660000
instanceKlass  @bci org/jetbrains/kotlin/fir/analysis/diagnostics/FirDiagnosticRenderers <clinit> ()V 284 <appendix> argL0 ; # org/jetbrains/kotlin/fir/analysis/diagnostics/FirDiagnosticRenderers$$Lambda+0x000000010065fda0
instanceKlass  @bci org/jetbrains/kotlin/fir/analysis/diagnostics/FirDiagnosticRenderers <clinit> ()V 273 <appendix> argL0 ; # org/jetbrains/kotlin/fir/analysis/diagnostics/FirDiagnosticRenderers$$Lambda+0x000000010065fb70
instanceKlass  @bci org/jetbrains/kotlin/fir/analysis/diagnostics/FirDiagnosticRenderers <clinit> ()V 262 <appendix> argL0 ; # org/jetbrains/kotlin/fir/analysis/diagnostics/FirDiagnosticRenderers$$Lambda+0x000000010065f940
instanceKlass  @bci org/jetbrains/kotlin/fir/analysis/diagnostics/FirDiagnosticRenderers <clinit> ()V 251 <appendix> argL0 ; # org/jetbrains/kotlin/fir/analysis/diagnostics/FirDiagnosticRenderers$$Lambda+0x000000010065f710
instanceKlass  @bci org/jetbrains/kotlin/diagnostics/KtDiagnosticRenderers COLLECTION (Lorg/jetbrains/kotlin/diagnostics/rendering/ContextIndependentParameterRenderer;)Lorg/jetbrains/kotlin/diagnostics/rendering/ContextIndependentParameterRenderer; 7 <appendix> member <vmtarget> ; # org/jetbrains/kotlin/diagnostics/KtDiagnosticRenderers$$Lambda+0x000000010065f4d8
instanceKlass  @bci org/jetbrains/kotlin/fir/analysis/diagnostics/FirDiagnosticRenderers <clinit> ()V 224 <appendix> argL0 ; # org/jetbrains/kotlin/fir/analysis/diagnostics/FirDiagnosticRenderers$$Lambda+0x000000010065f2a8
instanceKlass  @bci org/jetbrains/kotlin/fir/analysis/diagnostics/FirDiagnosticRenderers <clinit> ()V 213 <appendix> argL0 ; # org/jetbrains/kotlin/fir/analysis/diagnostics/FirDiagnosticRenderers$$Lambda+0x000000010065f078
instanceKlass  @bci org/jetbrains/kotlin/fir/analysis/diagnostics/FirDiagnosticRenderers <clinit> ()V 202 <appendix> argL0 ; # org/jetbrains/kotlin/fir/analysis/diagnostics/FirDiagnosticRenderers$$Lambda+0x000000010065ee48
instanceKlass  @bci org/jetbrains/kotlin/fir/analysis/diagnostics/FirDiagnosticRenderers <clinit> ()V 191 <appendix> argL0 ; # org/jetbrains/kotlin/fir/analysis/diagnostics/FirDiagnosticRenderers$$Lambda+0x000000010065ec18
instanceKlass  @bci org/jetbrains/kotlin/fir/analysis/diagnostics/FirDiagnosticRenderers <clinit> ()V 180 <appendix> argL0 ; # org/jetbrains/kotlin/fir/analysis/diagnostics/FirDiagnosticRenderers$$Lambda+0x000000010065e9e8
instanceKlass  @bci org/jetbrains/kotlin/fir/analysis/diagnostics/FirDiagnosticRenderers <clinit> ()V 169 <appendix> argL0 ; # org/jetbrains/kotlin/fir/analysis/diagnostics/FirDiagnosticRenderers$$Lambda+0x000000010065e7b8
instanceKlass org/jetbrains/kotlin/diagnostics/rendering/RenderingContext$Key
instanceKlass  @bci org/jetbrains/kotlin/fir/analysis/diagnostics/FirDiagnosticRenderers <clinit> ()V 135 <appendix> argL0 ; # org/jetbrains/kotlin/fir/analysis/diagnostics/FirDiagnosticRenderers$$Lambda+0x000000010065e138
instanceKlass  @bci org/jetbrains/kotlin/fir/analysis/diagnostics/FirDiagnosticRenderers <clinit> ()V 124 <appendix> argL0 ; # org/jetbrains/kotlin/fir/analysis/diagnostics/FirDiagnosticRenderers$$Lambda+0x000000010065df08
instanceKlass  @bci org/jetbrains/kotlin/fir/analysis/diagnostics/FirDiagnosticRenderers <clinit> ()V 113 <appendix> argL0 ; # org/jetbrains/kotlin/fir/analysis/diagnostics/FirDiagnosticRenderers$$Lambda+0x000000010065dcd8
instanceKlass  @bci org/jetbrains/kotlin/fir/analysis/diagnostics/FirDiagnosticRenderers <clinit> ()V 102 <appendix> argL0 ; # org/jetbrains/kotlin/fir/analysis/diagnostics/FirDiagnosticRenderers$$Lambda+0x000000010065daa8
instanceKlass  @bci org/jetbrains/kotlin/fir/analysis/diagnostics/FirDiagnosticRenderers <clinit> ()V 91 <appendix> argL0 ; # org/jetbrains/kotlin/fir/analysis/diagnostics/FirDiagnosticRenderers$$Lambda+0x000000010065d878
instanceKlass  @bci org/jetbrains/kotlin/fir/analysis/diagnostics/FirDiagnosticRenderers <clinit> ()V 80 <appendix> argL0 ; # org/jetbrains/kotlin/fir/analysis/diagnostics/FirDiagnosticRenderers$$Lambda+0x000000010065d648
instanceKlass  @bci org/jetbrains/kotlin/fir/analysis/diagnostics/FirDiagnosticRenderers <clinit> ()V 69 <appendix> argL0 ; # org/jetbrains/kotlin/fir/analysis/diagnostics/FirDiagnosticRenderers$$Lambda+0x000000010065d418
instanceKlass org/jetbrains/kotlin/diagnostics/rendering/DiagnosticParameterRendererKt$ContextDependentRenderer$1
instanceKlass  @bci org/jetbrains/kotlin/fir/analysis/diagnostics/FirDiagnosticRenderers <clinit> ()V 58 <appendix> argL0 ; # org/jetbrains/kotlin/fir/analysis/diagnostics/FirDiagnosticRenderers$$Lambda+0x000000010065cfb0
instanceKlass org/jetbrains/kotlin/diagnostics/rendering/RenderingContext
instanceKlass org/jetbrains/kotlin/fir/analysis/diagnostics/FirDiagnosticRenderers$CALLABLES_FQ_NAMES$1
instanceKlass org/jetbrains/kotlin/fir/analysis/diagnostics/MultiplatformDiagnosticRenderingMode
instanceKlass org/jetbrains/kotlin/fir/analysis/diagnostics/FirDiagnosticRenderers$SYMBOLS_ON_NEWLINE_WITH_INDENT$1
instanceKlass  @bci org/jetbrains/kotlin/fir/analysis/diagnostics/FirDiagnosticRenderers <clinit> ()V 21 <appendix> argL0 ; # org/jetbrains/kotlin/fir/analysis/diagnostics/FirDiagnosticRenderers$$Lambda+0x000000010065c478
instanceKlass  @bci org/jetbrains/kotlin/fir/analysis/diagnostics/FirDiagnosticRenderers <clinit> ()V 10 <appendix> argL0 ; # org/jetbrains/kotlin/fir/analysis/diagnostics/FirDiagnosticRenderers$$Lambda+0x000000010065c248
instanceKlass org/jetbrains/kotlin/fir/analysis/diagnostics/FirDiagnosticRenderers
instanceKlass  @bci org/jetbrains/kotlin/diagnostics/rendering/CommonRenderers <clinit> ()V 65 <appendix> argL0 ; # org/jetbrains/kotlin/diagnostics/rendering/CommonRenderers$$Lambda+0x000000010065be00
instanceKlass  @bci org/jetbrains/kotlin/diagnostics/rendering/CommonRenderers <clinit> ()V 54 <appendix> argL0 ; # org/jetbrains/kotlin/diagnostics/rendering/CommonRenderers$$Lambda+0x000000010065bbd0
instanceKlass  @bci org/jetbrains/kotlin/diagnostics/rendering/CommonRenderers <clinit> ()V 43 <appendix> argL0 ; # org/jetbrains/kotlin/diagnostics/rendering/CommonRenderers$$Lambda+0x000000010065b9a0
instanceKlass  @bci org/jetbrains/kotlin/diagnostics/rendering/CommonRenderers <clinit> ()V 32 <appendix> argL0 ; # org/jetbrains/kotlin/diagnostics/rendering/CommonRenderers$$Lambda+0x000000010065b770
instanceKlass  @bci org/jetbrains/kotlin/diagnostics/rendering/CommonRenderers <clinit> ()V 21 <appendix> argL0 ; # org/jetbrains/kotlin/diagnostics/rendering/CommonRenderers$$Lambda+0x000000010065b540
instanceKlass  @bci org/jetbrains/kotlin/diagnostics/rendering/CommonRenderers <clinit> ()V 10 <appendix> argL0 ; # org/jetbrains/kotlin/diagnostics/rendering/CommonRenderers$$Lambda+0x000000010065b310
instanceKlass org/jetbrains/kotlin/diagnostics/rendering/CommonRenderers
instanceKlass org/jetbrains/kotlin/diagnostics/rendering/LanguageFeatureMessageRenderer
instanceKlass org/jetbrains/kotlin/diagnostics/KtDiagnosticFactoryToRendererMap
instanceKlass org/jetbrains/kotlin/diagnostics/rendering/BaseDiagnosticRendererFactory
instanceKlass org/jetbrains/kotlin/diagnostics/rendering/RootDiagnosticRendererFactory
instanceKlass org/jetbrains/kotlin/diagnostics/rendering/DiagnosticRendererFactory
instanceKlass org/jetbrains/kotlin/diagnostics/KtDiagnosticFactoryForDeprecation
instanceKlass org/jetbrains/kotlin/diagnostics/SimpleKtDiagnosticRenderer
instanceKlass java/text/Format
instanceKlass  @bci org/jetbrains/kotlin/diagnostics/KtDiagnosticRenderers <clinit> ()V 87 <appendix> argL0 ; # org/jetbrains/kotlin/diagnostics/KtDiagnosticRenderers$$Lambda+0x0000000100656248
instanceKlass  @bci org/jetbrains/kotlin/diagnostics/KtDiagnosticRenderers <clinit> ()V 76 <appendix> argL0 ; # org/jetbrains/kotlin/diagnostics/KtDiagnosticRenderers$$Lambda+0x0000000100656018
instanceKlass  @bci org/jetbrains/kotlin/diagnostics/KtDiagnosticRenderers <clinit> ()V 65 <appendix> argL0 ; # org/jetbrains/kotlin/diagnostics/KtDiagnosticRenderers$$Lambda+0x0000000100655de8
instanceKlass  @bci org/jetbrains/kotlin/diagnostics/KtDiagnosticRenderers <clinit> ()V 54 <appendix> argL0 ; # org/jetbrains/kotlin/diagnostics/KtDiagnosticRenderers$$Lambda+0x0000000100655bb8
instanceKlass  @bci org/jetbrains/kotlin/diagnostics/KtDiagnosticRenderers <clinit> ()V 43 <appendix> argL0 ; # org/jetbrains/kotlin/diagnostics/KtDiagnosticRenderers$$Lambda+0x0000000100655988
instanceKlass  @bci org/jetbrains/kotlin/diagnostics/KtDiagnosticRenderers <clinit> ()V 32 <appendix> argL0 ; # org/jetbrains/kotlin/diagnostics/KtDiagnosticRenderers$$Lambda+0x0000000100655758
instanceKlass  @bci org/jetbrains/kotlin/diagnostics/KtDiagnosticRenderers <clinit> ()V 21 <appendix> argL0 ; # org/jetbrains/kotlin/diagnostics/KtDiagnosticRenderers$$Lambda+0x0000000100655528
instanceKlass org/jetbrains/kotlin/diagnostics/rendering/DiagnosticParameterRendererKt$Renderer$1
instanceKlass org/jetbrains/kotlin/diagnostics/rendering/ContextIndependentParameterRenderer
instanceKlass org/jetbrains/kotlin/diagnostics/rendering/DiagnosticParameterRenderer
instanceKlass org/jetbrains/kotlin/diagnostics/rendering/DiagnosticParameterRendererKt
instanceKlass  @bci org/jetbrains/kotlin/diagnostics/KtDiagnosticRenderers <clinit> ()V 10 <appendix> argL0 ; # org/jetbrains/kotlin/diagnostics/KtDiagnosticRenderers$$Lambda+0x0000000100654a60
instanceKlass org/jetbrains/kotlin/diagnostics/KtDiagnosticRenderers
instanceKlass org/jetbrains/kotlin/diagnostics/AbstractKtDiagnosticWithParametersRenderer
instanceKlass org/jetbrains/kotlin/diagnostics/KtDiagnosticRenderer
instanceKlass org/jetbrains/kotlin/diagnostics/PsiPositioningStrategies
instanceKlass org/jetbrains/kotlin/diagnostics/PositioningStrategy
instanceKlass org/jetbrains/kotlin/diagnostics/PositioningStrategies
instanceKlass  @bci org/jetbrains/kotlin/diagnostics/LightTreePositioningStrategies <clinit> ()V 748 <appendix> argL0 ; # org/jetbrains/kotlin/diagnostics/LightTreePositioningStrategies$$Lambda+0x0000000100643010
instanceKlass  @bci org/jetbrains/kotlin/diagnostics/LightTreePositioningStrategies <clinit> ()V 737 <appendix> argL0 ; # org/jetbrains/kotlin/diagnostics/LightTreePositioningStrategies$$Lambda+0x0000000100642ba8
instanceKlass org/jetbrains/kotlin/diagnostics/LightTreePositioningStrategy
instanceKlass org/jetbrains/kotlin/diagnostics/LightTreePositioningStrategies
instanceKlass org/jetbrains/kotlin/diagnostics/AbstractSourceElementPositioningStrategy
instanceKlass org/jetbrains/kotlin/diagnostics/SourceElementPositioningStrategies
instanceKlass org/jetbrains/kotlin/diagnostics/AbstractKtDiagnosticFactory
instanceKlass org/jetbrains/kotlin/fir/analysis/diagnostics/FirErrors
instanceKlass org/jetbrains/kotlin/fir/declarations/ImplicitReceivers
instanceKlass org/jetbrains/kotlin/fir/analysis/jvm/FirJvmNamesChecker
instanceKlass org/jetbrains/kotlin/fir/types/FirMissingDependencyStorageKt
instanceKlass org/jetbrains/kotlin/fir/analysis/checkers/FirMissingDependencySupertypeUtilsKt
instanceKlass  @bci org/jetbrains/kotlin/fir/analysis/checkers/declaration/FirCyclicTypeBoundsChecker check (Lorg/jetbrains/kotlin/fir/declarations/FirDeclaration;Lorg/jetbrains/kotlin/fir/analysis/checkers/context/CheckerContext;Lorg/jetbrains/kotlin/diagnostics/DiagnosticReporter;)V 322 <appendix> member <vmtarget> ; # org/jetbrains/kotlin/fir/analysis/checkers/declaration/FirCyclicTypeBoundsChecker$$Lambda+0x000000010063e8a0
instanceKlass org/jetbrains/kotlin/fir/analysis/checkers/declaration/FirExposedVisibilityDeclarationChecker$WhenMappings
instanceKlass org/jetbrains/kotlin/fir/analysis/checkers/FirUpperBoundViolatedHelpersKt
instanceKlass org/jetbrains/kotlin/diagnostics/LightTreePositioningStrategiesKt
instanceKlass org/jetbrains/kotlin/fir/analysis/checkers/LightTreeSourceNavigator
instanceKlass org/jetbrains/kotlin/fir/analysis/checkers/SourceNavigator$Companion
instanceKlass org/jetbrains/kotlin/fir/analysis/checkers/SourceNavigator
instanceKlass org/jetbrains/kotlin/fir/analysis/checkers/declaration/FirEnumCompanionInEnumConstructorCallChecker$WhenMappings
instanceKlass  @bci org/jetbrains/kotlin/fir/declarations/DeclarationUtilsKt constructors (Lorg/jetbrains/kotlin/fir/declarations/FirClass;Lorg/jetbrains/kotlin/fir/FirSession;)Ljava/util/List; 30 <appendix> member <vmtarget> ; # org/jetbrains/kotlin/fir/declarations/DeclarationUtilsKt$$Lambda+0x000000010063d278
instanceKlass org/jetbrains/kotlin/fir/analysis/checkers/declaration/FirMemberPropertiesCheckerKt
instanceKlass org/jetbrains/kotlin/kotlinx/collections/immutable/implementations/immutableMap/MapEntry
instanceKlass org/jetbrains/kotlin/kotlinx/collections/immutable/implementations/persistentOrderedMap/PersistentOrderedMapLinksIterator
instanceKlass org/jetbrains/kotlin/kotlinx/collections/immutable/implementations/persistentOrderedMap/PersistentOrderedMapEntriesIterator
instanceKlass org/jetbrains/kotlin/fir/analysis/cfa/util/PathAwareControlFlowGraphVisitorKt
instanceKlass org/jetbrains/kotlin/fir/analysis/cfa/util/CfgTraverserKt
instanceKlass org/jetbrains/kotlin/fir/resolve/dfa/cfg/ControlFlowGraphVisitor
instanceKlass org/jetbrains/kotlin/fir/analysis/cfa/VariableInitializationCheckProcessorKt$WhenMappings
instanceKlass org/jetbrains/kotlin/fir/analysis/cfa/VariableInitializationCheckProcessorKt
instanceKlass org/jetbrains/kotlin/fir/analysis/cfa/VariableInitializationCheckProcessor
instanceKlass  @bci org/jetbrains/kotlin/fir/analysis/cfa/util/PropertyInitializationInfoData <init> (Ljava/util/Set;Ljava/util/Set;Lorg/jetbrains/kotlin/fir/symbols/FirBasedSymbol;Lorg/jetbrains/kotlin/fir/resolve/dfa/cfg/ControlFlowGraph;)V 49 <appendix> member <vmtarget> ; # org/jetbrains/kotlin/fir/analysis/cfa/util/PropertyInitializationInfoData$$Lambda+0x0000000100638d20
instanceKlass org/jetbrains/kotlin/fir/analysis/cfa/util/VariableInitializationInfoData
instanceKlass org/jetbrains/kotlin/fir/analysis/cfa/FirPropertyInitializationAnalyzerKt
instanceKlass org/jetbrains/kotlin/fir/analysis/checkers/FirModifier
instanceKlass org/jetbrains/kotlin/fir/analysis/checkers/FirModifierList
instanceKlass org/jetbrains/kotlin/fir/analysis/checkers/FirKeywordUtilsKt
instanceKlass org/jetbrains/kotlin/fir/java/JavaSymbolProviderKt
instanceKlass org/jetbrains/kotlin/resolve/InlineClassesUtilsKt
instanceKlass org/jetbrains/kotlin/fir/analysis/checkers/FirHelpersKt
instanceKlass org/jetbrains/kotlin/fir/types/AbbreviatedTypeAttributeKt
instanceKlass org/jetbrains/kotlin/fir/analysis/checkers/declaration/DeclarationUtilsKt
instanceKlass org/jetbrains/kotlin/fir/java/JvmDefaultModeContainerKt
instanceKlass org/jetbrains/kotlin/fir/analysis/checkers/FirAnnotationHelpersKt
instanceKlass  @bci org/jetbrains/kotlin/fir/analysis/checkers/declaration/FirAnnotationChecker checkDeclaredRepeatedAnnotations (Lorg/jetbrains/kotlin/fir/FirAnnotationContainer;Lorg/jetbrains/kotlin/fir/analysis/checkers/context/CheckerContext;Lorg/jetbrains/kotlin/diagnostics/DiagnosticReporter;)V 9 <appendix> argL0 ; # org/jetbrains/kotlin/fir/analysis/checkers/declaration/FirAnnotationChecker$$Lambda+0x0000000100633e30
instanceKlass org/jetbrains/kotlin/fir/analysis/checkers/FirUnderscoreHelpersKt
instanceKlass org/jetbrains/kotlin/fir/analysis/checkers/declaration/FirTopLevelPropertiesCheckerKt
instanceKlass org/jetbrains/kotlin/fir/analysis/checkers/context/CheckerContext
instanceKlass org/jetbrains/kotlin/fir/analysis/collectors/components/ControlFlowAnalysisDiagnosticComponent$WhenMappings
instanceKlass org/jetbrains/kotlin/fir/analysis/collectors/components/TypeCheckersDiagnosticComponent$WhenMappings
instanceKlass org/jetbrains/kotlin/fir/analysis/collectors/components/ExpressionCheckersDiagnosticComponent$WhenMappings
instanceKlass org/jetbrains/kotlin/fir/analysis/collectors/components/DeclarationCheckersDiagnosticComponent$WhenMappings
instanceKlass  @bci org/jetbrains/kotlin/fir/analysis/collectors/components/DiagnosticComponentsFactory create (Lorg/jetbrains/kotlin/fir/FirSession;Lorg/jetbrains/kotlin/fir/resolve/ScopeSession;Lorg/jetbrains/kotlin/fir/analysis/checkers/MppCheckerKind;)Lorg/jetbrains/kotlin/fir/analysis/collectors/SimpleDiagnosticsCollector; 26 <appendix> member <vmtarget> ; # org/jetbrains/kotlin/fir/analysis/collectors/components/DiagnosticComponentsFactory$$Lambda+0x000000010062d010
instanceKlass org/jetbrains/kotlin/fir/analysis/collectors/DiagnosticCollectorComponents
instanceKlass org/jetbrains/kotlin/fir/analysis/collectors/AbstractDiagnosticCollector$Companion
instanceKlass org/jetbrains/kotlin/fir/analysis/collectors/AbstractDiagnosticCollector
instanceKlass org/jetbrains/kotlin/fir/analysis/collectors/components/DiagnosticComponentsFactory
instanceKlass org/jetbrains/kotlin/descriptors/ValueClassRepresentation
instanceKlass  @bci org/jetbrains/kotlin/fir/resolve/transformers/PublishedApiEffectiveVisibilityKt setLazyPublishedVisibility (Lorg/jetbrains/kotlin/fir/declarations/FirMemberDeclaration;ZLorg/jetbrains/kotlin/fir/declarations/FirProperty;Lorg/jetbrains/kotlin/fir/FirSession;)V 24 <appendix> member <vmtarget> ; # org/jetbrains/kotlin/fir/resolve/transformers/PublishedApiEffectiveVisibilityKt$$Lambda+0x000000010062b030
instanceKlass org/jetbrains/kotlin/resolve/deprecation/CommonDeprecationUtilsKt$WhenMappings
instanceKlass org/jetbrains/kotlin/resolve/deprecation/CommonDeprecationUtilsKt
instanceKlass  @bci org/jetbrains/kotlin/fir/types/ConeIntegerLiteralConstantTypeImpl <init> (JLjava/util/Collection;ZLorg/jetbrains/kotlin/fir/types/ConeNullability;)V 29 <appendix> member <vmtarget> ; # org/jetbrains/kotlin/fir/types/ConeIntegerLiteralConstantTypeImpl$$Lambda+0x00000001006296f8
instanceKlass  @bci org/jetbrains/kotlin/fir/resolve/transformers/body/resolve/FirExpressionsResolveTransformer transformLiteralExpression (Lorg/jetbrains/kotlin/fir/expressions/FirLiteralExpression;Lorg/jetbrains/kotlin/fir/resolve/ResolutionMode;)Lorg/jetbrains/kotlin/fir/expressions/FirStatement; 98 <appendix> member <vmtarget> ; # org/jetbrains/kotlin/fir/resolve/transformers/body/resolve/FirExpressionsResolveTransformer$$Lambda+0x00000001006294c0
instanceKlass kotlin/ranges/LongRange$Companion
instanceKlass kotlin/ranges/LongProgression$Companion
instanceKlass kotlin/ranges/LongProgression
instanceKlass org/jetbrains/kotlin/fir/types/ConeIntegerLiteralConstantTypeImpl$Companion
instanceKlass org/jetbrains/kotlin/fir/types/ConeIntegerLiteralType$Companion
instanceKlass org/jetbrains/kotlin/fir/declarations/FirDeprecationInfo
instanceKlass org/jetbrains/kotlin/fir/java/deserialization/AnnotationsLoader$AnnotationsLoaderVisitorImpl$visitAnnotation$1
instanceKlass org/jetbrains/kotlin/fir/types/ConeRawType$Companion
instanceKlass  @bci org/jetbrains/kotlin/fir/types/ConeInferenceContext replaceArguments (Lorg/jetbrains/kotlin/types/model/SimpleTypeMarker;Lkotlin/jvm/functions/Function1;)Lorg/jetbrains/kotlin/types/model/SimpleTypeMarker; 42 <appendix> member <vmtarget> ; # org/jetbrains/kotlin/fir/types/ConeInferenceContext$$Lambda+0x0000000100626bf0
instanceKlass  @bci org/jetbrains/kotlin/types/model/TypeSystemInferenceExtensionContext replaceArgumentsDeeply (Lorg/jetbrains/kotlin/types/model/SimpleTypeMarker;Lkotlin/jvm/functions/Function1;)Lorg/jetbrains/kotlin/types/model/SimpleTypeMarker; 16 <appendix> member <vmtarget> ; # org/jetbrains/kotlin/types/model/TypeSystemInferenceExtensionContext$$Lambda+0x00000001006269b8
instanceKlass  @bci org/jetbrains/kotlin/fir/types/TypeUtilsKt eraseArgumentsDeeply (Lorg/jetbrains/kotlin/types/model/SimpleTypeMarker;Lorg/jetbrains/kotlin/fir/types/ConeInferenceContext;Ljava/util/Map;Lorg/jetbrains/kotlin/fir/types/EraseUpperBoundMode;)Lorg/jetbrains/kotlin/fir/types/ConeKotlinType; 13 <appendix> member <vmtarget> ; # org/jetbrains/kotlin/fir/types/TypeUtilsKt$$Lambda+0x0000000100626780
instanceKlass org/jetbrains/kotlin/fir/diagnostics/ConeRecursiveTypeParameterDuringErasureError
instanceKlass org/jetbrains/kotlin/kotlinx/collections/immutable/internal/DeltaCounter
instanceKlass org/jetbrains/kotlin/fir/expressions/builder/FirSamConversionExpressionBuilder
instanceKlass  @bci org/jetbrains/kotlin/fir/types/ConeTypeIntersector intersectTypes (Lorg/jetbrains/kotlin/fir/types/ConeInferenceContext;Ljava/util/Collection;)Lorg/jetbrains/kotlin/fir/types/ConeKotlinType; 994 <appendix> member <vmtarget> ; # org/jetbrains/kotlin/fir/types/ConeTypeIntersector$$Lambda+0x0000000100624678
instanceKlass org/jetbrains/kotlin/fir/resolve/inference/ReturnArgumentsAnalysisResult
instanceKlass org/jetbrains/kotlin/fir/resolve/dfa/cfg/FirAnonymousFunctionReturnExpressionInfo
instanceKlass  @bci org/jetbrains/kotlin/fir/resolve/calls/FirSyntheticPropertiesScope processPropertiesByName (Lorg/jetbrains/kotlin/name/Name;Lkotlin/jvm/functions/Function1;)V 107 <appendix> member <vmtarget> ; # org/jetbrains/kotlin/fir/resolve/calls/FirSyntheticPropertiesScope$$Lambda+0x0000000100623470
instanceKlass org/jetbrains/kotlin/contracts/description/EventOccurrencesRangeKt
instanceKlass  @bci org/jetbrains/kotlin/fir/resolve/transformers/body/resolve/FirDeclarationsResolveTransformer transformAnonymousFunctionBody (Lorg/jetbrains/kotlin/fir/declarations/FirAnonymousFunction;Lorg/jetbrains/kotlin/fir/types/FirTypeRef;Lorg/jetbrains/kotlin/fir/resolve/ResolutionMode;)Lorg/jetbrains/kotlin/fir/declarations/FirAnonymousFunction; 48 <appendix> member <vmtarget> ; # org/jetbrains/kotlin/fir/resolve/transformers/body/resolve/FirDeclarationsResolveTransformer$$Lambda+0x0000000100623020
instanceKlass  @bci org/jetbrains/kotlin/fir/resolve/inference/FirCallCompleter$LambdaAnalyzerImpl analyzeAndGetLambdaReturnArguments (Lorg/jetbrains/kotlin/fir/resolve/calls/ConeResolvedLambdaAtom;Lorg/jetbrains/kotlin/fir/types/ConeKotlinType;Ljava/util/List;Ljava/util/List;Lorg/jetbrains/kotlin/fir/types/ConeKotlinType;Lorg/jetbrains/kotlin/fir/resolve/calls/candidate/Candidate;ZZ)Lorg/jetbrains/kotlin/fir/resolve/inference/ReturnArgumentsAnalysisResult; 2122 <appendix> member <vmtarget> ; # org/jetbrains/kotlin/fir/resolve/inference/FirCallCompleter$LambdaAnalyzerImpl$$Lambda+0x0000000100622de8
instanceKlass  @bci org/jetbrains/kotlin/resolve/calls/inference/model/NewConstraintSystemImpl canBeProper (Lorg/jetbrains/kotlin/types/model/KotlinTypeMarker;)Z 20 <appendix> member <vmtarget> ; # org/jetbrains/kotlin/resolve/calls/inference/model/NewConstraintSystemImpl$$Lambda+0x0000000100622990
instanceKlass  @bci org/jetbrains/kotlin/resolve/calls/inference/model/NewConstraintSystemImpl containsOnlyFixedVariables (Lorg/jetbrains/kotlin/types/model/KotlinTypeMarker;)Z 20 <appendix> member <vmtarget> ; # org/jetbrains/kotlin/resolve/calls/inference/model/NewConstraintSystemImpl$$Lambda+0x0000000100622758
instanceKlass  @bci org/jetbrains/kotlin/resolve/checkers/EmptyIntersectionTypeChecker computeByHavingCommonSubtype (Lorg/jetbrains/kotlin/types/model/TypeSystemInferenceExtensionContext;Lorg/jetbrains/kotlin/types/model/KotlinTypeMarker;Lorg/jetbrains/kotlin/types/model/KotlinTypeMarker;)Lorg/jetbrains/kotlin/resolve/checkers/EmptyIntersectionTypeInfo; 22 <appendix> member <vmtarget> ; # org/jetbrains/kotlin/resolve/checkers/EmptyIntersectionTypeChecker$$Lambda+0x0000000100622520
instanceKlass  @bci org/jetbrains/kotlin/fir/types/ConeInferenceContext eraseContainingTypeParameters (Lorg/jetbrains/kotlin/types/model/KotlinTypeMarker;)Lorg/jetbrains/kotlin/types/model/KotlinTypeMarker; 134 <appendix> member <vmtarget> ; # org/jetbrains/kotlin/fir/types/ConeInferenceContext$$Lambda+0x00000001006222e8
instanceKlass  @bci org/jetbrains/kotlin/types/model/TypeSystemInferenceExtensionContext extractTypeParameters (Lorg/jetbrains/kotlin/types/model/KotlinTypeMarker;)Ljava/util/Set; 55 <appendix> member <vmtarget> ; # org/jetbrains/kotlin/types/model/TypeSystemInferenceExtensionContext$$Lambda+0x00000001006220b0
instanceKlass  @bci org/jetbrains/kotlin/resolve/checkers/EmptyIntersectionTypeChecker computeEmptyIntersectionEmptiness (Lorg/jetbrains/kotlin/types/model/TypeSystemInferenceExtensionContext;Ljava/util/Collection;)Lorg/jetbrains/kotlin/resolve/checkers/EmptyIntersectionTypeInfo; 91 <appendix> member <vmtarget> ; # org/jetbrains/kotlin/resolve/checkers/EmptyIntersectionTypeChecker$$Lambda+0x0000000100621e78
instanceKlass org/jetbrains/kotlin/resolve/checkers/EmptyIntersectionTypeChecker
instanceKlass org/jetbrains/kotlin/resolve/calls/model/PostponedCallableReferenceMarker
instanceKlass org/jetbrains/kotlin/resolve/calls/model/PostponedAtomWithRevisableExpectedType
instanceKlass org/jetbrains/kotlin/fir/resolve/TypeAttributeUtilsKt
instanceKlass org/jetbrains/kotlin/builtins/functions/FunctionTypeKindExtractor$KindWithArity
instanceKlass org/jetbrains/kotlin/fir/resolve/inference/InferenceUtilsKt
instanceKlass org/jetbrains/kotlin/fir/resolve/SAMInfo
instanceKlass  @bci org/jetbrains/kotlin/fir/resolve/SamResolutionKt findSingleAbstractMethodByNames (Lorg/jetbrains/kotlin/fir/declarations/FirRegularClass;Lorg/jetbrains/kotlin/fir/FirSession;Lorg/jetbrains/kotlin/fir/resolve/ScopeSession;Ljava/util/Set;)Lorg/jetbrains/kotlin/fir/declarations/FirSimpleFunction; 99 <appendix> member <vmtarget> ; # org/jetbrains/kotlin/fir/resolve/SamResolutionKt$$Lambda+0x0000000100620470
instanceKlass org/jetbrains/kotlin/fir/java/scopes/JavaClassUseSiteMemberScope$collectProperties$$inlined$collectIntersectionResultsForCallables$1
instanceKlass  @bci org/jetbrains/kotlin/fir/java/scopes/JavaClassUseSiteMemberScope collectProperties (Lorg/jetbrains/kotlin/name/Name;)Ljava/util/Collection; 50 <appendix> member <vmtarget> ; # org/jetbrains/kotlin/fir/java/scopes/JavaClassUseSiteMemberScope$$Lambda+0x0000000100620000
instanceKlass  @bci org/jetbrains/kotlin/fir/resolve/SamResolutionKt findSingleAbstractMethodByNames (Lorg/jetbrains/kotlin/fir/declarations/FirRegularClass;Lorg/jetbrains/kotlin/fir/FirSession;Lorg/jetbrains/kotlin/fir/resolve/ScopeSession;Ljava/util/Set;)Lorg/jetbrains/kotlin/fir/declarations/FirSimpleFunction; 75 <appendix> member <vmtarget> ; # org/jetbrains/kotlin/fir/resolve/SamResolutionKt$$Lambda+0x000000010061d400
instanceKlass org/jetbrains/kotlin/fir/resolve/inference/CalculatorForNestedCall$FixationDirectionForVariable
instanceKlass org/jetbrains/kotlin/fir/resolve/inference/CalculatorForNestedCall$WhenMappings
instanceKlass  @bci org/jetbrains/kotlin/fir/resolve/inference/CalculatorForNestedCall computeDirections (Lorg/jetbrains/kotlin/resolve/calls/inference/components/ConstraintSystemCompletionContext;)V 47 <appendix> member <vmtarget> ; # org/jetbrains/kotlin/fir/resolve/inference/CalculatorForNestedCall$$Lambda+0x000000010061ef68
instanceKlass  @bci org/jetbrains/kotlin/fir/resolve/inference/CalculatorForNestedCall <init> (Lorg/jetbrains/kotlin/fir/resolve/calls/candidate/Candidate;Lorg/jetbrains/kotlin/fir/types/ConeKotlinType;Lorg/jetbrains/kotlin/resolve/calls/inference/components/ConstraintSystemCompletionContext;Lorg/jetbrains/kotlin/resolve/calls/inference/components/TrivialConstraintTypeInferenceOracle;)V 96 <appendix> member <vmtarget> ; # org/jetbrains/kotlin/fir/resolve/inference/CalculatorForNestedCall$$Lambda+0x000000010061ed30
instanceKlass org/jetbrains/kotlin/fir/resolve/inference/CalculatorForNestedCall
instanceKlass org/jetbrains/kotlin/fir/resolve/dfa/FirLocalVariableAssignmentAnalyzer$Companion$Fork
instanceKlass org/jetbrains/kotlin/fir/resolve/dfa/FirLocalVariableAssignmentAnalyzer$Companion$MiniFlow$Companion
instanceKlass org/jetbrains/kotlin/fir/resolve/dfa/FirLocalVariableAssignmentAnalyzer$Companion$MiniFlow
instanceKlass org/jetbrains/kotlin/fir/resolve/dfa/FirLocalVariableAssignmentAnalyzer$Companion$MiniCfgBuilder$MiniCfgData
instanceKlass org/jetbrains/kotlin/fir/resolve/ImplicitReceiverStackKt
instanceKlass org/jetbrains/kotlin/fir/resolve/calls/stages/ReceiverDescription
instanceKlass  @bci org/jetbrains/kotlin/fir/resolve/FirDefaultParametersResolver declaresDefaultValue (Lorg/jetbrains/kotlin/fir/FirSession;Lorg/jetbrains/kotlin/fir/resolve/ScopeSession;Lorg/jetbrains/kotlin/fir/declarations/FirFunction;Lorg/jetbrains/kotlin/fir/scopes/FirScope;I)Z 141 <appendix> member <vmtarget> ; # org/jetbrains/kotlin/fir/resolve/FirDefaultParametersResolver$$Lambda+0x000000010061ae90
instanceKlass  @cpi org/jetbrains/kotlin/fir/resolve/FirDefaultParametersResolver 124 form vmentry <vmtarget> ; # java/lang/invoke/LambdaForm$DMH+0x000000010061d000
instanceKlass  @bci org/jetbrains/kotlin/fir/java/FirJavaFacade createFirJavaClass (Lorg/jetbrains/kotlin/load/java/structure/JavaClass;Lorg/jetbrains/kotlin/fir/symbols/impl/FirRegularClassSymbol;Lorg/jetbrains/kotlin/fir/symbols/impl/FirRegularClassSymbol;Lorg/jetbrains/kotlin/name/ClassId;Lorg/jetbrains/kotlin/fir/java/MutableJavaTypeParameterStack;)Lorg/jetbrains/kotlin/fir/java/declarations/FirJavaClass; 1893 <appendix> member <vmtarget> ; # org/jetbrains/kotlin/fir/java/FirJavaFacade$$Lambda+0x000000010061ac58
instanceKlass  @bci org/jetbrains/kotlin/fir/java/FirJavaFacade convertJavaAnnotationMethodToValueParameter (Lorg/jetbrains/kotlin/load/java/structure/JavaMethod;Lorg/jetbrains/kotlin/fir/java/declarations/FirJavaMethod;Lorg/jetbrains/kotlin/fir/FirModuleData;)Lorg/jetbrains/kotlin/fir/java/declarations/FirJavaValueParameter; 126 <appendix> argL0 ; # org/jetbrains/kotlin/fir/java/FirJavaFacade$$Lambda+0x000000010061aa28
instanceKlass  @bci org/jetbrains/kotlin/load/java/structure/impl/classFiles/AnnotationsAndParameterCollectorMethodVisitor visitAnnotationDefault ()Lorg/jetbrains/org/objectweb/asm/AnnotationVisitor; 13 <appendix> member <vmtarget> ; # org/jetbrains/kotlin/load/java/structure/impl/classFiles/AnnotationsAndParameterCollectorMethodVisitor$$Lambda+0x000000010061a5d0
instanceKlass  @bci org/jetbrains/kotlin/fir/resolve/dfa/FirDataFlowAnalyzer exitElvis$lambda$62 (ZLorg/jetbrains/kotlin/fir/expressions/FirElvisExpression;Lorg/jetbrains/kotlin/fir/resolve/dfa/FirDataFlowAnalyzer;Lorg/jetbrains/kotlin/fir/resolve/dfa/cfg/ElvisExitNode;Lorg/jetbrains/kotlin/fir/resolve/dfa/FlowPath;Lorg/jetbrains/kotlin/fir/resolve/dfa/MutableFlow;)Lkotlin/Unit; 26 <appendix> member <vmtarget> ; # org/jetbrains/kotlin/fir/resolve/dfa/FirDataFlowAnalyzer$$Lambda+0x000000010061a398
instanceKlass org/jetbrains/kotlin/kotlinx/collections/immutable/implementations/persistentOrderedSet/PersistentOrderedSetIterator
instanceKlass org/jetbrains/kotlin/kotlinx/collections/immutable/implementations/immutableMap/TrieNodeBaseIterator
instanceKlass org/jetbrains/kotlin/kotlinx/collections/immutable/implementations/immutableMap/PersistentHashMapBaseIterator
instanceKlass  @bci org/jetbrains/kotlin/fir/resolve/dfa/FirDataFlowAnalyzer exitElvis (Lorg/jetbrains/kotlin/fir/expressions/FirElvisExpression;ZZ)V 29 <adapter> ; # java/lang/invoke/LambdaForm$MH+0x000000010061cc00
# instanceKlass java/lang/invoke/LambdaForm$DMH+0x000000010061c800
instanceKlass  @bci org/jetbrains/kotlin/fir/resolve/dfa/FirDataFlowAnalyzer exitElvis (Lorg/jetbrains/kotlin/fir/expressions/FirElvisExpression;ZZ)V 29 <appendix> form vmentry <vmtarget> ; # java/lang/invoke/LambdaForm$DMH+0x000000010061c400
instanceKlass  @bci org/jetbrains/kotlin/fir/resolve/dfa/FirDataFlowAnalyzer exitElvis (Lorg/jetbrains/kotlin/fir/expressions/FirElvisExpression;ZZ)V 29 <appendix> member <vmtarget> ; # org/jetbrains/kotlin/fir/resolve/dfa/FirDataFlowAnalyzer$$Lambda+0x0000000100618220
instanceKlass  @cpi org/jetbrains/kotlin/fir/resolve/dfa/FirDataFlowAnalyzer 2326 form vmentry <vmtarget> ; # java/lang/invoke/LambdaForm$DMH+0x000000010061c000
instanceKlass org/jetbrains/kotlin/types/AbstractFlexibilityChecker
instanceKlass org/jetbrains/kotlin/resolve/calls/inference/components/ResultTypeResolver$sinkIntegerLiteralTypes$1$containsILT$1
instanceKlass org/jetbrains/kotlin/name/StandardClassIds$Collections
instanceKlass org/jetbrains/kotlin/fir/types/ConeFlexibleTypeBoundsChecker
instanceKlass  @bci org/jetbrains/kotlin/fir/java/scopes/JavaClassStaticUseSiteScope computeFunctions$lambda$3 (Ljava/util/List;Ljava/util/List;Lorg/jetbrains/kotlin/fir/java/scopes/JavaClassStaticUseSiteScope;Lorg/jetbrains/kotlin/fir/symbols/impl/FirNamedFunctionSymbol;)Lkotlin/Unit; 44 <appendix> member <vmtarget> ; # org/jetbrains/kotlin/fir/java/scopes/JavaClassStaticUseSiteScope$$Lambda+0x0000000100616390
instanceKlass  @bci org/jetbrains/kotlin/fir/resolve/dfa/FirDataFlowAnalyzer exitElvisLhs (Lorg/jetbrains/kotlin/fir/expressions/FirElvisExpression;)V 79 <appendix> member <vmtarget> ; # org/jetbrains/kotlin/fir/resolve/dfa/FirDataFlowAnalyzer$$Lambda+0x0000000100615e80
instanceKlass org/jetbrains/kotlin/kotlinx/collections/immutable/PersistentSet$Builder
instanceKlass org/jetbrains/kotlin/fir/resolve/dfa/ModelKt
instanceKlass  @bci org/jetbrains/kotlin/fir/resolve/dfa/FirDataFlowAnalyzer getOrCreateVariableIfRealAndStable (Lorg/jetbrains/kotlin/fir/resolve/dfa/Flow;Lorg/jetbrains/kotlin/fir/FirElement;)Lorg/jetbrains/kotlin/fir/resolve/dfa/DataFlowVariable; 7 <appendix> member <vmtarget> ; # org/jetbrains/kotlin/fir/resolve/dfa/FirDataFlowAnalyzer$$Lambda+0x0000000100614a10
instanceKlass  @bci org/jetbrains/kotlin/fir/resolve/dfa/FirDataFlowAnalyzer exitElvisLhs (Lorg/jetbrains/kotlin/fir/expressions/FirElvisExpression;)V 62 <appendix> member <vmtarget> ; # org/jetbrains/kotlin/fir/resolve/dfa/FirDataFlowAnalyzer$$Lambda+0x00000001006147d8
instanceKlass org/jetbrains/kotlin/fir/java/declarations/FirJavaMethodKt$buildJavaMethodCopy$1
instanceKlass org/jetbrains/kotlin/fir/java/scopes/JavaClassUseSiteMemberScope$doesOverrideRenamedBuiltins$$inlined$collectMembersGroupedByScope$1
instanceKlass org/jetbrains/kotlin/fir/java/scopes/BuiltinMethodsWithDifferentJvmName
instanceKlass org/jetbrains/kotlin/fir/java/scopes/JavaScopeUtilsKt$firstOverriddenCallable$1
instanceKlass  @bci org/jetbrains/kotlin/fir/java/scopes/JavaScopeUtilsKt getOverriddenBuiltinWithDifferentJvmName (Lorg/jetbrains/kotlin/fir/symbols/impl/FirCallableSymbol;Lorg/jetbrains/kotlin/fir/scopes/FirTypeScope;Lorg/jetbrains/kotlin/fir/FirSession;)Lorg/jetbrains/kotlin/fir/symbols/impl/FirCallableSymbol; 71 <appendix> member <vmtarget> ; # org/jetbrains/kotlin/fir/java/scopes/JavaScopeUtilsKt$$Lambda+0x0000000100613080
instanceKlass org/jetbrains/kotlin/fir/java/scopes/JavaScopeUtilsKt
instanceKlass  @bci org/jetbrains/kotlin/fir/scopes/jvm/JvmMappedScope processFunctionsByName$lambda$13 (Ljava/util/List;Lorg/jetbrains/kotlin/fir/scopes/jvm/JvmMappedScope;Lorg/jetbrains/kotlin/name/Name;)Ljava/util/Set; 110 <appendix> member <vmtarget> ; # org/jetbrains/kotlin/fir/scopes/jvm/JvmMappedScope$$Lambda+0x0000000100612c30
instanceKlass org/jetbrains/kotlin/fir/scopes/FirPlatformDeclarationFilter
instanceKlass org/jetbrains/kotlin/fir/scopes/jvm/FirJvmPlatformDeclarationFilter
instanceKlass org/jetbrains/kotlin/fir/scopes/FirTypeScopeKt$anyOverriddenOf$$inlined$anyOverriddenOf$1
instanceKlass  @bci org/jetbrains/kotlin/fir/java/scopes/JavaClassUseSiteMemberScope computeJvmDescriptor (Lorg/jetbrains/kotlin/fir/declarations/FirFunction;Ljava/lang/String;Z)Ljava/lang/String; 5 <appendix> member <vmtarget> ; # org/jetbrains/kotlin/fir/java/scopes/JavaClassUseSiteMemberScope$$Lambda+0x00000001006119e8
instanceKlass org/jetbrains/kotlin/fir/java/scopes/JavaClassUseSiteMemberScope$shouldBeVisibleAsOverrideOfBuiltInWithErasedValueParameters$$inlined$collectIntersectionResultsForCallables$1
instanceKlass java/security/CodeSigner
instanceKlass  @bci org/jetbrains/kotlin/fir/scopes/jvm/JvmMappedScope processFunctionsByName (Lorg/jetbrains/kotlin/name/Name;Lkotlin/jvm/functions/Function1;)V 111 <appendix> member <vmtarget> ; # org/jetbrains/kotlin/fir/scopes/jvm/JvmMappedScope$$Lambda+0x0000000100611578
instanceKlass  @bci org/jetbrains/kotlin/fir/scopes/jvm/JvmMappedScope processFunctionsByName (Lorg/jetbrains/kotlin/name/Name;Lkotlin/jvm/functions/Function1;)V 44 <appendix> member <vmtarget> ; # org/jetbrains/kotlin/fir/scopes/jvm/JvmMappedScope$$Lambda+0x0000000100611340
instanceKlass  @bci org/jetbrains/kotlin/fir/scopes/jvm/JvmMappedScope processFunctionsByName (Lorg/jetbrains/kotlin/name/Name;Lkotlin/jvm/functions/Function1;)V 33 <appendix> member <vmtarget> ; # org/jetbrains/kotlin/fir/scopes/jvm/JvmMappedScope$$Lambda+0x0000000100611108
instanceKlass  @bci org/jetbrains/kotlin/fir/scopes/impl/FirClassSubstitutionScope processClassifiersByNameWithSubstitution (Lorg/jetbrains/kotlin/name/Name;Lkotlin/jvm/functions/Function2;)V 19 <appendix> member <vmtarget> ; # org/jetbrains/kotlin/fir/scopes/impl/FirClassSubstitutionScope$$Lambda+0x0000000100610ed0
instanceKlass org/jetbrains/kotlin/fir/scopes/impl/FirOverrideUtilsKt
instanceKlass org/jetbrains/kotlin/fir/scopes/impl/FirTypeIntersectionScopeContext$WhenMappings
instanceKlass  @bci org/jetbrains/kotlin/fir/scopes/impl/FirTypeIntersectionScopeContext$ResultOfIntersection$NonTrivial <init> (Lorg/jetbrains/kotlin/fir/scopes/impl/FirTypeIntersectionScopeContext;Ljava/util/List;Ljava/util/List;Lorg/jetbrains/kotlin/fir/scopes/FirTypeScope;Z)V 44 <appendix> member <vmtarget> ; # org/jetbrains/kotlin/fir/scopes/impl/FirTypeIntersectionScopeContext$ResultOfIntersection$NonTrivial$$Lambda+0x00000001006103c8
instanceKlass  @bci org/jetbrains/kotlin/fir/declarations/DeclarationUtilsKt nonSubsumed (Ljava/util/Collection;)Ljava/util/List; 166 <appendix> member <vmtarget> ; # org/jetbrains/kotlin/fir/declarations/DeclarationUtilsKt$$Lambda+0x0000000100609d70
instanceKlass org/jetbrains/kotlin/fir/scopes/FirOverrideService$MemberWithBaseScopeAndReturnType
instanceKlass  @bci org/jetbrains/kotlin/fir/scopes/impl/FirClassSubstitutionScope processPropertiesByName (Lorg/jetbrains/kotlin/name/Name;Lkotlin/jvm/functions/Function1;)V 19 <appendix> member <vmtarget> ; # org/jetbrains/kotlin/fir/scopes/impl/FirClassSubstitutionScope$$Lambda+0x00000001006096e8
instanceKlass org/jetbrains/kotlin/fir/resolve/SupertypeUtilsKt$WhenMappings
instanceKlass org/jetbrains/kotlin/fir/resolve/dfa/cfg/ControlFlowGraphBuilder$exitClass$$inlined$sortedBy$1
instanceKlass org/jetbrains/kotlin/fir/resolve/dfa/FirControlFlowGraphReferenceImplKt
instanceKlass org/jetbrains/kotlin/fir/resolve/calls/SyntheticsKt
instanceKlass org/jetbrains/kotlin/fir/declarations/synthetic/FirSyntheticPropertyBuilderKt
instanceKlass  @bci org/jetbrains/kotlin/fir/resolve/calls/FirSyntheticPropertiesScope buildSyntheticProperty (Lorg/jetbrains/kotlin/name/Name;Lorg/jetbrains/kotlin/fir/declarations/FirSimpleFunction;Lorg/jetbrains/kotlin/fir/declarations/FirSimpleFunction;Lorg/jetbrains/kotlin/fir/resolve/calls/FirSyntheticPropertiesScope$SyntheticGetterCompatibility;Z)Lorg/jetbrains/kotlin/fir/declarations/synthetic/FirSyntheticProperty; 227 <appendix> member <vmtarget> ; # org/jetbrains/kotlin/fir/resolve/calls/FirSyntheticPropertiesScope$$Lambda+0x000000010060aee8
instanceKlass org/jetbrains/kotlin/fir/declarations/synthetic/FirSyntheticPropertyBuilder
instanceKlass  @bci org/jetbrains/kotlin/fir/resolve/calls/FirSyntheticPropertiesScope checkGetAndCreateSynthetic (Lorg/jetbrains/kotlin/name/Name;Lorg/jetbrains/kotlin/name/Name;Lorg/jetbrains/kotlin/fir/symbols/impl/FirNamedFunctionSymbol;ZLkotlin/jvm/functions/Function1;)V 302 <appendix> member <vmtarget> ; # org/jetbrains/kotlin/fir/resolve/calls/FirSyntheticPropertiesScope$$Lambda+0x000000010060aa90
instanceKlass org/jetbrains/kotlin/fir/resolve/calls/FirSyntheticPropertiesScope$GetterCompatibilityResult
instanceKlass org/jetbrains/kotlin/fir/caches/FirCacheWithPostComputeKt
instanceKlass  @bci org/jetbrains/kotlin/fir/scopes/FirTypeScopeKt getDirectOverriddenFunctionsWithBaseScope (Lorg/jetbrains/kotlin/fir/scopes/FirTypeScope;Lorg/jetbrains/kotlin/fir/symbols/impl/FirNamedFunctionSymbol;)Ljava/util/List; 27 <appendix> member <vmtarget> ; # org/jetbrains/kotlin/fir/scopes/FirTypeScopeKt$$Lambda+0x000000010060a420
instanceKlass org/jetbrains/kotlin/fir/resolve/calls/FirSyntheticPropertiesScope$WhenMappings
instanceKlass org/jetbrains/kotlin/types/AbstractTypeChecker$WhenMappings
instanceKlass org/jetbrains/kotlin/load/java/structure/JavaTypesKt
instanceKlass org/jetbrains/kotlin/fir/declarations/EnumValueArgumentInfo
instanceKlass java/util/RegularEnumSet$EnumSetIterator
instanceKlass org/jetbrains/kotlin/fir/expressions/builder/FirVarargArgumentsExpressionBuilder
instanceKlass org/jetbrains/kotlin/fir/java/JavaTypeConversionKt$WhenMappings
instanceKlass org/jetbrains/kotlin/resolve/jvm/KotlinJavaPsiFacade$3
instanceKlass  @bci org/jetbrains/kotlin/resolve/calls/inference/components/ResultTypeResolver findSubType (Lorg/jetbrains/kotlin/resolve/calls/inference/components/ResultTypeResolver$Context;Lorg/jetbrains/kotlin/resolve/calls/inference/model/VariableWithConstraints;)Lorg/jetbrains/kotlin/types/model/KotlinTypeMarker; 53 <appendix> member <vmtarget> ; # org/jetbrains/kotlin/resolve/calls/inference/components/ResultTypeResolver$$Lambda+0x000000010060e1c8
instanceKlass org/jetbrains/kotlin/resolve/calls/NewCommonSuperTypeCalculator
instanceKlass org/jetbrains/kotlin/resolve/calls/inference/components/ResultTypeResolver$sinkIntegerLiteralTypes$$inlined$sortedBy$1
instanceKlass  @bci org/jetbrains/kotlin/types/model/MarkerExtensionsKt dependsOnTypeConstructor (Lorg/jetbrains/kotlin/types/model/KotlinTypeMarker;Lorg/jetbrains/kotlin/types/model/TypeSystemInferenceExtensionContext;Ljava/util/Set;)Z 27 <appendix> member <vmtarget> ; # org/jetbrains/kotlin/types/model/MarkerExtensionsKt$$Lambda+0x000000010060dac8
instanceKlass  @bci org/jetbrains/kotlin/fir/resolve/calls/ConstructorProcessingKt processConstructors (Lorg/jetbrains/kotlin/fir/symbols/impl/FirClassLikeSymbol;Lorg/jetbrains/kotlin/fir/resolve/substitution/ConeSubstitutor;Lkotlin/jvm/functions/Function1;Lorg/jetbrains/kotlin/fir/FirSession;Lorg/jetbrains/kotlin/fir/resolve/BodyResolveComponents;Lorg/jetbrains/kotlin/fir/resolve/calls/ConstructorFilter;Ljava/util/List;)V 350 <appendix> member <vmtarget> ; # org/jetbrains/kotlin/fir/resolve/calls/ConstructorProcessingKt$$Lambda+0x000000010060d890
instanceKlass org/jetbrains/kotlin/fir/resolve/calls/ConstructorProcessingKt$WhenMappings
instanceKlass org/jetbrains/kotlin/fir/resolve/calls/SymbolWithSubstitutor
instanceKlass org/jetbrains/kotlin/fir/resolve/dfa/cfg/Edge$Companion$WhenMappings
instanceKlass org/jetbrains/kotlin/fir/resolve/dfa/cfg/EdgeKind$WhenMappings
instanceKlass  @bci org/jetbrains/kotlin/fir/resolve/dfa/FirDataFlowAnalyzer exitVariableAssignment (Lorg/jetbrains/kotlin/fir/expressions/FirVariableAssignment;)V 81 <appendix> member <vmtarget> ; # org/jetbrains/kotlin/fir/resolve/dfa/FirDataFlowAnalyzer$$Lambda+0x000000010060c6a0
instanceKlass org/jetbrains/kotlin/fir/types/ConeIntegerLiteralTypeExtensions
instanceKlass  @bci org/jetbrains/kotlin/resolve/calls/inference/components/ConstraintInjector$TypeCheckerStateForConstraintInjector addNewIncorporatedConstraint (Lorg/jetbrains/kotlin/types/model/KotlinTypeMarker;Lorg/jetbrains/kotlin/types/model/KotlinTypeMarker;ZZZ)V 78 <adapter> ; # java/lang/invoke/LambdaForm$MH+0x0000000100608c00
# instanceKlass java/lang/invoke/LambdaForm$DMH+0x0000000100608800
instanceKlass  @bci org/jetbrains/kotlin/resolve/calls/inference/components/ConstraintInjector$TypeCheckerStateForConstraintInjector addNewIncorporatedConstraint (Lorg/jetbrains/kotlin/types/model/KotlinTypeMarker;Lorg/jetbrains/kotlin/types/model/KotlinTypeMarker;ZZZ)V 78 <appendix> form vmentry <vmtarget> ; # java/lang/invoke/LambdaForm$DMH+0x0000000100608400
instanceKlass  @bci org/jetbrains/kotlin/resolve/calls/inference/components/ConstraintInjector$TypeCheckerStateForConstraintInjector addNewIncorporatedConstraint (Lorg/jetbrains/kotlin/types/model/KotlinTypeMarker;Lorg/jetbrains/kotlin/types/model/KotlinTypeMarker;ZZZ)V 78 <appendix> member <vmtarget> ; # org/jetbrains/kotlin/resolve/calls/inference/components/ConstraintInjector$TypeCheckerStateForConstraintInjector$$Lambda+0x0000000100607d58
instanceKlass  @cpi org/jetbrains/kotlin/resolve/calls/inference/components/ConstraintInjector$TypeCheckerStateForConstraintInjector 1359 form vmentry <vmtarget> ; # java/lang/invoke/LambdaForm$DMH+0x0000000100608000
instanceKlass  @bci org/jetbrains/kotlin/types/AbstractTypeApproximator approximateToSubType (Lorg/jetbrains/kotlin/types/model/KotlinTypeMarker;Lorg/jetbrains/kotlin/types/TypeApproximatorConfiguration;I)Lorg/jetbrains/kotlin/types/model/KotlinTypeMarker; 67 <appendix> member <vmtarget> ; # org/jetbrains/kotlin/types/AbstractTypeApproximator$$Lambda+0x0000000100607758
instanceKlass org/jetbrains/kotlin/fir/types/ConeIntegerLiteralIntersector
instanceKlass  @bci org/jetbrains/kotlin/fir/types/ConeTypeIntersector intersectTypes (Lorg/jetbrains/kotlin/fir/types/ConeInferenceContext;Ljava/util/Collection;)Lorg/jetbrains/kotlin/fir/types/ConeKotlinType; 871 <appendix> member <vmtarget> ; # org/jetbrains/kotlin/fir/types/ConeTypeIntersector$$Lambda+0x0000000100607068
instanceKlass org/jetbrains/kotlin/fir/types/ConeTypeIntersector
instanceKlass  @bci org/jetbrains/kotlin/resolve/calls/inference/components/ConstraintSystemCompletionContext extractUpperTypesToCheckIntersectionEmptiness (Ljava/util/List;)Ljava/util/List; 87 <appendix> member <vmtarget> ; # org/jetbrains/kotlin/resolve/calls/inference/components/ConstraintSystemCompletionContext$$Lambda+0x00000001006069f8
instanceKlass  @bci org/jetbrains/kotlin/fir/resolve/calls/stages/CollectTypeVariableUsagesInfo getDependentTypeParameters$lambda$9 (Lorg/jetbrains/kotlin/resolve/calls/inference/model/NewConstraintSystemImpl;Lorg/jetbrains/kotlin/types/model/TypeConstructorMarker;Ljava/util/Map$Entry;)Ljava/lang/Iterable; 329 <appendix> member <vmtarget> ; # org/jetbrains/kotlin/fir/resolve/calls/stages/CollectTypeVariableUsagesInfo$$Lambda+0x00000001006067c0
instanceKlass  @bci org/jetbrains/kotlin/fir/resolve/calls/stages/CollectTypeVariableUsagesInfo getDependentTypeParameters (Lorg/jetbrains/kotlin/resolve/calls/inference/model/NewConstraintSystemImpl;Lorg/jetbrains/kotlin/types/model/TypeConstructorMarker;Ljava/util/List;)Ljava/util/List; 27 <appendix> member <vmtarget> ; # org/jetbrains/kotlin/fir/resolve/calls/stages/CollectTypeVariableUsagesInfo$$Lambda+0x0000000100606588
instanceKlass  @bci org/jetbrains/kotlin/fir/resolve/calls/stages/CollectTypeVariableUsagesInfo getDependentTypeParameters (Lorg/jetbrains/kotlin/resolve/calls/inference/model/NewConstraintSystemImpl;Lorg/jetbrains/kotlin/types/model/TypeConstructorMarker;Ljava/util/List;)Ljava/util/List; 17 <appendix> member <vmtarget> ; # org/jetbrains/kotlin/fir/resolve/calls/stages/CollectTypeVariableUsagesInfo$$Lambda+0x0000000100605f88
instanceKlass  @bci org/jetbrains/kotlin/fir/java/enhancement/FirSignatureEnhancement performBoundsResolutionForJavaMethodOrConstructorTypeParameters (Ljava/util/List;Lorg/jetbrains/kotlin/KtSourceElement;Lkotlin/jvm/functions/Function1;)V 14 <appendix> member <vmtarget> ; # org/jetbrains/kotlin/fir/java/enhancement/FirSignatureEnhancement$$Lambda+0x0000000100605b30
instanceKlass  @bci org/jetbrains/kotlin/fir/resolve/calls/stages/CheckDslScopeViolation check$checkReceiver (Lorg/jetbrains/kotlin/fir/resolve/calls/ResolutionContext;Lorg/jetbrains/kotlin/fir/resolve/calls/candidate/Candidate;Lorg/jetbrains/kotlin/fir/resolve/calls/candidate/CheckerSink;Lorg/jetbrains/kotlin/fir/expressions/FirExpression;)V 68 <appendix> member <vmtarget> ; # org/jetbrains/kotlin/fir/resolve/calls/stages/CheckDslScopeViolation$$Lambda+0x0000000100605658
instanceKlass  @bci org/jetbrains/kotlin/fir/resolve/calls/stages/CheckDslScopeViolation check$checkReceiver (Lorg/jetbrains/kotlin/fir/resolve/calls/ResolutionContext;Lorg/jetbrains/kotlin/fir/resolve/calls/candidate/Candidate;Lorg/jetbrains/kotlin/fir/resolve/calls/candidate/CheckerSink;Lorg/jetbrains/kotlin/fir/expressions/FirExpression;)V 62 <appendix> member <vmtarget> ; # org/jetbrains/kotlin/fir/resolve/calls/stages/CheckDslScopeViolation$$Lambda+0x0000000100605420
instanceKlass  @bci org/jetbrains/kotlin/fir/resolve/dfa/FirDataFlowAnalyzer getOrCreateIfRealWithoutUnwrappingAlias (Lorg/jetbrains/kotlin/fir/resolve/dfa/Flow;Lorg/jetbrains/kotlin/fir/FirElement;)Lorg/jetbrains/kotlin/fir/resolve/dfa/DataFlowVariable; 13 <appendix> member <vmtarget> ; # org/jetbrains/kotlin/fir/resolve/dfa/FirDataFlowAnalyzer$$Lambda+0x00000001006051e8
instanceKlass  @bci org/jetbrains/kotlin/fir/resolve/dfa/RealVariable <init> (Lorg/jetbrains/kotlin/fir/resolve/dfa/Identifier;Lorg/jetbrains/kotlin/fir/types/ConeKotlinType;ZLorg/jetbrains/kotlin/fir/resolve/dfa/DataFlowVariable;I)V 92 <appendix> member <vmtarget> ; # org/jetbrains/kotlin/fir/resolve/dfa/RealVariable$$Lambda+0x0000000100604350
instanceKlass  @bci org/jetbrains/kotlin/fir/resolve/dfa/RealVariable <init> (Lorg/jetbrains/kotlin/fir/resolve/dfa/Identifier;Lorg/jetbrains/kotlin/fir/types/ConeKotlinType;ZLorg/jetbrains/kotlin/fir/resolve/dfa/DataFlowVariable;I)V 50 <appendix> member <vmtarget> ; # org/jetbrains/kotlin/fir/resolve/dfa/RealVariable$$Lambda+0x0000000100603eb8
instanceKlass  @bci org/jetbrains/kotlin/fir/resolve/dfa/FirDataFlowAnalyzer getOrCreateRealVariableWithoutUnwrappingAliasForPropertyInitialization (Lorg/jetbrains/kotlin/fir/resolve/dfa/Flow;Lorg/jetbrains/kotlin/fir/symbols/FirBasedSymbol;Lorg/jetbrains/kotlin/fir/FirElement;)Lorg/jetbrains/kotlin/fir/resolve/dfa/RealVariable; 8 <appendix> member <vmtarget> ; # org/jetbrains/kotlin/fir/resolve/dfa/FirDataFlowAnalyzer$$Lambda+0x0000000100603c80
instanceKlass  @bci org/jetbrains/kotlin/fir/resolve/dfa/FirDataFlowAnalyzer exitLocalVariableDeclaration (Lorg/jetbrains/kotlin/fir/declarations/FirProperty;Z)V 22 <appendix> member <vmtarget> ; # org/jetbrains/kotlin/fir/resolve/dfa/FirDataFlowAnalyzer$$Lambda+0x0000000100603a48
instanceKlass  @cpi org/jetbrains/kotlin/fir/resolve/dfa/FirDataFlowAnalyzer 2123 form vmentry <vmtarget> ; # java/lang/invoke/LambdaForm$DMH+0x00000001005f8400
instanceKlass org/jetbrains/kotlin/fir/types/InferenceUtilsKt
instanceKlass org/jetbrains/kotlin/resolve/calls/inference/model/ConstraintSystemError
instanceKlass org/jetbrains/kotlin/resolve/calls/inference/model/NewConstraintMismatch
instanceKlass  @bci org/jetbrains/kotlin/fir/types/FirCorrespondingSupertypesCache computeSupertypePolicyAndPutInMap (Lorg/jetbrains/kotlin/types/model/SimpleTypeMarker;Ljava/util/Map;Lorg/jetbrains/kotlin/types/TypeCheckerState;)Lorg/jetbrains/kotlin/types/TypeCheckerState$SupertypesPolicy; 50 <appendix> member <vmtarget> ; # org/jetbrains/kotlin/fir/types/FirCorrespondingSupertypesCache$$Lambda+0x0000000100601710
instanceKlass  @bci org/jetbrains/kotlin/fir/types/FirCorrespondingSupertypesCache computeSupertypePolicyAndPutInMap (Lorg/jetbrains/kotlin/types/model/SimpleTypeMarker;Ljava/util/Map;Lorg/jetbrains/kotlin/types/TypeCheckerState;)Lorg/jetbrains/kotlin/types/TypeCheckerState$SupertypesPolicy; 45 <appendix> argL0 ; # org/jetbrains/kotlin/fir/types/FirCorrespondingSupertypesCache$$Lambda+0x00000001006014e0
instanceKlass org/jetbrains/kotlin/fir/types/FirCorrespondingSupertypesCacheKt
instanceKlass org/jetbrains/kotlin/fir/symbols/impl/UtilsKt
instanceKlass kotlin/jvm/internal/BooleanCompanionObject
instanceKlass  @bci org/jetbrains/kotlin/fir/java/enhancement/FirSignatureEnhancement enhance$java (Lorg/jetbrains/kotlin/fir/symbols/impl/FirVariableSymbol;Lorg/jetbrains/kotlin/name/Name;)Lorg/jetbrains/kotlin/fir/symbols/impl/FirVariableSymbol; 663 <appendix> member <vmtarget> ; # org/jetbrains/kotlin/fir/java/enhancement/FirSignatureEnhancement$$Lambda+0x00000001005fbbd8
instanceKlass org/jetbrains/kotlin/fir/resolve/calls/QualifierReceiver
instanceKlass org/jetbrains/kotlin/fir/resolve/calls/QualifierReceiverKt
instanceKlass org/jetbrains/kotlin/fir/resolve/calls/ConstructorProcessingKt$getSingleVisibleClassifier$$inlined$processClassifiersByName$1
instanceKlass  @bci org/jetbrains/kotlin/fir/resolve/calls/ConstructorProcessingKt getSingleVisibleClassifier (Lorg/jetbrains/kotlin/fir/scopes/FirScope;Lorg/jetbrains/kotlin/fir/FirSession;Lorg/jetbrains/kotlin/fir/resolve/BodyResolveComponents;Lorg/jetbrains/kotlin/name/Name;)Lorg/jetbrains/kotlin/fir/symbols/impl/FirClassifierSymbol; 51 <appendix> member <vmtarget> ; # org/jetbrains/kotlin/fir/resolve/calls/ConstructorProcessingKt$$Lambda+0x00000001005fa670
instanceKlass org/jetbrains/kotlin/fir/resolve/QualifiedNameResolutionKt
instanceKlass  @bci org/jetbrains/kotlin/fir/scopes/impl/FirDefaultStarImportingScope processClassifiersByNameWithSubstitution (Lorg/jetbrains/kotlin/name/Name;Lkotlin/jvm/functions/Function2;)V 15 <appendix> member <vmtarget> ; # org/jetbrains/kotlin/fir/scopes/impl/FirDefaultStarImportingScope$$Lambda+0x00000001005fa220
instanceKlass org/jetbrains/kotlin/fir/resolve/transformers/body/resolve/BodyResolveUtilsKt
instanceKlass org/jetbrains/kotlin/fir/resolve/transformers/ExpectedArgumentType
instanceKlass org/jetbrains/kotlin/resolve/calls/inference/ConstraintSystemBuilderKt$WhenMappings
instanceKlass org/jetbrains/kotlin/resolve/calls/inference/ConstraintSystemBuilderKt
instanceKlass org/jetbrains/kotlin/fir/resolve/calls/stages/ArgumentCheckingProcessor$ArgumentContext
instanceKlass org/jetbrains/kotlin/fir/resolve/calls/stages/ArgumentCheckingProcessor
instanceKlass org/jetbrains/kotlin/fir/resolve/FirSamResolver$SamConversionInfo
instanceKlass org/jetbrains/kotlin/fir/resolve/calls/ArgumentUtilsKt
instanceKlass org/jetbrains/kotlin/fir/resolve/calls/stages/CheckArgumentsKt
instanceKlass org/jetbrains/kotlin/types/TypeCheckerState$SupertypesPolicy
instanceKlass org/jetbrains/kotlin/types/AbstractNullabilityChecker
instanceKlass  @bci org/jetbrains/kotlin/fir/resolve/calls/stages/CheckHiddenDeclaration isHiddenForThisCallSite (Lorg/jetbrains/kotlin/fir/symbols/impl/FirCallableSymbol;Lorg/jetbrains/kotlin/fir/resolve/calls/candidate/CallInfo;Lorg/jetbrains/kotlin/fir/resolve/calls/candidate/Candidate;Lorg/jetbrains/kotlin/fir/FirSession;Lorg/jetbrains/kotlin/fir/resolve/calls/candidate/CheckerSink;)Z 138 <adapter> ; # java/lang/invoke/LambdaForm$MH+0x00000001005f8000
# instanceKlass java/lang/invoke/LambdaForm$DMH+0x00000001005f1c00
instanceKlass  @bci org/jetbrains/kotlin/fir/resolve/calls/stages/CheckHiddenDeclaration isHiddenForThisCallSite (Lorg/jetbrains/kotlin/fir/symbols/impl/FirCallableSymbol;Lorg/jetbrains/kotlin/fir/resolve/calls/candidate/CallInfo;Lorg/jetbrains/kotlin/fir/resolve/calls/candidate/Candidate;Lorg/jetbrains/kotlin/fir/FirSession;Lorg/jetbrains/kotlin/fir/resolve/calls/candidate/CheckerSink;)Z 138 <appendix> form vmentry <vmtarget> ; # java/lang/invoke/LambdaForm$DMH+0x00000001005f1800
instanceKlass  @bci org/jetbrains/kotlin/fir/resolve/calls/stages/CheckHiddenDeclaration isHiddenForThisCallSite (Lorg/jetbrains/kotlin/fir/symbols/impl/FirCallableSymbol;Lorg/jetbrains/kotlin/fir/resolve/calls/candidate/CallInfo;Lorg/jetbrains/kotlin/fir/resolve/calls/candidate/Candidate;Lorg/jetbrains/kotlin/fir/FirSession;Lorg/jetbrains/kotlin/fir/resolve/calls/candidate/CheckerSink;)Z 138 <appendix> member <vmtarget> ; # org/jetbrains/kotlin/fir/resolve/calls/stages/CheckHiddenDeclaration$$Lambda+0x00000001005f3300
instanceKlass org/jetbrains/kotlin/fir/expressions/ReferenceUtilsKt
instanceKlass org/jetbrains/kotlin/fir/resolve/calls/tower/TowerLevelsKt
instanceKlass  @bci org/jetbrains/kotlin/fir/resolve/calls/candidate/CandidateFactoryKt addSubsystemFromExpression (Lorg/jetbrains/kotlin/resolve/calls/components/PostponedArgumentsAnalyzerContext;Lorg/jetbrains/kotlin/fir/expressions/FirStatement;)Z 14 <appendix> member <vmtarget> ; # org/jetbrains/kotlin/fir/resolve/calls/candidate/CandidateFactoryKt$$Lambda+0x00000001005f7d88
instanceKlass org/jetbrains/kotlin/fir/resolve/dfa/UtilKt
instanceKlass  @bci org/jetbrains/kotlin/fir/resolve/dfa/FirDataFlowAnalyzer getRealVariableWithoutUnwrappingAlias (Lorg/jetbrains/kotlin/fir/resolve/dfa/Flow;Lorg/jetbrains/kotlin/fir/FirElement;)Lorg/jetbrains/kotlin/fir/resolve/dfa/RealVariable; 7 <appendix> member <vmtarget> ; # org/jetbrains/kotlin/fir/resolve/dfa/FirDataFlowAnalyzer$$Lambda+0x00000001005f6a28
instanceKlass org/jetbrains/kotlin/fir/resolve/dfa/DataFlowVariable
instanceKlass  @bci org/jetbrains/kotlin/fir/resolve/dfa/FirDataFlowAnalyzer exitQualifiedAccessExpression (Lorg/jetbrains/kotlin/fir/expressions/FirQualifiedAccessExpression;)V 21 <appendix> member <vmtarget> ; # org/jetbrains/kotlin/fir/resolve/dfa/FirDataFlowAnalyzer$$Lambda+0x00000001005f6368
instanceKlass org/jetbrains/kotlin/fir/resolve/calls/candidate/CandidateFactoryKt
instanceKlass  @bci org/jetbrains/kotlin/fir/resolve/calls/FirCallResolver resolveVariableAccessAndSelectCandidateImpl (Lorg/jetbrains/kotlin/fir/expressions/FirQualifiedAccessExpression;ZLorg/jetbrains/kotlin/fir/resolve/ResolutionMode;ZLorg/jetbrains/kotlin/fir/FirElement;Lkotlin/jvm/functions/Function1;)Lorg/jetbrains/kotlin/fir/expressions/FirExpression; 117 <adapter> ; # java/lang/invoke/LambdaForm$MH+0x00000001005f1400
# instanceKlass java/lang/invoke/LambdaForm$DMH+0x00000001005f1000
instanceKlass  @bci org/jetbrains/kotlin/fir/resolve/calls/FirCallResolver resolveVariableAccessAndSelectCandidateImpl (Lorg/jetbrains/kotlin/fir/expressions/FirQualifiedAccessExpression;ZLorg/jetbrains/kotlin/fir/resolve/ResolutionMode;ZLorg/jetbrains/kotlin/fir/FirElement;Lkotlin/jvm/functions/Function1;)Lorg/jetbrains/kotlin/fir/expressions/FirExpression; 117 <appendix> form vmentry <vmtarget> ; # java/lang/invoke/LambdaForm$DMH+0x00000001005f0c00
instanceKlass  @bci org/jetbrains/kotlin/fir/resolve/calls/FirCallResolver resolveVariableAccessAndSelectCandidateImpl (Lorg/jetbrains/kotlin/fir/expressions/FirQualifiedAccessExpression;ZLorg/jetbrains/kotlin/fir/resolve/ResolutionMode;ZLorg/jetbrains/kotlin/fir/FirElement;Lkotlin/jvm/functions/Function1;)Lorg/jetbrains/kotlin/fir/expressions/FirExpression; 117 <appendix> member <vmtarget> ; # org/jetbrains/kotlin/fir/resolve/calls/FirCallResolver$$Lambda+0x00000001005f4f90
instanceKlass  @cpi org/jetbrains/kotlin/fir/resolve/calls/FirCallResolver 786 form vmentry <vmtarget> ; # java/lang/invoke/LambdaForm$DMH+0x00000001005f0800
instanceKlass  @bci org/jetbrains/kotlin/fir/resolve/calls/FirCallResolver resolveVariableAccessAndSelectCandidate (Lorg/jetbrains/kotlin/fir/expressions/FirQualifiedAccessExpression;ZZLorg/jetbrains/kotlin/fir/FirElement;Lorg/jetbrains/kotlin/fir/resolve/ResolutionMode;)Lorg/jetbrains/kotlin/fir/expressions/FirExpression; 31 <appendix> argL0 ; # org/jetbrains/kotlin/fir/resolve/calls/FirCallResolver$$Lambda+0x00000001005f4d60
instanceKlass org/jetbrains/kotlin/fir/resolve/calls/SuperCallsKt
instanceKlass  @bci org/jetbrains/kotlin/fir/resolve/transformers/body/resolve/FirExpressionsResolveTransformer transformBlockInCurrentScope$resolve (Lorg/jetbrains/kotlin/fir/expressions/FirBlock;Lorg/jetbrains/kotlin/fir/resolve/ResolutionMode;)V 53 <appendix> form vmentry <vmtarget> ; # java/lang/invoke/LambdaForm$DMH+0x00000001005f0400
instanceKlass  @bci org/jetbrains/kotlin/fir/resolve/transformers/body/resolve/FirExpressionsResolveTransformer transformBlockInCurrentScope$resolve (Lorg/jetbrains/kotlin/fir/expressions/FirBlock;Lorg/jetbrains/kotlin/fir/resolve/ResolutionMode;)V 53 <appendix> member <vmtarget> ; # org/jetbrains/kotlin/fir/resolve/transformers/body/resolve/FirExpressionsResolveTransformer$$Lambda+0x00000001005f4000
instanceKlass  @cpi org/jetbrains/kotlin/fir/resolve/transformers/body/resolve/FirExpressionsResolveTransformer 1455 form vmentry <vmtarget> ; # java/lang/invoke/LambdaForm$DMH+0x00000001005f0000
instanceKlass org/jetbrains/kotlin/fir/visitors/TransformData
instanceKlass  @bci org/jetbrains/kotlin/fir/resolve/dfa/FirDataFlowAnalyzer exitLocalVariableDeclaration (Lorg/jetbrains/kotlin/fir/declarations/FirProperty;Z)V 22 <adapter> ; # java/lang/invoke/LambdaForm$MH+0x00000001005ed800
# instanceKlass java/lang/invoke/LambdaForm$DMH+0x00000001005ed400
instanceKlass  @bci org/jetbrains/kotlin/fir/resolve/dfa/FirDataFlowAnalyzer exitLocalVariableDeclaration (Lorg/jetbrains/kotlin/fir/declarations/FirProperty;Z)V 22 <appendix> form vmentry <vmtarget> ; # java/lang/invoke/LambdaForm$DMH+0x00000001005ed000
instanceKlass  @bci org/jetbrains/kotlin/fir/resolve/transformers/body/resolve/FirDeclarationsResolveTransformer transformSimpleFunction (Lorg/jetbrains/kotlin/fir/declarations/FirSimpleFunction;Lorg/jetbrains/kotlin/fir/resolve/ResolutionMode;)Lorg/jetbrains/kotlin/fir/declarations/FirSimpleFunction; 388 <appendix> member <vmtarget> ; # org/jetbrains/kotlin/fir/resolve/transformers/body/resolve/FirDeclarationsResolveTransformer$$Lambda+0x00000001005efb78
instanceKlass org/jetbrains/kotlin/fir/resolve/dfa/DataFlowInfo
instanceKlass  @bci org/jetbrains/kotlin/fir/resolve/transformers/body/resolve/FirDeclarationsResolveTransformer doTransformConstructor (Lorg/jetbrains/kotlin/fir/declarations/FirConstructor;Lorg/jetbrains/kotlin/fir/resolve/ResolutionMode;)Lorg/jetbrains/kotlin/fir/declarations/FirConstructor; 590 <appendix> member <vmtarget> ; # org/jetbrains/kotlin/fir/resolve/transformers/body/resolve/FirDeclarationsResolveTransformer$$Lambda+0x00000001005ef720
instanceKlass  @bci org/jetbrains/kotlin/fir/FirVisibilityCheckerKt parentDeclarationSequence (Lorg/jetbrains/kotlin/fir/declarations/FirMemberDeclaration;Lorg/jetbrains/kotlin/fir/FirSession;Lorg/jetbrains/kotlin/fir/expressions/FirExpression;Ljava/util/List;Lorg/jetbrains/kotlin/fir/resolve/SupertypeSupplier;)Lkotlin/sequences/Sequence; 46 <appendix> member <vmtarget> ; # org/jetbrains/kotlin/fir/FirVisibilityCheckerKt$$Lambda+0x00000001005ef060
instanceKlass org/jetbrains/kotlin/fir/scopes/impl/TypeAliasConstructorsSubstitutingScopeKt
instanceKlass  @bci org/jetbrains/kotlin/fir/java/scopes/JavaClassMembersEnhancementScope processDeclaredConstructors (Lkotlin/jvm/functions/Function1;)V 12 <appendix> member <vmtarget> ; # org/jetbrains/kotlin/fir/java/scopes/JavaClassMembersEnhancementScope$$Lambda+0x00000001005ebb28
instanceKlass  @bci org/jetbrains/kotlin/fir/java/enhancement/FirSignatureEnhancement enhance$java (Lorg/jetbrains/kotlin/fir/symbols/impl/FirVariableSymbol;Lorg/jetbrains/kotlin/name/Name;)Lorg/jetbrains/kotlin/fir/symbols/impl/FirVariableSymbol; 898 <appendix> form vmentry <vmtarget> ; # java/lang/invoke/LambdaForm$DMH+0x00000001005ecc00
instanceKlass  @bci org/jetbrains/kotlin/fir/resolve/calls/tower/FirTowerResolver runResolverForDelegatingConstructor (Lorg/jetbrains/kotlin/fir/resolve/calls/candidate/CallInfo;Lorg/jetbrains/kotlin/fir/types/ConeClassLikeType;Lorg/jetbrains/kotlin/fir/symbols/ConeClassLikeLookupTag;Lorg/jetbrains/kotlin/fir/resolve/calls/ResolutionContext;)Lorg/jetbrains/kotlin/fir/resolve/calls/candidate/CandidateCollector; 227 <appendix> member <vmtarget> ; # org/jetbrains/kotlin/fir/resolve/calls/tower/FirTowerResolver$$Lambda+0x00000001005eb8f0
instanceKlass  @bci org/jetbrains/kotlin/fir/resolve/dfa/FirDataFlowAnalyzer enterFunction (Lorg/jetbrains/kotlin/fir/declarations/FirFunction;)V 109 <appendix> member <vmtarget> ; # org/jetbrains/kotlin/fir/resolve/dfa/FirDataFlowAnalyzer$$Lambda+0x00000001005eb498
instanceKlass org/jetbrains/kotlin/fir/resolve/dfa/FirLocalVariableAssignmentAnalyzer$Companion$VariableAssignments
instanceKlass  @bci org/jetbrains/kotlin/fir/resolve/transformers/plugin/FirDeclarationsResolveTransformerForAnnotationArguments withRegularClass (Lorg/jetbrains/kotlin/fir/declarations/FirRegularClass;Lkotlin/jvm/functions/Function0;)Lorg/jetbrains/kotlin/fir/declarations/FirRegularClass; 88 <appendix> member <vmtarget> ; # org/jetbrains/kotlin/fir/resolve/transformers/plugin/FirDeclarationsResolveTransformerForAnnotationArguments$$Lambda+0x00000001005ea640
instanceKlass org/jetbrains/kotlin/fir/expressions/FirExpressionEvaluator
instanceKlass org/jetbrains/kotlin/fir/resolve/dfa/cfg/ControlFlowGraphKt
instanceKlass  @bci org/jetbrains/kotlin/fir/resolve/transformers/body/resolve/FirDeclarationsResolveTransformer transformAccessor (Lorg/jetbrains/kotlin/fir/declarations/FirPropertyAccessor;Lorg/jetbrains/kotlin/fir/declarations/FirProperty;Z)V 57 <adapter> ; # java/lang/invoke/LambdaForm$MH+0x00000001005ec800
# instanceKlass java/lang/invoke/LambdaForm$DMH+0x00000001005ec400
instanceKlass  @bci org/jetbrains/kotlin/fir/resolve/transformers/body/resolve/FirDeclarationsResolveTransformer transformAccessor (Lorg/jetbrains/kotlin/fir/declarations/FirPropertyAccessor;Lorg/jetbrains/kotlin/fir/declarations/FirProperty;Z)V 57 <appendix> form vmentry <vmtarget> ; # java/lang/invoke/LambdaForm$DMH+0x00000001005ec000
instanceKlass  @bci org/jetbrains/kotlin/fir/resolve/transformers/body/resolve/FirDeclarationsResolveTransformer transformAccessor (Lorg/jetbrains/kotlin/fir/declarations/FirPropertyAccessor;Lorg/jetbrains/kotlin/fir/declarations/FirProperty;Z)V 57 <appendix> member <vmtarget> ; # org/jetbrains/kotlin/fir/resolve/transformers/body/resolve/FirDeclarationsResolveTransformer$$Lambda+0x00000001005e9ab8
instanceKlass org/jetbrains/kotlin/util/EmptyArrayMap$iterator$1
instanceKlass  @bci org/jetbrains/kotlin/fir/resolve/transformers/body/resolve/DeclarationApproximationUtilsKt approximateDeclarationType (Ljava/lang/Object;Lorg/jetbrains/kotlin/fir/FirSession;Lorg/jetbrains/kotlin/descriptors/Visibility;ZZZ)Ljava/lang/Object; 150 <appendix> argL0 ; # org/jetbrains/kotlin/fir/resolve/transformers/body/resolve/DeclarationApproximationUtilsKt$$Lambda+0x00000001005e9638
instanceKlass org/jetbrains/kotlin/fir/resolve/transformers/body/resolve/DeclarationApproximationUtilsKt
instanceKlass org/jetbrains/kotlin/fir/extensions/FirExpressionResolutionExtensionKt
instanceKlass org/jetbrains/kotlin/fir/resolve/transformers/body/resolve/FirExpressionsResolveTransformerKt
instanceKlass org/jetbrains/kotlin/fir/references/FirReferenceUtilsKt
instanceKlass org/jetbrains/kotlin/fir/declarations/FirResolvePhaseKt$WhenMappings
instanceKlass org/jetbrains/kotlin/fir/declarations/FirResolvePhaseKt
instanceKlass  @bci org/jetbrains/kotlin/fir/resolve/dfa/FirDataFlowAnalyzer exitFunctionCall (Lorg/jetbrains/kotlin/fir/expressions/FirFunctionCall;Z)V 36 <appendix> member <vmtarget> ; # org/jetbrains/kotlin/fir/resolve/dfa/FirDataFlowAnalyzer$$Lambda+0x00000001005e8000
instanceKlass org/jetbrains/kotlin/fir/resolve/calls/ResolutionDiagnostic
instanceKlass org/jetbrains/kotlin/fir/resolve/transformers/FirCallCompletionResultsWriterTransformerKt
instanceKlass org/jetbrains/kotlin/fir/resolve/transformers/FirCallCompletionResultsWriterTransformer$ResultingArgumentsMapping
instanceKlass org/jetbrains/kotlin/types/AbstractTypeApproximator$WhenMappings
instanceKlass org/jetbrains/kotlin/fir/types/ConeTypeContext$WhenMappings
instanceKlass org/jetbrains/kotlin/types/model/TypeSystemContextKt$WhenMappings
instanceKlass org/jetbrains/kotlin/types/model/TypeSystemContextKt
instanceKlass  @bci org/jetbrains/kotlin/types/AbstractTypeApproximator approximateToSuperType (Lorg/jetbrains/kotlin/types/model/KotlinTypeMarker;Lorg/jetbrains/kotlin/types/TypeApproximatorConfiguration;I)Lorg/jetbrains/kotlin/types/model/KotlinTypeMarker; 67 <appendix> member <vmtarget> ; # org/jetbrains/kotlin/types/AbstractTypeApproximator$$Lambda+0x00000001005e4a08
instanceKlass org/jetbrains/kotlin/types/TypeApproximatorConfiguration
instanceKlass org/jetbrains/kotlin/fir/types/ConeIntegerLiteralTypeImplKt
instanceKlass org/jetbrains/kotlin/fir/symbols/FirBasedSymbolKt
instanceKlass java/util/AbstractList$SubList$1
instanceKlass org/jetbrains/kotlin/resolve/calls/inference/ConstraintSystemTransaction
instanceKlass org/jetbrains/kotlin/resolve/calls/inference/model/MutableVariableWithConstraints$WhenMappings
instanceKlass  @bci org/jetbrains/kotlin/resolve/calls/inference/components/ResultTypeResolver isAppropriateResultTypeFromEqualityConstraints (Lorg/jetbrains/kotlin/types/model/KotlinTypeMarker;Lorg/jetbrains/kotlin/resolve/calls/inference/components/ResultTypeResolver$Context;)Z 19 <appendix> member <vmtarget> ; # org/jetbrains/kotlin/resolve/calls/inference/components/ResultTypeResolver$$Lambda+0x00000001005dca70
instanceKlass  @bci org/jetbrains/kotlin/resolve/calls/inference/model/NewConstraintSystemImpl isProperTypeImpl (Lorg/jetbrains/kotlin/types/model/KotlinTypeMarker;)Z 3 <appendix> member <vmtarget> ; # org/jetbrains/kotlin/resolve/calls/inference/model/NewConstraintSystemImpl$$Lambda+0x00000001005ddd08
instanceKlass  @bci org/jetbrains/kotlin/fir/resolve/inference/ConstraintSystemCompleter runCompletion (Lorg/jetbrains/kotlin/resolve/calls/inference/components/ConstraintSystemCompletionContext;Lorg/jetbrains/kotlin/resolve/calls/inference/components/ConstraintSystemCompletionMode;Ljava/util/List;Lorg/jetbrains/kotlin/fir/types/ConeKotlinType;Lorg/jetbrains/kotlin/fir/resolve/calls/ResolutionContext;Lorg/jetbrains/kotlin/fir/resolve/inference/ConstraintSystemCompleter$PostponedAtomAnalyzer;)V 406 <appendix> member <vmtarget> ; # org/jetbrains/kotlin/fir/resolve/inference/ConstraintSystemCompleter$$Lambda+0x00000001005dd670
instanceKlass  @bci org/jetbrains/kotlin/resolve/calls/inference/components/TypeVariableDependencyInformationProvider computeRelatedToTopLevelType ()V 14 <appendix> member <vmtarget> ; # org/jetbrains/kotlin/resolve/calls/inference/components/TypeVariableDependencyInformationProvider$$Lambda+0x00000001005dd438
instanceKlass org/jetbrains/kotlin/resolve/calls/inference/components/VariableFixationFinder$VariableForFixation
instanceKlass org/jetbrains/kotlin/resolve/calls/inference/components/VariableFixationFinder$WhenMappings
instanceKlass  @bci org/jetbrains/kotlin/resolve/calls/inference/components/VariableFixationFinder hasDependencyToOtherTypeVariables (Lorg/jetbrains/kotlin/resolve/calls/inference/components/VariableFixationFinder$Context;Lorg/jetbrains/kotlin/types/model/TypeConstructorMarker;)Z 59 <appendix> member <vmtarget> ; # org/jetbrains/kotlin/resolve/calls/inference/components/VariableFixationFinder$$Lambda+0x00000001005df830
instanceKlass  @bci org/jetbrains/kotlin/resolve/calls/inference/components/VariableFixationFinder variableHasProperArgumentConstraints (Lorg/jetbrains/kotlin/resolve/calls/inference/components/VariableFixationFinder$Context;Lorg/jetbrains/kotlin/types/model/TypeConstructorMarker;)Z 111 <appendix> member <vmtarget> ; # org/jetbrains/kotlin/resolve/calls/inference/components/VariableFixationFinder$$Lambda+0x00000001005df5f8
instanceKlass  @bci org/jetbrains/kotlin/resolve/calls/inference/components/VariableFixationFinder isProperType (Lorg/jetbrains/kotlin/resolve/calls/inference/components/VariableFixationFinder$Context;Lorg/jetbrains/kotlin/types/model/KotlinTypeMarker;)Z 53 <appendix> member <vmtarget> ; # org/jetbrains/kotlin/resolve/calls/inference/components/VariableFixationFinder$$Lambda+0x00000001005df3c0
instanceKlass  @bci org/jetbrains/kotlin/resolve/calls/inference/components/TypeVariableDependencyInformationProvider forAllMyTypeVariables (Lorg/jetbrains/kotlin/types/model/KotlinTypeMarker;Lkotlin/jvm/functions/Function1;)Z 13 <appendix> member <vmtarget> ; # org/jetbrains/kotlin/resolve/calls/inference/components/TypeVariableDependencyInformationProvider$$Lambda+0x00000001005df188
instanceKlass  @cpi org/jetbrains/kotlin/resolve/calls/inference/components/TypeVariableDependencyInformationProvider 330 form vmentry <vmtarget> ; # java/lang/invoke/LambdaForm$DMH+0x00000001005dc400
instanceKlass  @bci org/jetbrains/kotlin/resolve/calls/inference/components/TypeVariableDependencyInformationProvider computeConstraintEdges ()V 111 <appendix> member <vmtarget> ; # org/jetbrains/kotlin/resolve/calls/inference/components/TypeVariableDependencyInformationProvider$$Lambda+0x00000001005def50
instanceKlass org/jetbrains/kotlin/resolve/calls/inference/components/TypeVariableDependencyInformationProvider
instanceKlass  @bci org/jetbrains/kotlin/fir/resolve/inference/ConstraintSystemCompleter getOrderedAllTypeVariables$collectAllTypeVariables (Lorg/jetbrains/kotlin/fir/expressions/FirStatement;Ljava/util/LinkedHashSet;Lorg/jetbrains/kotlin/resolve/calls/inference/components/ConstraintSystemCompletionContext;)V 10 <appendix> member <vmtarget> ; # org/jetbrains/kotlin/fir/resolve/inference/ConstraintSystemCompleter$$Lambda+0x00000001005deaf8
instanceKlass  @bci org/jetbrains/kotlin/fir/resolve/inference/ConstraintSystemCompleter getOrderedAllTypeVariables$collectAllTypeVariables (Lorg/jetbrains/kotlin/fir/expressions/FirStatement;Ljava/util/LinkedHashSet;Lorg/jetbrains/kotlin/resolve/calls/inference/components/ConstraintSystemCompletionContext;)V 3 <appendix> member <vmtarget> ; # org/jetbrains/kotlin/fir/resolve/inference/ConstraintSystemCompleter$$Lambda+0x00000001005de8c0
instanceKlass  @bci org/jetbrains/kotlin/fir/resolve/inference/ConstraintSystemCompleter runCompletion (Lorg/jetbrains/kotlin/resolve/calls/inference/components/ConstraintSystemCompletionContext;Lorg/jetbrains/kotlin/resolve/calls/inference/components/ConstraintSystemCompletionMode;Ljava/util/List;Lorg/jetbrains/kotlin/fir/types/ConeKotlinType;Lorg/jetbrains/kotlin/fir/resolve/calls/ResolutionContext;Lorg/jetbrains/kotlin/fir/resolve/inference/ConstraintSystemCompleter$PostponedAtomAnalyzer;)V 62 <appendix> member <vmtarget> ; # org/jetbrains/kotlin/fir/resolve/inference/ConstraintSystemCompleter$$Lambda+0x00000001005de688
instanceKlass org/jetbrains/kotlin/fir/resolve/inference/ConstraintSystemCompleterKt
instanceKlass  @bci org/jetbrains/kotlin/fir/resolve/inference/ConstraintSystemCompleter$Companion getOrderedNotAnalyzedPostponedArguments (Ljava/util/List;)Ljava/util/List; 80 <appendix> member <vmtarget> ; # org/jetbrains/kotlin/fir/resolve/inference/ConstraintSystemCompleter$Companion$$Lambda+0x00000001005de238
instanceKlass  @bci org/jetbrains/kotlin/fir/resolve/inference/ConstraintSystemCompleter$Companion getOrderedNotAnalyzedPostponedArguments (Ljava/util/List;)Ljava/util/List; 72 <appendix> member <vmtarget> ; # org/jetbrains/kotlin/fir/resolve/inference/ConstraintSystemCompleter$Companion$$Lambda+0x00000001005de000
instanceKlass  @bci org/jetbrains/kotlin/types/model/TypeSystemInferenceExtensionContext extractTypeVariables (Lorg/jetbrains/kotlin/types/model/KotlinTypeMarker;)Ljava/util/Set; 18 <appendix> argL0 ; # org/jetbrains/kotlin/types/model/TypeSystemInferenceExtensionContext$$Lambda+0x00000001005dbca0
instanceKlass  @bci org/jetbrains/kotlin/fir/resolve/inference/FirCallCompleter runCompletionForCall (Lorg/jetbrains/kotlin/fir/resolve/calls/candidate/Candidate;Lorg/jetbrains/kotlin/resolve/calls/inference/components/ConstraintSystemCompletionMode;Lorg/jetbrains/kotlin/fir/expressions/FirStatement;Lorg/jetbrains/kotlin/fir/types/ConeKotlinType;Lorg/jetbrains/kotlin/fir/resolve/inference/PostponedArgumentsAnalyzer;)V 79 <appendix> member <vmtarget> ; # org/jetbrains/kotlin/fir/resolve/inference/FirCallCompleter$$Lambda+0x00000001005dba68
instanceKlass  @cpi org/jetbrains/kotlin/fir/resolve/inference/FirCallCompleter 666 form vmentry <vmtarget> ; # java/lang/invoke/LambdaForm$DMH+0x00000001005dc000
instanceKlass org/jetbrains/kotlin/fir/resolve/calls/ConePostponedResolvedAtom
instanceKlass org/jetbrains/kotlin/resolve/calls/model/PostponedResolvedAtomMarker
instanceKlass org/jetbrains/kotlin/fir/resolve/inference/ConstraintSystemCompleter$PostponedAtomAnalyzer
instanceKlass org/jetbrains/kotlin/fir/resolve/inference/FirCallCompleter$WhenMappings
instanceKlass org/jetbrains/kotlin/fir/resolve/inference/PostponedArgumentsAnalyzer
instanceKlass org/jetbrains/kotlin/fir/resolve/inference/FirCallCompleter$LambdaAnalyzerImpl
instanceKlass org/jetbrains/kotlin/fir/resolve/inference/LambdaAnalyzer
instanceKlass org/jetbrains/kotlin/fir/resolve/inference/CompletionModeCalculatorKt
instanceKlass org/jetbrains/kotlin/fir/resolve/substitution/NoSubstitutor
instanceKlass org/jetbrains/kotlin/fir/resolve/calls/FirCallResolver$ResolutionResult
instanceKlass  @bci org/jetbrains/kotlin/resolve/calls/results/FlatSignatureKt isSignatureEquallyOrMoreSpecific (Lorg/jetbrains/kotlin/resolve/calls/results/SimpleConstraintSystem;Lorg/jetbrains/kotlin/resolve/calls/results/FlatSignature;Lorg/jetbrains/kotlin/resolve/calls/results/FlatSignature;Lorg/jetbrains/kotlin/resolve/calls/results/SpecificityComparisonCallbacks;Lorg/jetbrains/kotlin/resolve/calls/results/TypeSpecificityComparator;Z)Z 96 <appendix> argL0 ; # org/jetbrains/kotlin/resolve/calls/results/FlatSignatureKt$$Lambda+0x00000001005d9c40
instanceKlass org/jetbrains/kotlin/resolve/calls/results/TypeWithConversion
instanceKlass org/jetbrains/kotlin/resolve/calls/results/FlatSignatureKt
instanceKlass org/jetbrains/kotlin/fir/resolve/calls/overloads/ConeSimpleConstraintSystemImpl
instanceKlass org/jetbrains/kotlin/resolve/calls/results/SimpleConstraintSystem
instanceKlass org/jetbrains/kotlin/resolve/calls/results/FlatSignature$Companion
instanceKlass org/jetbrains/kotlin/resolve/calls/results/FlatSignature
instanceKlass org/jetbrains/kotlin/fir/resolve/calls/overloads/ConeOverloadConflictResolver$DiscriminationFlags
instanceKlass org/jetbrains/kotlin/fir/resolve/calls/jvm/ConeEquivalentCallConflictResolver$filterOutEquivalentCalls$$inlined$sortedBy$1
instanceKlass org/jetbrains/kotlin/fir/resolve/calls/ResolvedCallArgument
instanceKlass org/jetbrains/kotlin/fir/declarations/ExpectActualAttributesKt
instanceKlass org/jetbrains/kotlin/fir/resolve/FirDefaultParametersResolverKt
instanceKlass  @bci org/jetbrains/kotlin/fir/resolve/calls/stages/FirCallArgumentsProcessor <init> (Lorg/jetbrains/kotlin/fir/FirSession;Lorg/jetbrains/kotlin/fir/declarations/FirFunction;Lorg/jetbrains/kotlin/fir/resolve/BodyResolveComponents;Lorg/jetbrains/kotlin/fir/scopes/FirScope;Z)V 81 <appendix> member <vmtarget> ; # org/jetbrains/kotlin/fir/resolve/calls/stages/FirCallArgumentsProcessor$$Lambda+0x00000001005d75d8
instanceKlass org/jetbrains/kotlin/fir/resolve/calls/stages/FirCallArgumentsProcessor
instanceKlass org/jetbrains/kotlin/fir/scopes/impl/FirIntegerConstantOperatorScopeKt
instanceKlass org/jetbrains/kotlin/fir/resolve/inference/FirDelegatedPropertyInferenceSessionKt
instanceKlass  @bci org/jetbrains/kotlin/resolve/calls/inference/components/ConstraintIncorporator areThereRecursiveConstraints (Lorg/jetbrains/kotlin/resolve/calls/inference/components/ConstraintIncorporator$Context;Lorg/jetbrains/kotlin/types/model/TypeVariableMarker;Lorg/jetbrains/kotlin/resolve/calls/inference/model/Constraint;)Z 7 <appendix> member <vmtarget> ; # org/jetbrains/kotlin/resolve/calls/inference/components/ConstraintIncorporator$$Lambda+0x00000001005d58f0
instanceKlass org/jetbrains/kotlin/resolve/calls/inference/components/VariableFixationFinderKt
instanceKlass  @bci org/jetbrains/kotlin/resolve/calls/inference/InferenceUtilsKt extractAllContainingTypeVariablesNoCaptureTypeProcessing (Lorg/jetbrains/kotlin/types/model/TypeSystemInferenceExtensionContext;Lorg/jetbrains/kotlin/types/model/KotlinTypeMarker;Ljava/util/Set;)V 4 <appendix> member <vmtarget> ; # org/jetbrains/kotlin/resolve/calls/inference/InferenceUtilsKt$$Lambda+0x00000001005d54a0
instanceKlass org/jetbrains/kotlin/resolve/calls/inference/InferenceUtilsKt
instanceKlass org/jetbrains/kotlin/types/model/MarkerExtensionsKt
instanceKlass org/jetbrains/kotlin/resolve/calls/inference/model/Constraint
instanceKlass org/jetbrains/kotlin/resolve/calls/inference/components/ConstraintContext
instanceKlass org/jetbrains/kotlin/fir/types/ConeStubTypeConstructor
instanceKlass org/jetbrains/kotlin/resolve/calls/inference/components/ConstraintIncorporator$Context
instanceKlass org/jetbrains/kotlin/resolve/calls/inference/model/InitialConstraint
instanceKlass org/jetbrains/kotlin/types/model/TypeSystemContextHelpersKt
instanceKlass org/jetbrains/kotlin/resolve/calls/inference/model/ConstraintPosition
instanceKlass org/jetbrains/kotlin/resolve/calls/inference/model/OnlyInputTypeConstraintPosition
instanceKlass org/jetbrains/kotlin/resolve/calls/inference/model/MutableVariableWithConstraints
instanceKlass org/jetbrains/kotlin/resolve/calls/inference/model/VariableWithConstraints
instanceKlass org/jetbrains/kotlin/fir/types/ConeTypeVariable
instanceKlass org/jetbrains/kotlin/types/model/TypeVariableMarker
instanceKlass org/jetbrains/kotlin/fir/resolve/calls/stages/CreateFreshTypeVariableSubstitutorStageKt
instanceKlass org/jetbrains/kotlin/fir/resolve/calls/stages/TypeArgumentMapping
instanceKlass org/jetbrains/kotlin/fir/resolve/calls/stages/CheckExplicitReceiverConsistency$WhenMappings
instanceKlass org/jetbrains/kotlin/fir/resolve/calls/ResolutionDiagnosticKt
instanceKlass org/jetbrains/kotlin/fir/resolve/calls/stages/ArgumentMapping
instanceKlass org/jetbrains/kotlin/fir/resolve/calls/stages/FirArgumentsToParametersMapperKt
instanceKlass org/jetbrains/kotlin/fir/resolve/calls/VisibilityUtilsKt
instanceKlass org/jetbrains/kotlin/fir/resolve/calls/stages/ResolutionStageRunner$processCandidate$2
instanceKlass org/jetbrains/kotlin/fir/resolve/calls/candidate/CheckerSink
instanceKlass  @bci org/jetbrains/kotlin/fir/resolve/calls/candidate/Candidate <init> (Lorg/jetbrains/kotlin/fir/symbols/FirBasedSymbol;Lorg/jetbrains/kotlin/fir/expressions/FirExpression;Ljava/util/List;Lorg/jetbrains/kotlin/resolve/calls/tasks/ExplicitReceiverKind;Lorg/jetbrains/kotlin/fir/resolve/inference/InferenceComponents$ConstraintSystemFactory;Lorg/jetbrains/kotlin/resolve/calls/inference/model/ConstraintStorage;Lorg/jetbrains/kotlin/fir/resolve/calls/candidate/CallInfo;Lorg/jetbrains/kotlin/fir/scopes/FirScope;ZZLorg/jetbrains/kotlin/fir/resolve/transformers/body/resolve/BodyResolveContext;)V 115 <appendix> member <vmtarget> ; # org/jetbrains/kotlin/fir/resolve/calls/candidate/Candidate$$Lambda+0x00000001005cf9c8
instanceKlass org/jetbrains/kotlin/fir/resolve/calls/candidate/CandidateFactory$WhenMappings
instanceKlass org/jetbrains/kotlin/fir/resolve/calls/tower/ScopeTowerLevel$processObjectsByName$$inlined$processClassifiersByName$1
instanceKlass  @bci org/jetbrains/kotlin/fir/resolve/calls/tower/ScopeTowerLevel processObjectsByName (Lorg/jetbrains/kotlin/fir/resolve/calls/candidate/CallInfo;Lorg/jetbrains/kotlin/fir/resolve/calls/tower/TowerScopeLevel$TowerScopeLevelProcessor;)Lorg/jetbrains/kotlin/fir/resolve/calls/tower/ProcessResult; 74 <appendix> member <vmtarget> ; # org/jetbrains/kotlin/fir/resolve/calls/tower/ScopeTowerLevel$$Lambda+0x00000001005cee68
instanceKlass org/jetbrains/kotlin/fir/resolve/ResolveUtilsKt
instanceKlass org/jetbrains/kotlin/fir/expressions/builder/FirResolvedQualifierBuilder
instanceKlass org/jetbrains/kotlin/fir/expressions/builder/FirAbstractResolvedQualifierBuilder
instanceKlass org/jetbrains/kotlin/resolve/constants/ClassLiteralValue
instanceKlass  @bci org/jetbrains/kotlin/fir/scopes/impl/FirDefaultStarImportingScope processSymbolsByName (Lorg/jetbrains/kotlin/name/Name;Lkotlin/jvm/functions/Function3;Lkotlin/jvm/functions/Function1;)V 18 <appendix> member <vmtarget> ; # org/jetbrains/kotlin/fir/scopes/impl/FirDefaultStarImportingScope$$Lambda+0x00000001005cb1e0
instanceKlass  @bci org/jetbrains/kotlin/fir/scopes/impl/FirAbstractStarImportingScope processClassifiersByNameWithSubstitution (Lorg/jetbrains/kotlin/name/Name;Lkotlin/jvm/functions/Function2;)V 90 <appendix> member <vmtarget> ; # org/jetbrains/kotlin/fir/scopes/impl/FirAbstractStarImportingScope$$Lambda+0x00000001005ca818
instanceKlass  @bci org/jetbrains/kotlin/fir/scopes/impl/FirDefaultStarImportingScope processClassifiersByNameWithSubstitutionFromBothLevelsConditionally (Lorg/jetbrains/kotlin/name/Name;Lkotlin/jvm/functions/Function2;)V 27 <appendix> member <vmtarget> ; # org/jetbrains/kotlin/fir/scopes/impl/FirDefaultStarImportingScope$$Lambda+0x00000001005ca5e0
instanceKlass  @bci org/jetbrains/kotlin/fir/resolve/calls/ConstructorProcessingKt getFirstClassifierOrNull (Lorg/jetbrains/kotlin/fir/scopes/FirScope;Lorg/jetbrains/kotlin/fir/resolve/calls/candidate/CallInfo;Lorg/jetbrains/kotlin/fir/resolve/calls/ConstructorFilter;Lorg/jetbrains/kotlin/fir/FirSession;Lorg/jetbrains/kotlin/fir/resolve/BodyResolveComponents;)Lorg/jetbrains/kotlin/fir/resolve/calls/SymbolWithSubstitutor; 52 <appendix> member <vmtarget> ; # org/jetbrains/kotlin/fir/resolve/calls/ConstructorProcessingKt$$Lambda+0x00000001005ca3a8
instanceKlass  @cpi org/jetbrains/kotlin/fir/resolve/calls/ConstructorProcessingKt 255 form vmentry <vmtarget> ; # java/lang/invoke/LambdaForm$DMH+0x00000001005cc000
instanceKlass  @bci org/jetbrains/kotlin/fir/java/scopes/JavaClassStaticUseSiteScope computeProperties (Lorg/jetbrains/kotlin/name/Name;)Ljava/util/List; 81 <appendix> member <vmtarget> ; # org/jetbrains/kotlin/fir/java/scopes/JavaClassStaticUseSiteScope$$Lambda+0x00000001005ca170
instanceKlass  @bci org/jetbrains/kotlin/fir/java/scopes/JavaClassStaticUseSiteScope computeProperties (Lorg/jetbrains/kotlin/name/Name;)Ljava/util/List; 17 <appendix> member <vmtarget> ; # org/jetbrains/kotlin/fir/java/scopes/JavaClassStaticUseSiteScope$$Lambda+0x00000001005c9f38
instanceKlass  @bci org/jetbrains/kotlin/fir/java/scopes/JavaClassStaticEnhancementScope processPropertiesByName (Lorg/jetbrains/kotlin/name/Name;Lkotlin/jvm/functions/Function1;)V 20 <appendix> member <vmtarget> ; # org/jetbrains/kotlin/fir/java/scopes/JavaClassStaticEnhancementScope$$Lambda+0x00000001005c9d00
instanceKlass  @bci org/jetbrains/kotlin/fir/scopes/impl/FirStaticScope processPropertiesByName (Lorg/jetbrains/kotlin/name/Name;Lkotlin/jvm/functions/Function1;)V 18 <appendix> member <vmtarget> ; # org/jetbrains/kotlin/fir/scopes/impl/FirStaticScope$$Lambda+0x00000001005c9ac8
instanceKlass  @bci org/jetbrains/kotlin/fir/resolve/calls/tower/ScopeTowerLevel processPropertiesByName (Lorg/jetbrains/kotlin/fir/resolve/calls/candidate/CallInfo;Lorg/jetbrains/kotlin/fir/resolve/calls/tower/TowerScopeLevel$TowerScopeLevelProcessor;)Lorg/jetbrains/kotlin/fir/resolve/calls/tower/ProcessResult; 77 <appendix> member <vmtarget> ; # org/jetbrains/kotlin/fir/resolve/calls/tower/ScopeTowerLevel$$Lambda+0x00000001005c9890
instanceKlass  @bci org/jetbrains/kotlin/fir/java/scopes/JavaClassStaticUseSiteScope computeFunctions (Lorg/jetbrains/kotlin/name/Name;)Ljava/util/List; 44 <appendix> member <vmtarget> ; # org/jetbrains/kotlin/fir/java/scopes/JavaClassStaticUseSiteScope$$Lambda+0x00000001005c9658
instanceKlass  @bci org/jetbrains/kotlin/fir/java/scopes/JavaClassStaticUseSiteScope computeFunctions (Lorg/jetbrains/kotlin/name/Name;)Ljava/util/List; 17 <appendix> member <vmtarget> ; # org/jetbrains/kotlin/fir/java/scopes/JavaClassStaticUseSiteScope$$Lambda+0x00000001005c9420
instanceKlass  @bci org/jetbrains/kotlin/fir/java/scopes/JavaClassStaticEnhancementScope processFunctionsByName (Lorg/jetbrains/kotlin/name/Name;Lkotlin/jvm/functions/Function1;)V 20 <appendix> member <vmtarget> ; # org/jetbrains/kotlin/fir/java/scopes/JavaClassStaticEnhancementScope$$Lambda+0x00000001005c91e8
instanceKlass  @bci org/jetbrains/kotlin/fir/scopes/impl/FirStaticScope processFunctionsByName (Lorg/jetbrains/kotlin/name/Name;Lkotlin/jvm/functions/Function1;)V 18 <appendix> member <vmtarget> ; # org/jetbrains/kotlin/fir/scopes/impl/FirStaticScope$$Lambda+0x00000001005c8fb0
instanceKlass org/jetbrains/kotlin/fir/scopes/FirCompositeScope$processComposite$1
instanceKlass  @bci org/jetbrains/kotlin/fir/resolve/calls/tower/ScopeTowerLevel processFunctionsByName (Lorg/jetbrains/kotlin/fir/resolve/calls/candidate/CallInfo;Lorg/jetbrains/kotlin/fir/resolve/calls/tower/TowerScopeLevel$TowerScopeLevelProcessor;)Lorg/jetbrains/kotlin/fir/resolve/calls/tower/ProcessResult; 86 <appendix> member <vmtarget> ; # org/jetbrains/kotlin/fir/resolve/calls/tower/ScopeTowerLevel$$Lambda+0x00000001005c8b40
instanceKlass  @bci org/jetbrains/kotlin/fir/resolve/calls/FirSyntheticPropertiesScope processPropertiesByName (Lorg/jetbrains/kotlin/name/Name;Lkotlin/jvm/functions/Function1;)V 73 <appendix> member <vmtarget> ; # org/jetbrains/kotlin/fir/resolve/calls/FirSyntheticPropertiesScope$$Lambda+0x00000001005c8908
instanceKlass  @bci org/jetbrains/kotlin/fir/resolve/calls/tower/MemberScopeTowerLevel processPropertiesByName$lambda$9 (Lorg/jetbrains/kotlin/fir/FirLookupTrackerComponent;Lorg/jetbrains/kotlin/fir/resolve/calls/candidate/CallInfo;Lorg/jetbrains/kotlin/fir/resolve/calls/tower/MemberScopeTowerLevel;Lorg/jetbrains/kotlin/fir/scopes/FirScope;Lkotlin/jvm/functions/Function1;)Lkotlin/Unit; 47 <appendix> member <vmtarget> ; # org/jetbrains/kotlin/fir/resolve/calls/tower/MemberScopeTowerLevel$$Lambda+0x00000001005c86d0
instanceKlass  @bci org/jetbrains/kotlin/fir/resolve/calls/tower/MemberScopeTowerLevel processPropertiesByName (Lorg/jetbrains/kotlin/fir/resolve/calls/candidate/CallInfo;Lorg/jetbrains/kotlin/fir/resolve/calls/tower/TowerScopeLevel$TowerScopeLevelProcessor;)Lorg/jetbrains/kotlin/fir/resolve/calls/tower/ProcessResult; 28 <appendix> member <vmtarget> ; # org/jetbrains/kotlin/fir/resolve/calls/tower/MemberScopeTowerLevel$$Lambda+0x00000001005c8498
instanceKlass kotlin/coroutines/jvm/internal/Boxing
instanceKlass  @bci org/jetbrains/kotlin/fir/resolve/calls/tower/MemberScopeTowerLevel processMembers (Lorg/jetbrains/kotlin/fir/resolve/calls/candidate/CallInfo;Lorg/jetbrains/kotlin/fir/resolve/calls/tower/TowerScopeLevel$TowerScopeLevelProcessor;Lkotlin/jvm/functions/Function2;)Lorg/jetbrains/kotlin/fir/resolve/calls/tower/ProcessResult; 643 <appendix> member <vmtarget> ; # org/jetbrains/kotlin/fir/resolve/calls/tower/MemberScopeTowerLevel$$Lambda+0x00000001005c7a10
instanceKlass org/jetbrains/kotlin/fir/resolve/calls/FirSyntheticNamesProviderKt
instanceKlass org/jetbrains/kotlin/fir/resolve/calls/stages/ResolutionStagesKt
instanceKlass org/jetbrains/kotlin/fir/resolve/calls/FirSyntheticPropertiesScope$Companion
instanceKlass org/jetbrains/kotlin/fir/resolve/calls/ConstructorProcessingKt
instanceKlass  @bci org/jetbrains/kotlin/fir/resolve/calls/tower/MemberScopeTowerLevel processFunctionsByName$lambda$7 (Lorg/jetbrains/kotlin/fir/FirLookupTrackerComponent;Lorg/jetbrains/kotlin/fir/resolve/calls/candidate/CallInfo;Lorg/jetbrains/kotlin/fir/resolve/calls/tower/MemberScopeTowerLevel;Lorg/jetbrains/kotlin/fir/scopes/FirScope;Lkotlin/jvm/functions/Function1;)Lkotlin/Unit; 55 <appendix> member <vmtarget> ; # org/jetbrains/kotlin/fir/resolve/calls/tower/MemberScopeTowerLevel$$Lambda+0x00000001005c6588
instanceKlass  @bci org/jetbrains/kotlin/fir/resolve/calls/tower/MemberScopeTowerLevel collectCandidates (Lorg/jetbrains/kotlin/fir/scopes/FirTypeScope;Lkotlin/jvm/functions/Function2;)Lkotlin/Pair; 32 <appendix> member <vmtarget> ; # org/jetbrains/kotlin/fir/resolve/calls/tower/MemberScopeTowerLevel$$Lambda+0x00000001005c5ef0
instanceKlass  @bci org/jetbrains/kotlin/fir/resolve/calls/tower/MemberScopeTowerLevel processFunctionsByName (Lorg/jetbrains/kotlin/fir/resolve/calls/candidate/CallInfo;Lorg/jetbrains/kotlin/fir/resolve/calls/tower/TowerScopeLevel$TowerScopeLevelProcessor;)Lorg/jetbrains/kotlin/fir/resolve/calls/tower/ProcessResult; 28 <appendix> member <vmtarget> ; # org/jetbrains/kotlin/fir/resolve/calls/tower/MemberScopeTowerLevel$$Lambda+0x00000001005c5cb8
instanceKlass org/jetbrains/kotlin/fir/resolve/calls/tower/TowerScopeLevelProcessor
instanceKlass org/jetbrains/kotlin/fir/resolve/calls/tower/TowerScopeLevel$TowerScopeLevelProcessor
instanceKlass org/jetbrains/kotlin/fir/resolve/calls/tower/TowerScopeLevel
instanceKlass org/jetbrains/kotlin/resolve/descriptorUtil/AnnotationsForResolveKt
instanceKlass org/jetbrains/kotlin/resolve/calls/tower/CandidateApplicabilityKt
instanceKlass org/jetbrains/kotlin/fir/resolve/calls/tower/FirInvokeResolveTowerExtension$enqueueInvokeReceiverTask$invokeReceiverProcessor$1
instanceKlass org/jetbrains/kotlin/fir/resolve/calls/tower/TowerResolveManager$SuspendedResolverTask
instanceKlass org/jetbrains/kotlin/fir/resolve/calls/tower/TowerResolveManager$enqueueResolverTask$continuation$1
instanceKlass org/jetbrains/kotlin/fir/resolve/calls/tower/TowerLevelHandler
instanceKlass  @bci org/jetbrains/kotlin/fir/resolve/calls/tower/TowerDataElementsForName <init> (Lorg/jetbrains/kotlin/name/Name;Lorg/jetbrains/kotlin/fir/declarations/FirTowerDataContext;)V 68 <appendix> member <vmtarget> ; # org/jetbrains/kotlin/fir/resolve/calls/tower/TowerDataElementsForName$$Lambda+0x00000001005bf5c8
instanceKlass  @bci org/jetbrains/kotlin/fir/resolve/calls/tower/TowerDataElementsForName <init> (Lorg/jetbrains/kotlin/name/Name;Lorg/jetbrains/kotlin/fir/declarations/FirTowerDataContext;)V 52 <appendix> member <vmtarget> ; # org/jetbrains/kotlin/fir/resolve/calls/tower/TowerDataElementsForName$$Lambda+0x00000001005bf390
instanceKlass  @bci org/jetbrains/kotlin/fir/resolve/calls/tower/TowerDataElementsForName <init> (Lorg/jetbrains/kotlin/name/Name;Lorg/jetbrains/kotlin/fir/declarations/FirTowerDataContext;)V 36 <appendix> member <vmtarget> ; # org/jetbrains/kotlin/fir/resolve/calls/tower/TowerDataElementsForName$$Lambda+0x00000001005bf158
instanceKlass org/jetbrains/kotlin/fir/resolve/calls/tower/TowerDataElementsForName
instanceKlass org/jetbrains/kotlin/fir/resolve/calls/tower/FirBaseTowerResolveTask
instanceKlass org/jetbrains/kotlin/fir/resolve/calls/tower/FirInvokeResolveTowerExtension
instanceKlass org/jetbrains/kotlin/fir/resolve/calls/tower/CandidateFactoriesAndCollectors
instanceKlass org/jetbrains/kotlin/resolve/calls/inference/model/MutableConstraintStorage
instanceKlass org/jetbrains/kotlin/resolve/calls/inference/model/ConstraintStorage
instanceKlass org/jetbrains/kotlin/resolve/calls/inference/components/ConstraintSystemCompletionContext
instanceKlass org/jetbrains/kotlin/resolve/calls/inference/components/VariableFixationFinder$Context
instanceKlass org/jetbrains/kotlin/resolve/calls/inference/components/ResultTypeResolver$Context
instanceKlass org/jetbrains/kotlin/resolve/calls/inference/components/ConstraintInjector$Context
instanceKlass org/jetbrains/kotlin/resolve/calls/inference/NewConstraintSystem
instanceKlass org/jetbrains/kotlin/resolve/calls/inference/ConstraintSystemBuilder
instanceKlass org/jetbrains/kotlin/resolve/calls/inference/ConstraintSystemOperation
instanceKlass org/jetbrains/kotlin/resolve/calls/components/PostponedArgumentsAnalyzerContext
instanceKlass org/jetbrains/kotlin/fir/resolve/calls/candidate/CandidateFactory$Companion
instanceKlass org/jetbrains/kotlin/fir/resolve/calls/candidate/CandidateFactory
instanceKlass org/jetbrains/kotlin/fir/resolve/calls/AbstractCallInfo
instanceKlass org/jetbrains/kotlin/fir/resolve/calls/stages/ResolutionStage
instanceKlass org/jetbrains/kotlin/fir/resolve/calls/candidate/CallKind
instanceKlass org/jetbrains/kotlin/fir/resolve/dfa/cfg/PostponedPath
instanceKlass org/jetbrains/kotlin/fir/resolve/dfa/cfg/CFGNodeKt
instanceKlass org/jetbrains/kotlin/fir/resolve/dfa/cfg/Edge$Companion
instanceKlass org/jetbrains/kotlin/fir/resolve/dfa/cfg/Edge
instanceKlass org/jetbrains/kotlin/fir/resolve/dfa/cfg/NormalPath
instanceKlass org/jetbrains/kotlin/fir/resolve/dfa/cfg/EdgeLabel
instanceKlass org/jetbrains/kotlin/fir/resolve/dfa/cfg/EdgeKind$Companion
instanceKlass org/jetbrains/kotlin/fir/resolve/BodyResolveComponentsKt
instanceKlass org/jetbrains/kotlin/fir/resolve/transformers/InvocationKindTransformerKt
instanceKlass org/jetbrains/kotlin/fir/resolve/ResolutionModeKt
instanceKlass org/jetbrains/kotlin/fir/resolve/dfa/Identifier
instanceKlass org/jetbrains/kotlin/kotlinx/collections/immutable/internal/MutabilityOwnership
instanceKlass org/jetbrains/kotlin/kotlinx/collections/immutable/PersistentMap$Builder
instanceKlass org/jetbrains/kotlin/fir/resolve/dfa/FlowKt
instanceKlass  @bci org/jetbrains/kotlin/fir/resolve/dfa/FirDataFlowAnalyzer mergeIncomingFlow$default (Lorg/jetbrains/kotlin/fir/resolve/dfa/FirDataFlowAnalyzer;Lorg/jetbrains/kotlin/fir/resolve/dfa/cfg/CFGNode;Lkotlin/jvm/functions/Function2;ILjava/lang/Object;)V 22 <appendix> argL0 ; # org/jetbrains/kotlin/fir/resolve/dfa/FirDataFlowAnalyzer$$Lambda+0x00000001005b20c0
instanceKlass org/jetbrains/kotlin/fir/resolve/dfa/Flow
instanceKlass org/jetbrains/kotlin/fir/resolve/dfa/FlowPath
instanceKlass org/jetbrains/kotlin/fir/resolve/dfa/cfg/GraphExitNodeMarker
instanceKlass org/jetbrains/kotlin/fir/resolve/dfa/cfg/CFGNode$Companion
instanceKlass org/jetbrains/kotlin/fir/resolve/dfa/cfg/ControlFlowGraphNodeBuilderKt
instanceKlass org/jetbrains/kotlin/fir/resolve/transformers/body/resolve/ImplicitBodyResolveComputationStatus
instanceKlass  @bci org/jetbrains/kotlin/fir/resolve/transformers/body/resolve/FirImplicitAwareBodyResolveTransformer transformSimpleFunction (Lorg/jetbrains/kotlin/fir/declarations/FirSimpleFunction;Lorg/jetbrains/kotlin/fir/resolve/ResolutionMode;)Lorg/jetbrains/kotlin/fir/declarations/FirSimpleFunction; 20 <appendix> member <vmtarget> ; # org/jetbrains/kotlin/fir/resolve/transformers/body/resolve/FirImplicitAwareBodyResolveTransformer$$Lambda+0x00000001005b0470
instanceKlass  @bci org/jetbrains/kotlin/fir/resolve/transformers/body/resolve/FirImplicitAwareBodyResolveTransformer transformProperty (Lorg/jetbrains/kotlin/fir/declarations/FirProperty;Lorg/jetbrains/kotlin/fir/resolve/ResolutionMode;)Lorg/jetbrains/kotlin/fir/declarations/FirProperty; 20 <appendix> member <vmtarget> ; # org/jetbrains/kotlin/fir/resolve/transformers/body/resolve/FirImplicitAwareBodyResolveTransformer$$Lambda+0x00000001005b0238
instanceKlass  @bci org/jetbrains/kotlin/fir/resolve/transformers/body/resolve/FirDeclarationsResolveTransformer withRegularClass (Lorg/jetbrains/kotlin/fir/declarations/FirRegularClass;Lkotlin/jvm/functions/Function0;)Lorg/jetbrains/kotlin/fir/declarations/FirRegularClass; 82 <appendix> member <vmtarget> ; # org/jetbrains/kotlin/fir/resolve/transformers/body/resolve/FirDeclarationsResolveTransformer$$Lambda+0x00000001005b0000
instanceKlass  @bci org/jetbrains/kotlin/fir/resolve/transformers/body/resolve/FirDeclarationsResolveTransformer doTransformRegularClass (Lorg/jetbrains/kotlin/fir/declarations/FirRegularClass;Lorg/jetbrains/kotlin/fir/resolve/ResolutionMode;)Lorg/jetbrains/kotlin/fir/declarations/FirRegularClass; 19 <appendix> member <vmtarget> ; # org/jetbrains/kotlin/fir/resolve/transformers/body/resolve/FirDeclarationsResolveTransformer$$Lambda+0x00000001005afcd8
instanceKlass org/jetbrains/kotlin/fir/util/PersistentMultimap
instanceKlass org/jetbrains/kotlin/kotlinx/collections/immutable/implementations/persistentOrderedMap/LinkedValue
instanceKlass org/jetbrains/kotlin/kotlinx/collections/immutable/implementations/persistentOrderedSet/Links
instanceKlass org/jetbrains/kotlin/kotlinx/collections/immutable/implementations/persistentOrderedSet/PersistentOrderedSet$Companion
instanceKlass kotlin/collections/ReversedList$listIterator$1
instanceKlass org/jetbrains/kotlin/fir/declarations/TowerElementsForClass
instanceKlass org/jetbrains/kotlin/fir/resolve/calls/FirReceiversKt
instanceKlass org/jetbrains/kotlin/fir/resolve/calls/ReceiverValue
instanceKlass  @bci org/jetbrains/kotlin/fir/scopes/FirCompositeScope <init> (Ljava/lang/Iterable;)V 20 <appendix> member <vmtarget> ; # org/jetbrains/kotlin/fir/scopes/FirCompositeScope$$Lambda+0x00000001005acee8
instanceKlass  @bci org/jetbrains/kotlin/fir/java/scopes/JavaClassStaticEnhancementScope <init> (Lorg/jetbrains/kotlin/fir/FirSession;Lorg/jetbrains/kotlin/fir/symbols/impl/FirRegularClassSymbol;Lorg/jetbrains/kotlin/fir/java/scopes/JavaClassStaticUseSiteScope;)V 44 <appendix> argL0 ; # org/jetbrains/kotlin/fir/java/scopes/JavaClassStaticEnhancementScope$$Lambda+0x00000001005abf38
instanceKlass org/jetbrains/kotlin/utils/DFS$VisitedWithSet
instanceKlass org/jetbrains/kotlin/utils/DFS$Visited
instanceKlass org/jetbrains/kotlin/utils/DFS
instanceKlass org/jetbrains/kotlin/utils/DFS$AbstractNodeHandler
instanceKlass org/jetbrains/kotlin/utils/DFS$NodeHandler
instanceKlass  @bci org/jetbrains/kotlin/fir/java/JavaScopeProvider findClosestJavaSuperTypes (Lorg/jetbrains/kotlin/fir/declarations/FirRegularClass;Lorg/jetbrains/kotlin/fir/FirSession;)Ljava/util/Collection; 19 <appendix> member <vmtarget> ; # org/jetbrains/kotlin/fir/java/JavaScopeProvider$$Lambda+0x00000001005aab10
instanceKlass org/jetbrains/kotlin/utils/DFS$Neighbors
instanceKlass  @bci org/jetbrains/kotlin/fir/resolve/transformers/body/resolve/BodyResolveContext withRegularClass (Lorg/jetbrains/kotlin/fir/declarations/FirRegularClass;Lorg/jetbrains/kotlin/fir/resolve/SessionHolder;Lkotlin/jvm/functions/Function0;)Ljava/lang/Object; 122 <appendix> member <vmtarget> ; # org/jetbrains/kotlin/fir/resolve/transformers/body/resolve/BodyResolveContext$$Lambda+0x00000001005aa460
instanceKlass  @bci org/jetbrains/kotlin/fir/resolve/transformers/contracts/FirAbstractContractResolveTransformerDispatcher$FirDeclarationsContractResolveTransformer withRegularClass (Lorg/jetbrains/kotlin/fir/declarations/FirRegularClass;Lkotlin/jvm/functions/Function0;)Lorg/jetbrains/kotlin/fir/declarations/FirRegularClass; 49 <appendix> member <vmtarget> ; # org/jetbrains/kotlin/fir/resolve/transformers/contracts/FirAbstractContractResolveTransformerDispatcher$FirDeclarationsContractResolveTransformer$$Lambda+0x00000001005aa228
instanceKlass  @bci org/jetbrains/kotlin/fir/resolve/transformers/contracts/FirAbstractContractResolveTransformerDispatcher$FirDeclarationsContractResolveTransformer transformRegularClass (Lorg/jetbrains/kotlin/fir/declarations/FirRegularClass;Lorg/jetbrains/kotlin/fir/resolve/ResolutionMode;)Lorg/jetbrains/kotlin/fir/declarations/FirRegularClass; 18 <appendix> member <vmtarget> ; # org/jetbrains/kotlin/fir/resolve/transformers/contracts/FirAbstractContractResolveTransformerDispatcher$FirDeclarationsContractResolveTransformer$$Lambda+0x00000001005a9ff0
instanceKlass  @bci org/jetbrains/kotlin/fir/resolve/transformers/body/resolve/FirDeclarationsResolveTransformer doTransformFile (Lorg/jetbrains/kotlin/fir/declarations/FirFile;Lorg/jetbrains/kotlin/fir/resolve/ResolutionMode;)Lorg/jetbrains/kotlin/fir/declarations/FirFile; 5 <appendix> member <vmtarget> ; # org/jetbrains/kotlin/fir/resolve/transformers/body/resolve/FirDeclarationsResolveTransformer$$Lambda+0x00000001005a9db8
instanceKlass org/jetbrains/kotlin/fir/resolve/ResolutionMode$Companion
instanceKlass org/jetbrains/kotlin/fir/resolve/ResolutionMode
instanceKlass org/jetbrains/kotlin/resolve/DataClassResolver
instanceKlass  @bci org/jetbrains/kotlin/fir/scopes/impl/FirSynthesizedStorage$SynthesizedCache <init> (Lorg/jetbrains/kotlin/fir/caches/FirCachesFactory;)V 12 <appendix> argL0 ; # org/jetbrains/kotlin/fir/scopes/impl/FirSynthesizedStorage$SynthesizedCache$$Lambda+0x00000001005a8650
instanceKlass org/jetbrains/kotlin/fir/scopes/impl/FirSynthesizedStorage$SynthesizedCache
instanceKlass org/jetbrains/kotlin/fir/scopes/impl/FirClassAnySynthesizedMemberScopeKt
instanceKlass org/jetbrains/kotlin/fir/scopes/impl/FirClassAnySynthesizedMemberScope$Companion
instanceKlass org/jetbrains/kotlin/fir/declarations/FirDeclarationOriginKt
instanceKlass org/jetbrains/kotlin/fir/scopes/impl/FirClassSubstitutionScope$SubstitutedData
instanceKlass org/jetbrains/kotlin/fir/scopes/impl/FirFakeOverrideGenerator
instanceKlass  @bci org/jetbrains/kotlin/fir/scopes/impl/FirClassSubstitutionScope processFunctionsByName (Lorg/jetbrains/kotlin/name/Name;Lkotlin/jvm/functions/Function1;)V 19 <appendix> member <vmtarget> ; # org/jetbrains/kotlin/fir/scopes/impl/FirClassSubstitutionScope$$Lambda+0x00000001005a1460
instanceKlass  @bci org/jetbrains/kotlin/fir/scopes/impl/FirSubstitutionOverrideStorage$SubstitutionOverrideCache <init> (Lorg/jetbrains/kotlin/fir/caches/FirCachesFactory;)V 38 <appendix> argL0 ; # org/jetbrains/kotlin/fir/scopes/impl/FirSubstitutionOverrideStorage$SubstitutionOverrideCache$$Lambda+0x00000001005a1230
instanceKlass  @bci org/jetbrains/kotlin/fir/scopes/impl/FirSubstitutionOverrideStorage$SubstitutionOverrideCache <init> (Lorg/jetbrains/kotlin/fir/caches/FirCachesFactory;)V 25 <appendix> argL0 ; # org/jetbrains/kotlin/fir/scopes/impl/FirSubstitutionOverrideStorage$SubstitutionOverrideCache$$Lambda+0x00000001005a1000
instanceKlass  @bci org/jetbrains/kotlin/fir/scopes/impl/FirSubstitutionOverrideStorage$SubstitutionOverrideCache <init> (Lorg/jetbrains/kotlin/fir/caches/FirCachesFactory;)V 12 <appendix> argL0 ; # org/jetbrains/kotlin/fir/scopes/impl/FirSubstitutionOverrideStorage$SubstitutionOverrideCache$$Lambda+0x00000001005a3dc0
instanceKlass org/jetbrains/kotlin/fir/scopes/impl/FirSubstitutionOverrideStorage$SubstitutionOverrideCache
instanceKlass org/jetbrains/kotlin/fir/scopes/impl/FirClassSubstitutionScopeKt
instanceKlass java/util/AbstractMap$SimpleImmutableEntry
instanceKlass org/jetbrains/kotlin/fir/types/ConeTypeVariableTypeConstructor
instanceKlass org/jetbrains/kotlin/types/model/TypeVariableTypeConstructorMarker
instanceKlass org/jetbrains/kotlin/fir/types/ConeCapturedTypeConstructor
instanceKlass org/jetbrains/kotlin/types/model/CapturedTypeConstructorMarker
instanceKlass  @bci org/jetbrains/kotlin/fir/scopes/FirTypeScopeKt doProcessAllOverriddenCallables (Lorg/jetbrains/kotlin/fir/scopes/FirTypeScope;Lorg/jetbrains/kotlin/fir/symbols/impl/FirCallableSymbol;Lkotlin/jvm/functions/Function2;Lkotlin/jvm/functions/Function3;Ljava/util/Set;)Lorg/jetbrains/kotlin/fir/scopes/ProcessorAction; 26 <appendix> member <vmtarget> ; # org/jetbrains/kotlin/fir/scopes/FirTypeScopeKt$$Lambda+0x00000001005a2238
instanceKlass  @bci org/jetbrains/kotlin/fir/scopes/FirTypeScopeKt doProcessAllOverriddenCallables (Lorg/jetbrains/kotlin/fir/scopes/FirTypeScope;Lorg/jetbrains/kotlin/fir/symbols/impl/FirCallableSymbol;Lkotlin/jvm/functions/Function1;Lkotlin/jvm/functions/Function3;Ljava/util/Set;)Lorg/jetbrains/kotlin/fir/scopes/ProcessorAction; 3 <appendix> member <vmtarget> ; # org/jetbrains/kotlin/fir/scopes/FirTypeScopeKt$$Lambda+0x00000001005a2000
instanceKlass  @bci org/jetbrains/kotlin/fir/java/scopes/JavaOverrideChecker hasPrimitiveReturnTypeInJvm (Lorg/jetbrains/kotlin/fir/declarations/FirSimpleFunction;Lorg/jetbrains/kotlin/fir/types/ConeKotlinType;)Z 34 <appendix> member <vmtarget> ; # org/jetbrains/kotlin/fir/java/scopes/JavaOverrideChecker$$Lambda+0x00000001005a7800
instanceKlass org/jetbrains/kotlin/types/model/CapturedTypeMarker
instanceKlass org/jetbrains/kotlin/types/model/StubTypeMarker
instanceKlass org/jetbrains/kotlin/fir/expressions/builder/FirExpressionStubBuilder
instanceKlass  @bci org/jetbrains/kotlin/fir/java/deserialization/JvmBinaryAnnotationDeserializerKt$loadMemberAnnotations$1$AnnotationVisitorForMethod visitAnnotationMemberDefaultValue ()Lorg/jetbrains/kotlin/load/kotlin/KotlinJvmBinaryClass$AnnotationArgumentVisitor; 15 <appendix> member <vmtarget> ; # org/jetbrains/kotlin/fir/java/deserialization/JvmBinaryAnnotationDeserializerKt$loadMemberAnnotations$1$AnnotationVisitorForMethod$$Lambda+0x00000001005a6240
instanceKlass org/jetbrains/kotlin/util/OneElementArrayMap$iterator$1
instanceKlass org/jetbrains/kotlin/fir/types/CompilerConeAttributesKt
instanceKlass org/jetbrains/kotlin/fir/scopes/ProcessorAction$WhenMappings
instanceKlass  @bci org/jetbrains/kotlin/fir/resolve/transformers/FirStatusResolver getOverriddenFunctions (Lorg/jetbrains/kotlin/fir/declarations/FirSimpleFunction;Lorg/jetbrains/kotlin/fir/declarations/FirClass;)Ljava/util/List; 69 <appendix> member <vmtarget> ; # org/jetbrains/kotlin/fir/resolve/transformers/FirStatusResolver$$Lambda+0x00000001005a4cc0
instanceKlass org/jetbrains/kotlin/fir/scopes/impl/AbstractFirOverrideScopeKt
instanceKlass org/jetbrains/kotlin/types/AbstractTypeRefiner
instanceKlass org/jetbrains/kotlin/types/AbstractTypePreparator
instanceKlass org/jetbrains/kotlin/types/AbstractTypeChecker
instanceKlass org/jetbrains/kotlin/fir/resolve/transformers/PhaseUtilsKt
instanceKlass org/jetbrains/kotlin/descriptors/Visibilities
instanceKlass org/jetbrains/kotlin/fir/scopes/impl/FirAbstractOverrideCheckerKt
instanceKlass org/jetbrains/kotlin/fir/scopes/MemberWithBaseScope
instanceKlass org/jetbrains/kotlin/fir/scopes/impl/FirTypeIntersectionScopeContext$ResultOfIntersection
instanceKlass org/jetbrains/kotlin/fir/declarations/CheckResult
instanceKlass  @bci org/jetbrains/kotlin/fir/declarations/OperatorFunctionChecks <clinit> ()V 776 <appendix> argL0 ; # org/jetbrains/kotlin/fir/declarations/OperatorFunctionChecks$$Lambda+0x000000010059ea00
instanceKlass  @bci org/jetbrains/kotlin/fir/declarations/Checks$Returns <clinit> ()V 47 <appendix> argL0 ; # org/jetbrains/kotlin/fir/declarations/Checks$Returns$$Lambda+0x000000010059e5b0
instanceKlass  @bci org/jetbrains/kotlin/fir/declarations/Checks$Returns <clinit> ()V 31 <appendix> argL0 ; # org/jetbrains/kotlin/fir/declarations/Checks$Returns$$Lambda+0x000000010059e380
instanceKlass  @bci org/jetbrains/kotlin/fir/declarations/Checks$Returns <clinit> ()V 15 <appendix> argL0 ; # org/jetbrains/kotlin/fir/declarations/Checks$Returns$$Lambda+0x000000010059e150
instanceKlass org/jetbrains/kotlin/fir/declarations/Checks$Returns
instanceKlass  @bci org/jetbrains/kotlin/fir/declarations/Checks$ValueParametersCount exactly (I)Lorg/jetbrains/kotlin/fir/declarations/Check; 28 <appendix> member <vmtarget> ; # org/jetbrains/kotlin/fir/declarations/Checks$ValueParametersCount$$Lambda+0x000000010059dd08
instanceKlass  @bci org/jetbrains/kotlin/fir/declarations/OperatorFunctionChecks <clinit> ()V 92 <appendix> argL0 ; # org/jetbrains/kotlin/fir/declarations/OperatorFunctionChecks$$Lambda+0x000000010059dad8
instanceKlass  @bci org/jetbrains/kotlin/fir/declarations/Checks$ValueParametersCount atLeast (I)Lorg/jetbrains/kotlin/fir/declarations/Check; 43 <appendix> member <vmtarget> ; # org/jetbrains/kotlin/fir/declarations/Checks$ValueParametersCount$$Lambda+0x000000010059d8a8
instanceKlass  @cpi org/jetbrains/kotlin/fir/declarations/Checks$ValueParametersCount 72 form vmentry <vmtarget> ; # java/lang/invoke/LambdaForm$DMH+0x00000001005a0000
instanceKlass  @bci org/jetbrains/kotlin/fir/declarations/Checks$ValueParametersCount <clinit> ()V 31 <appendix> argL0 ; # org/jetbrains/kotlin/fir/declarations/Checks$ValueParametersCount$$Lambda+0x000000010059d678
instanceKlass  @bci org/jetbrains/kotlin/fir/declarations/Checks$ValueParametersCount <clinit> ()V 15 <appendix> argL0 ; # org/jetbrains/kotlin/fir/declarations/Checks$ValueParametersCount$$Lambda+0x000000010059d448
instanceKlass org/jetbrains/kotlin/fir/declarations/Checks$ValueParametersCount
instanceKlass  @bci org/jetbrains/kotlin/fir/declarations/Checks <clinit> ()V 122 <appendix> argL0 ; # org/jetbrains/kotlin/fir/declarations/Checks$$Lambda+0x000000010059cdd8
instanceKlass  @bci org/jetbrains/kotlin/fir/declarations/Checks <clinit> ()V 63 <appendix> argL0 ; # org/jetbrains/kotlin/fir/declarations/Checks$$Lambda+0x000000010059c9a0
instanceKlass  @bci org/jetbrains/kotlin/fir/declarations/Checks <clinit> ()V 47 <appendix> argL0 ; # org/jetbrains/kotlin/fir/declarations/Checks$$Lambda+0x000000010059c770
instanceKlass  @bci org/jetbrains/kotlin/fir/declarations/Checks <clinit> ()V 31 <appendix> argL0 ; # org/jetbrains/kotlin/fir/declarations/Checks$$Lambda+0x000000010059c540
instanceKlass  @bci org/jetbrains/kotlin/fir/declarations/Checks <clinit> ()V 15 <appendix> argL0 ; # org/jetbrains/kotlin/fir/declarations/Checks$$Lambda+0x000000010059c0e8
instanceKlass org/jetbrains/kotlin/fir/declarations/Checks
instanceKlass org/jetbrains/kotlin/fir/declarations/Check
instanceKlass org/jetbrains/kotlin/fir/declarations/OperatorFunctionChecks
instanceKlass org/jetbrains/kotlin/types/AbstractStrictEqualityTypeChecker
instanceKlass org/jetbrains/kotlin/fir/java/enhancement/JavaTypeUtilsKt$WhenMappings
instanceKlass org/jetbrains/kotlin/fir/java/enhancement/FirSignatureEnhancement$TypeInSignature
instanceKlass org/jetbrains/kotlin/fir/scopes/FirTypeScopeKt$getDirectOverriddenFunctions$$inlined$processDirectlyOverriddenFunctions$1
instanceKlass org/jetbrains/kotlin/fir/scopes/FirTypeScopeKt
instanceKlass  @bci org/jetbrains/kotlin/load/java/typeEnhancement/PredefinedEnhancementInfoKt <clinit> ()V 1221 <appendix> member <vmtarget> ; # org/jetbrains/kotlin/load/java/typeEnhancement/PredefinedEnhancementInfoKt$$Lambda+0x000000010059a148
instanceKlass  @bci org/jetbrains/kotlin/load/java/typeEnhancement/PredefinedEnhancementInfoKt <clinit> ()V 1170 <appendix> member <vmtarget> ; # org/jetbrains/kotlin/load/java/typeEnhancement/PredefinedEnhancementInfoKt$$Lambda+0x0000000100599f10
instanceKlass  @bci org/jetbrains/kotlin/load/java/typeEnhancement/PredefinedEnhancementInfoKt <clinit> ()V 1128 <appendix> member <vmtarget> ; # org/jetbrains/kotlin/load/java/typeEnhancement/PredefinedEnhancementInfoKt$$Lambda+0x0000000100599cd8
instanceKlass  @bci org/jetbrains/kotlin/load/java/typeEnhancement/PredefinedEnhancementInfoKt <clinit> ()V 1086 <appendix> member <vmtarget> ; # org/jetbrains/kotlin/load/java/typeEnhancement/PredefinedEnhancementInfoKt$$Lambda+0x0000000100599aa0
instanceKlass  @bci org/jetbrains/kotlin/load/java/typeEnhancement/PredefinedEnhancementInfoKt <clinit> ()V 1044 <appendix> member <vmtarget> ; # org/jetbrains/kotlin/load/java/typeEnhancement/PredefinedEnhancementInfoKt$$Lambda+0x0000000100599868
instanceKlass  @bci org/jetbrains/kotlin/load/java/typeEnhancement/PredefinedEnhancementInfoKt <clinit> ()V 1002 <appendix> member <vmtarget> ; # org/jetbrains/kotlin/load/java/typeEnhancement/PredefinedEnhancementInfoKt$$Lambda+0x0000000100599630
instanceKlass  @bci org/jetbrains/kotlin/load/java/typeEnhancement/PredefinedEnhancementInfoKt <clinit> ()V 951 <appendix> member <vmtarget> ; # org/jetbrains/kotlin/load/java/typeEnhancement/PredefinedEnhancementInfoKt$$Lambda+0x00000001005993f8
instanceKlass  @bci org/jetbrains/kotlin/load/java/typeEnhancement/PredefinedEnhancementInfoKt <clinit> ()V 909 <appendix> member <vmtarget> ; # org/jetbrains/kotlin/load/java/typeEnhancement/PredefinedEnhancementInfoKt$$Lambda+0x00000001005991c0
instanceKlass  @bci org/jetbrains/kotlin/load/java/typeEnhancement/PredefinedEnhancementInfoKt <clinit> ()V 858 <appendix> member <vmtarget> ; # org/jetbrains/kotlin/load/java/typeEnhancement/PredefinedEnhancementInfoKt$$Lambda+0x0000000100598f88
instanceKlass  @bci org/jetbrains/kotlin/load/java/typeEnhancement/PredefinedEnhancementInfoKt <clinit> ()V 840 <appendix> member <vmtarget> ; # org/jetbrains/kotlin/load/java/typeEnhancement/PredefinedEnhancementInfoKt$$Lambda+0x0000000100598d50
instanceKlass  @bci org/jetbrains/kotlin/load/java/typeEnhancement/PredefinedEnhancementInfoKt <clinit> ()V 823 <appendix> member <vmtarget> ; # org/jetbrains/kotlin/load/java/typeEnhancement/PredefinedEnhancementInfoKt$$Lambda+0x0000000100598b18
instanceKlass  @bci org/jetbrains/kotlin/load/java/typeEnhancement/PredefinedEnhancementInfoKt <clinit> ()V 804 <appendix> member <vmtarget> ; # org/jetbrains/kotlin/load/java/typeEnhancement/PredefinedEnhancementInfoKt$$Lambda+0x00000001005988e0
instanceKlass  @bci org/jetbrains/kotlin/load/java/typeEnhancement/PredefinedEnhancementInfoKt <clinit> ()V 785 <appendix> member <vmtarget> ; # org/jetbrains/kotlin/load/java/typeEnhancement/PredefinedEnhancementInfoKt$$Lambda+0x00000001005986a8
instanceKlass  @bci org/jetbrains/kotlin/load/java/typeEnhancement/PredefinedEnhancementInfoKt <clinit> ()V 742 <appendix> member <vmtarget> ; # org/jetbrains/kotlin/load/java/typeEnhancement/PredefinedEnhancementInfoKt$$Lambda+0x0000000100598470
instanceKlass  @bci org/jetbrains/kotlin/load/java/typeEnhancement/PredefinedEnhancementInfoKt <clinit> ()V 723 <appendix> member <vmtarget> ; # org/jetbrains/kotlin/load/java/typeEnhancement/PredefinedEnhancementInfoKt$$Lambda+0x0000000100598238
instanceKlass  @bci org/jetbrains/kotlin/load/java/typeEnhancement/PredefinedEnhancementInfoKt <clinit> ()V 704 <appendix> member <vmtarget> ; # org/jetbrains/kotlin/load/java/typeEnhancement/PredefinedEnhancementInfoKt$$Lambda+0x0000000100598000
instanceKlass  @bci org/jetbrains/kotlin/load/java/typeEnhancement/PredefinedEnhancementInfoKt <clinit> ()V 685 <appendix> member <vmtarget> ; # org/jetbrains/kotlin/load/java/typeEnhancement/PredefinedEnhancementInfoKt$$Lambda+0x0000000100597ce0
instanceKlass  @bci org/jetbrains/kotlin/load/java/typeEnhancement/PredefinedEnhancementInfoKt <clinit> ()V 666 <appendix> member <vmtarget> ; # org/jetbrains/kotlin/load/java/typeEnhancement/PredefinedEnhancementInfoKt$$Lambda+0x0000000100597aa8
instanceKlass  @bci org/jetbrains/kotlin/load/java/typeEnhancement/PredefinedEnhancementInfoKt <clinit> ()V 649 <appendix> member <vmtarget> ; # org/jetbrains/kotlin/load/java/typeEnhancement/PredefinedEnhancementInfoKt$$Lambda+0x0000000100597870
instanceKlass  @bci org/jetbrains/kotlin/load/java/typeEnhancement/PredefinedEnhancementInfoKt <clinit> ()V 632 <appendix> member <vmtarget> ; # org/jetbrains/kotlin/load/java/typeEnhancement/PredefinedEnhancementInfoKt$$Lambda+0x0000000100597638
instanceKlass  @bci org/jetbrains/kotlin/load/java/typeEnhancement/PredefinedEnhancementInfoKt <clinit> ()V 615 <appendix> member <vmtarget> ; # org/jetbrains/kotlin/load/java/typeEnhancement/PredefinedEnhancementInfoKt$$Lambda+0x0000000100597400
instanceKlass  @bci org/jetbrains/kotlin/load/java/typeEnhancement/PredefinedEnhancementInfoKt <clinit> ()V 598 <appendix> member <vmtarget> ; # org/jetbrains/kotlin/load/java/typeEnhancement/PredefinedEnhancementInfoKt$$Lambda+0x00000001005971c8
instanceKlass  @bci org/jetbrains/kotlin/load/java/typeEnhancement/PredefinedEnhancementInfoKt <clinit> ()V 548 <appendix> member <vmtarget> ; # org/jetbrains/kotlin/load/java/typeEnhancement/PredefinedEnhancementInfoKt$$Lambda+0x0000000100596f90
instanceKlass  @bci org/jetbrains/kotlin/load/java/typeEnhancement/PredefinedEnhancementInfoKt <clinit> ()V 531 <appendix> member <vmtarget> ; # org/jetbrains/kotlin/load/java/typeEnhancement/PredefinedEnhancementInfoKt$$Lambda+0x0000000100596d58
instanceKlass  @bci org/jetbrains/kotlin/load/java/typeEnhancement/PredefinedEnhancementInfoKt <clinit> ()V 514 <appendix> member <vmtarget> ; # org/jetbrains/kotlin/load/java/typeEnhancement/PredefinedEnhancementInfoKt$$Lambda+0x0000000100596b20
instanceKlass  @bci org/jetbrains/kotlin/load/java/typeEnhancement/PredefinedEnhancementInfoKt <clinit> ()V 497 <appendix> member <vmtarget> ; # org/jetbrains/kotlin/load/java/typeEnhancement/PredefinedEnhancementInfoKt$$Lambda+0x00000001005968e8
instanceKlass  @bci org/jetbrains/kotlin/load/java/typeEnhancement/PredefinedEnhancementInfoKt <clinit> ()V 446 <appendix> member <vmtarget> ; # org/jetbrains/kotlin/load/java/typeEnhancement/PredefinedEnhancementInfoKt$$Lambda+0x00000001005966b0
instanceKlass  @bci org/jetbrains/kotlin/load/java/typeEnhancement/PredefinedEnhancementInfoKt <clinit> ()V 429 <appendix> member <vmtarget> ; # org/jetbrains/kotlin/load/java/typeEnhancement/PredefinedEnhancementInfoKt$$Lambda+0x0000000100596478
instanceKlass  @bci org/jetbrains/kotlin/load/java/typeEnhancement/PredefinedEnhancementInfoKt <clinit> ()V 412 <appendix> member <vmtarget> ; # org/jetbrains/kotlin/load/java/typeEnhancement/PredefinedEnhancementInfoKt$$Lambda+0x0000000100596240
instanceKlass  @bci org/jetbrains/kotlin/load/java/typeEnhancement/PredefinedEnhancementInfoKt <clinit> ()V 395 <appendix> member <vmtarget> ; # org/jetbrains/kotlin/load/java/typeEnhancement/PredefinedEnhancementInfoKt$$Lambda+0x0000000100596008
instanceKlass  @bci org/jetbrains/kotlin/load/java/typeEnhancement/PredefinedEnhancementInfoKt <clinit> ()V 376 <appendix> member <vmtarget> ; # org/jetbrains/kotlin/load/java/typeEnhancement/PredefinedEnhancementInfoKt$$Lambda+0x0000000100595dd0
instanceKlass  @bci org/jetbrains/kotlin/load/java/typeEnhancement/PredefinedEnhancementInfoKt <clinit> ()V 326 <appendix> member <vmtarget> ; # org/jetbrains/kotlin/load/java/typeEnhancement/PredefinedEnhancementInfoKt$$Lambda+0x0000000100595b98
instanceKlass  @bci org/jetbrains/kotlin/load/java/typeEnhancement/PredefinedEnhancementInfoKt <clinit> ()V 309 <appendix> member <vmtarget> ; # org/jetbrains/kotlin/load/java/typeEnhancement/PredefinedEnhancementInfoKt$$Lambda+0x0000000100595960
instanceKlass  @bci org/jetbrains/kotlin/load/java/typeEnhancement/PredefinedEnhancementInfoKt <clinit> ()V 292 <appendix> member <vmtarget> ; # org/jetbrains/kotlin/load/java/typeEnhancement/PredefinedEnhancementInfoKt$$Lambda+0x0000000100595728
instanceKlass  @bci org/jetbrains/kotlin/load/java/typeEnhancement/PredefinedEnhancementInfoKt <clinit> ()V 242 <appendix> member <vmtarget> ; # org/jetbrains/kotlin/load/java/typeEnhancement/PredefinedEnhancementInfoKt$$Lambda+0x00000001005954f0
instanceKlass org/jetbrains/kotlin/load/java/typeEnhancement/PredefinedFunctionEnhancementInfo
instanceKlass  @bci org/jetbrains/kotlin/load/kotlin/SignatureBuildingComponents jvmDescriptor (Ljava/lang/String;Ljava/util/List;Ljava/lang/String;)Ljava/lang/String; 47 <appendix> argL0 ; # org/jetbrains/kotlin/load/kotlin/SignatureBuildingComponents$$Lambda+0x00000001005950a0
instanceKlass  @bci org/jetbrains/kotlin/load/java/typeEnhancement/PredefinedEnhancementInfoKt <clinit> ()V 193 <appendix> member <vmtarget> ; # org/jetbrains/kotlin/load/java/typeEnhancement/PredefinedEnhancementInfoKt$$Lambda+0x0000000100594c10
instanceKlass org/jetbrains/kotlin/load/java/typeEnhancement/SignatureEnhancementBuilder$ClassEnhancementBuilder$FunctionEnhancementBuilder
instanceKlass org/jetbrains/kotlin/load/java/typeEnhancement/SignatureEnhancementBuilder$ClassEnhancementBuilder
instanceKlass org/jetbrains/kotlin/load/java/typeEnhancement/SignatureEnhancementBuilder
instanceKlass org/jetbrains/kotlin/load/java/typeEnhancement/PredefinedEnhancementInfoKt
instanceKlass org/jetbrains/kotlin/load/kotlin/SignatureBuildingComponentsKt
instanceKlass org/jetbrains/kotlin/fir/scopes/jvm/SignatureUtilsKt
instanceKlass  @bci org/jetbrains/kotlin/fir/java/enhancement/FirSignatureEnhancement enhanceMethod (Lorg/jetbrains/kotlin/fir/declarations/FirFunction;Lorg/jetbrains/kotlin/name/CallableId;Lorg/jetbrains/kotlin/name/Name;ZLjava/util/List;)Lorg/jetbrains/kotlin/fir/symbols/impl/FirFunctionSymbol; 48 <appendix> member <vmtarget> ; # org/jetbrains/kotlin/fir/java/enhancement/FirSignatureEnhancement$$Lambda+0x0000000100593d30
instanceKlass org/jetbrains/kotlin/fir/symbols/impl/FirIntersectionCallableSymbol
instanceKlass org/jetbrains/kotlin/fir/java/scopes/JavaClassUseSiteMemberScope$collectFunctions$$inlined$collectMembersGroupedByScope$1
instanceKlass org/jetbrains/kotlin/load/java/BuiltinSpecialPropertiesKt
instanceKlass org/jetbrains/kotlin/load/java/BuiltinSpecialProperties
instanceKlass org/jetbrains/kotlin/load/java/PropertiesConventionUtilKt
instanceKlass  @bci org/jetbrains/kotlin/fir/java/scopes/JavaClassMembersEnhancementScope processFunctionsByName (Lorg/jetbrains/kotlin/name/Name;Lkotlin/jvm/functions/Function1;)V 20 <appendix> member <vmtarget> ; # org/jetbrains/kotlin/fir/java/scopes/JavaClassMembersEnhancementScope$$Lambda+0x0000000100592a20
instanceKlass  @bci org/jetbrains/kotlin/fir/scopes/impl/AbstractFirUseSiteMemberScope collectDeclaredFunctions (Lorg/jetbrains/kotlin/name/Name;Ljava/util/List;)V 21 <appendix> member <vmtarget> ; # org/jetbrains/kotlin/fir/scopes/impl/AbstractFirUseSiteMemberScope$$Lambda+0x00000001005927e8
instanceKlass  @bci org/jetbrains/kotlin/fir/resolve/transformers/FirStatusResolver getOverriddenFunctions (Lorg/jetbrains/kotlin/fir/declarations/FirSimpleFunction;Lorg/jetbrains/kotlin/fir/declarations/FirClass;)Ljava/util/List; 53 <appendix> argL0 ; # org/jetbrains/kotlin/fir/resolve/transformers/FirStatusResolver$$Lambda+0x00000001005925b8
instanceKlass  @bci org/jetbrains/kotlin/fir/resolve/transformers/FirStatusResolver getOverriddenProperties (Lorg/jetbrains/kotlin/fir/declarations/FirProperty;Lorg/jetbrains/kotlin/fir/declarations/FirClass;)Ljava/util/List; 64 <appendix> member <vmtarget> ; # org/jetbrains/kotlin/fir/resolve/transformers/FirStatusResolver$$Lambda+0x0000000100591f40
instanceKlass  @bci org/jetbrains/kotlin/fir/java/scopes/JavaClassMembersEnhancementScope processPropertiesByName (Lorg/jetbrains/kotlin/name/Name;Lkotlin/jvm/functions/Function1;)V 20 <appendix> member <vmtarget> ; # org/jetbrains/kotlin/fir/java/scopes/JavaClassMembersEnhancementScope$$Lambda+0x0000000100591ab0
instanceKlass  @bci org/jetbrains/kotlin/fir/scopes/impl/FirClassUseSiteMemberScope getPropertiesAndFieldsFromSupertypesByName (Lorg/jetbrains/kotlin/name/Name;)Lkotlin/Pair; 199 <appendix> member <vmtarget> ; # org/jetbrains/kotlin/fir/scopes/impl/FirClassUseSiteMemberScope$$Lambda+0x0000000100591878
instanceKlass org/jetbrains/kotlin/fir/scopes/impl/FirTypeIntersectionScopeContext$collectMembersGroupedByScope$1$1
instanceKlass  @bci org/jetbrains/kotlin/fir/scopes/impl/FirClassUseSiteMemberScope collectProperties (Lorg/jetbrains/kotlin/name/Name;)Ljava/util/Collection; 36 <appendix> member <vmtarget> ; # org/jetbrains/kotlin/fir/scopes/impl/FirClassUseSiteMemberScope$$Lambda+0x0000000100591408
instanceKlass  @bci org/jetbrains/kotlin/fir/resolve/transformers/FirStatusResolver getOverriddenProperties (Lorg/jetbrains/kotlin/fir/declarations/FirProperty;Lorg/jetbrains/kotlin/fir/declarations/FirClass;)Ljava/util/List; 47 <appendix> argL0 ; # org/jetbrains/kotlin/fir/resolve/transformers/FirStatusResolver$$Lambda+0x00000001005911d8
instanceKlass org/jetbrains/kotlin/fir/scopes/impl/FirGeneratedClassDeclaredMemberScope$Companion
instanceKlass  @bci org/jetbrains/kotlin/fir/resolve/transformers/FirStatusResolver resolveVisibility (Lorg/jetbrains/kotlin/fir/declarations/FirDeclaration;Lorg/jetbrains/kotlin/fir/declarations/FirClass;Lorg/jetbrains/kotlin/fir/declarations/FirProperty;Ljava/util/List;)Lorg/jetbrains/kotlin/descriptors/Visibility; 386 <appendix> member <vmtarget> ; # org/jetbrains/kotlin/fir/resolve/transformers/FirStatusResolver$$Lambda+0x0000000100590888
instanceKlass  @bci org/jetbrains/kotlin/fir/resolve/transformers/FirStatusResolver resolveVisibility (Lorg/jetbrains/kotlin/fir/declarations/FirDeclaration;Lorg/jetbrains/kotlin/fir/declarations/FirClass;Lorg/jetbrains/kotlin/fir/declarations/FirProperty;Ljava/util/List;)Lorg/jetbrains/kotlin/descriptors/Visibility; 381 <appendix> argL0 ; # org/jetbrains/kotlin/fir/resolve/transformers/FirStatusResolver$$Lambda+0x0000000100590658
instanceKlass org/jetbrains/kotlin/fir/resolve/transformers/FirStatusResolverKt
instanceKlass kotlin/jvm/internal/StringCompanionObject
instanceKlass  @bci org/jetbrains/kotlin/fir/resolve/substitution/AbstractConeSubstitutor substituteArguments (Lorg/jetbrains/kotlin/fir/types/ConeSimpleKotlinType;)Lorg/jetbrains/kotlin/fir/types/ConeKotlinType; 1 <appendix> member <vmtarget> ; # org/jetbrains/kotlin/fir/resolve/substitution/AbstractConeSubstitutor$$Lambda+0x0000000100590000
instanceKlass  @bci org/jetbrains/kotlin/fir/resolve/substitution/ConeSubstitutorByMap <init> (Ljava/util/Map;Lorg/jetbrains/kotlin/fir/FirSession;)V 26 <appendix> member <vmtarget> ; # org/jetbrains/kotlin/fir/resolve/substitution/ConeSubstitutorByMap$$Lambda+0x000000010058fbb0
instanceKlass kotlin/jvm/internal/LongCompanionObject
instanceKlass kotlin/jvm/internal/IntCompanionObject
instanceKlass org/jetbrains/kotlin/fir/deserialization/FirConstDeserializerKt
instanceKlass org/jetbrains/kotlin/fir/types/ConeBuiltinTypeUtilsKt
instanceKlass org/jetbrains/kotlin/fir/expressions/builder/FirClassReferenceExpressionBuilder
instanceKlass  @bci org/jetbrains/kotlin/fir/deserialization/AbstractAnnotationDeserializer resolveValue (Lorg/jetbrains/kotlin/metadata/ProtoBuf$Annotation$Argument$Value;Lorg/jetbrains/kotlin/metadata/deserialization/NameResolver;Lkotlin/jvm/functions/Function0;)Lorg/jetbrains/kotlin/fir/expressions/FirExpression; 976 <appendix> member <vmtarget> ; # org/jetbrains/kotlin/fir/deserialization/AbstractAnnotationDeserializer$$Lambda+0x000000010058e320
instanceKlass  @bci org/jetbrains/kotlin/fir/scopes/jvm/JvmMappedScope <init> (Lorg/jetbrains/kotlin/fir/FirSession;Lorg/jetbrains/kotlin/fir/declarations/FirRegularClass;Lorg/jetbrains/kotlin/fir/declarations/FirRegularClass;Lorg/jetbrains/kotlin/fir/scopes/FirContainingNamesAwareScope;Lorg/jetbrains/kotlin/fir/scopes/FirTypeScope;)V 331 <appendix> member <vmtarget> ; # org/jetbrains/kotlin/fir/scopes/jvm/JvmMappedScope$$Lambda+0x000000010058dd20
instanceKlass  @bci org/jetbrains/kotlin/fir/scopes/jvm/JvmMappedScope <init> (Lorg/jetbrains/kotlin/fir/FirSession;Lorg/jetbrains/kotlin/fir/declarations/FirRegularClass;Lorg/jetbrains/kotlin/fir/declarations/FirRegularClass;Lorg/jetbrains/kotlin/fir/scopes/FirContainingNamesAwareScope;Lorg/jetbrains/kotlin/fir/scopes/FirTypeScope;)V 315 <appendix> member <vmtarget> ; # org/jetbrains/kotlin/fir/scopes/jvm/JvmMappedScope$$Lambda+0x000000010058dae8
instanceKlass  @bci org/jetbrains/kotlin/fir/scopes/jvm/JvmMappedScope <init> (Lorg/jetbrains/kotlin/fir/FirSession;Lorg/jetbrains/kotlin/fir/declarations/FirRegularClass;Lorg/jetbrains/kotlin/fir/declarations/FirRegularClass;Lorg/jetbrains/kotlin/fir/scopes/FirContainingNamesAwareScope;Lorg/jetbrains/kotlin/fir/scopes/FirTypeScope;)V 279 <appendix> member <vmtarget> ; # org/jetbrains/kotlin/fir/scopes/jvm/JvmMappedScope$$Lambda+0x000000010058d8b0
instanceKlass  @bci org/jetbrains/kotlin/fir/scopes/jvm/JvmMappedScope$FirMappedSymbolStorage$MappedSymbolsCache <init> (Lorg/jetbrains/kotlin/fir/caches/FirCachesFactory;)V 38 <appendix> argL0 ; # org/jetbrains/kotlin/fir/scopes/jvm/JvmMappedScope$FirMappedSymbolStorage$MappedSymbolsCache$$Lambda+0x000000010058d680
instanceKlass  @bci org/jetbrains/kotlin/fir/scopes/jvm/JvmMappedScope$FirMappedSymbolStorage$MappedSymbolsCache <init> (Lorg/jetbrains/kotlin/fir/caches/FirCachesFactory;)V 25 <appendix> argL0 ; # org/jetbrains/kotlin/fir/scopes/jvm/JvmMappedScope$FirMappedSymbolStorage$MappedSymbolsCache$$Lambda+0x000000010058d450
instanceKlass  @bci org/jetbrains/kotlin/fir/scopes/jvm/JvmMappedScope$FirMappedSymbolStorage$MappedSymbolsCache <init> (Lorg/jetbrains/kotlin/fir/caches/FirCachesFactory;)V 12 <appendix> argL0 ; # org/jetbrains/kotlin/fir/scopes/jvm/JvmMappedScope$FirMappedSymbolStorage$MappedSymbolsCache$$Lambda+0x000000010058d220
instanceKlass org/jetbrains/kotlin/fir/scopes/jvm/JvmMappedScope$FirMappedSymbolStorage$MappedSymbolsCache
instanceKlass org/jetbrains/kotlin/fir/scopes/jvm/JvmMappedScopeKt
instanceKlass org/jetbrains/kotlin/fir/scopes/jvm/JvmMappedScope$Companion
instanceKlass  @bci org/jetbrains/kotlin/fir/java/scopes/JavaClassMembersEnhancementScope <init> (Lorg/jetbrains/kotlin/fir/FirSession;Lorg/jetbrains/kotlin/fir/symbols/impl/FirRegularClassSymbol;Lorg/jetbrains/kotlin/fir/java/scopes/JavaClassUseSiteMemberScope;)V 81 <appendix> member <vmtarget> ; # org/jetbrains/kotlin/fir/java/scopes/JavaClassMembersEnhancementScope$$Lambda+0x000000010058c998
instanceKlass org/jetbrains/kotlin/fir/java/FirSyntheticPropertiesStorage$cacheByOwner$1$1
instanceKlass org/jetbrains/kotlin/fir/java/FirSyntheticPropertiesStorageKt
instanceKlass  @bci org/jetbrains/kotlin/fir/java/scopes/JavaClassUseSiteMemberScope <init> (Lorg/jetbrains/kotlin/fir/java/declarations/FirJavaClass;Lorg/jetbrains/kotlin/fir/FirSession;Ljava/util/List;Lorg/jetbrains/kotlin/fir/scopes/FirContainingNamesAwareScope;)V 90 <appendix> member <vmtarget> ; # org/jetbrains/kotlin/fir/java/scopes/JavaClassUseSiteMemberScope$$Lambda+0x000000010058c318
instanceKlass  @bci org/jetbrains/kotlin/fir/scopes/impl/AbstractFirUseSiteMemberScope <init> (Lorg/jetbrains/kotlin/fir/symbols/ConeClassLikeLookupTag;Lorg/jetbrains/kotlin/fir/FirSession;Lorg/jetbrains/kotlin/fir/scopes/FirOverrideChecker;Lorg/jetbrains/kotlin/fir/scopes/FirOverrideChecker;Ljava/util/List;Lorg/jetbrains/kotlin/fir/types/ConeSimpleKotlinType;Lorg/jetbrains/kotlin/fir/scopes/FirContainingNamesAwareScope;)V 208 <appendix> member <vmtarget> ; # org/jetbrains/kotlin/fir/scopes/impl/AbstractFirUseSiteMemberScope$$Lambda+0x000000010058be48
instanceKlass  @bci org/jetbrains/kotlin/fir/scopes/impl/AbstractFirUseSiteMemberScope <init> (Lorg/jetbrains/kotlin/fir/symbols/ConeClassLikeLookupTag;Lorg/jetbrains/kotlin/fir/FirSession;Lorg/jetbrains/kotlin/fir/scopes/FirOverrideChecker;Lorg/jetbrains/kotlin/fir/scopes/FirOverrideChecker;Ljava/util/List;Lorg/jetbrains/kotlin/fir/types/ConeSimpleKotlinType;Lorg/jetbrains/kotlin/fir/scopes/FirContainingNamesAwareScope;)V 192 <appendix> member <vmtarget> ; # org/jetbrains/kotlin/fir/scopes/impl/AbstractFirUseSiteMemberScope$$Lambda+0x000000010058bc10
instanceKlass org/jetbrains/kotlin/fir/scopes/impl/FirIntersectionOverrideStorage$cacheByScope$1$1
instanceKlass org/jetbrains/kotlin/fir/scopes/impl/FirTypeIntersectionScopeContextKt
instanceKlass org/jetbrains/kotlin/fir/scopes/FirOverrideServiceKt
instanceKlass org/jetbrains/kotlin/fir/scopes/impl/FirTypeIntersectionScopeContext
instanceKlass org/jetbrains/kotlin/fir/scopes/PlatformSpecificOverridabilityRulesKt
instanceKlass org/jetbrains/kotlin/fir/scopes/FirIntersectionScopeOverrideChecker
instanceKlass org/jetbrains/kotlin/fir/java/JavaScopeProviderKt
instanceKlass org/jetbrains/kotlin/fir/resolve/scopes/JvmMappedScopesKt
instanceKlass org/jetbrains/kotlin/fir/scopes/FirKotlinScopeProviderKt
instanceKlass org/jetbrains/kotlin/fir/resolve/substitution/SubstitutorsKt
instanceKlass org/jetbrains/kotlin/fir/deserialization/AbstractAnnotationDeserializer$WhenMappings
instanceKlass  @bci org/jetbrains/kotlin/fir/deserialization/AbstractAnnotationDeserializer createArgumentMapping (Lorg/jetbrains/kotlin/metadata/ProtoBuf$Annotation;Lorg/jetbrains/kotlin/name/ClassId;Lorg/jetbrains/kotlin/metadata/deserialization/NameResolver;)Lorg/jetbrains/kotlin/fir/expressions/FirAnnotationArgumentMapping; 160 <appendix> member <vmtarget> ; # org/jetbrains/kotlin/fir/deserialization/AbstractAnnotationDeserializer$$Lambda+0x0000000100587cd0
instanceKlass  @bci org/jetbrains/kotlin/fir/deserialization/AbstractAnnotationDeserializer createArgumentMapping (Lorg/jetbrains/kotlin/metadata/ProtoBuf$Annotation;Lorg/jetbrains/kotlin/name/ClassId;Lorg/jetbrains/kotlin/metadata/deserialization/NameResolver;)Lorg/jetbrains/kotlin/fir/expressions/FirAnnotationArgumentMapping; 31 <appendix> member <vmtarget> ; # org/jetbrains/kotlin/fir/deserialization/AbstractAnnotationDeserializer$$Lambda+0x0000000100587a98
instanceKlass org/jetbrains/kotlin/metadata/ProtoBuf$1
instanceKlass org/jetbrains/kotlin/fir/resolve/transformers/TransformUtilsKt
instanceKlass org/jetbrains/kotlin/fir/declarations/DeprecationsPerUseSite
instanceKlass org/jetbrains/kotlin/fir/declarations/DeprecationsKt
instanceKlass  @bci org/jetbrains/kotlin/fir/java/FirJavaFacade buildConstructorForAnnotationClass (Lorg/jetbrains/kotlin/load/java/structure/JavaClass;Lorg/jetbrains/kotlin/name/CallableId;Lorg/jetbrains/kotlin/fir/java/declarations/FirJavaClassBuilder;Lorg/jetbrains/kotlin/fir/java/FirJavaFacade$ValueParametersForAnnotationConstructor;Lorg/jetbrains/kotlin/fir/FirModuleData;)Lorg/jetbrains/kotlin/fir/java/declarations/FirJavaConstructor; 339 <appendix> argL0 ; # org/jetbrains/kotlin/fir/java/FirJavaFacade$$Lambda+0x0000000100586820
instanceKlass org/jetbrains/kotlin/fir/scopes/FirScopeKt$processClassifiersByName$1
instanceKlass org/jetbrains/kotlin/fir/scopes/FirScopeKt
instanceKlass org/jetbrains/kotlin/fir/extensions/DeclarationGenerationContext
instanceKlass org/jetbrains/kotlin/fir/scopes/impl/FirGeneratedScopesKt
instanceKlass org/jetbrains/kotlin/fir/scopes/impl/FirGeneratedClassNestedClassifierScope$Companion
instanceKlass org/jetbrains/kotlin/fir/scopes/impl/FirNestedClassifierScopeWithSubstitutionKt
instanceKlass org/jetbrains/kotlin/fir/scopes/impl/FirDeclaredMemberScopeProviderKt
instanceKlass org/jetbrains/kotlin/fir/scopes/ScopesKt
instanceKlass org/jetbrains/kotlin/fir/resolve/substitution/ConeSubstitutorByMap$Companion
instanceKlass  @bci org/jetbrains/kotlin/fir/resolve/SupertypeUtilsKt computePartialExpansion (Lorg/jetbrains/kotlin/fir/types/ConeClassLikeType;Lorg/jetbrains/kotlin/fir/FirSession;Lorg/jetbrains/kotlin/fir/resolve/SupertypeSupplier;)Lorg/jetbrains/kotlin/fir/types/ConeClassLikeType; 4 <appendix> member <vmtarget> ; # org/jetbrains/kotlin/fir/resolve/SupertypeUtilsKt$$Lambda+0x0000000100583c40
instanceKlass org/jetbrains/kotlin/utils/SmartSet$Companion
instanceKlass org/jetbrains/kotlin/fir/resolve/SupertypeUtilsKt
instanceKlass org/jetbrains/kotlin/fir/java/enhancement/EnhancedTypeForWarningAttributeKt
instanceKlass org/jetbrains/kotlin/fir/types/ErrorTypeConstructor
instanceKlass  @bci org/jetbrains/kotlin/fir/java/enhancement/FirSignatureEnhancement enhanceTypeParameterBoundsAfterFirstRound (Ljava/util/List;Lorg/jetbrains/kotlin/KtSourceElement;Lkotlin/jvm/functions/Function1;)V 205 <appendix> member <vmtarget> ; # org/jetbrains/kotlin/fir/java/enhancement/FirSignatureEnhancement$$Lambda+0x0000000100580fe0
instanceKlass kotlin/jvm/internal/Ref$IntRef
instanceKlass org/jetbrains/kotlin/fir/java/enhancement/FirSignatureEnhancement$enhanceTypeParameterBoundsAfterFirstRound$$inlined$replaceEnhancedBounds$2
instanceKlass org/jetbrains/kotlin/fir/java/enhancement/FirSignatureEnhancement$enhanceTypeParameterBoundsAfterFirstRound$$inlined$replaceEnhancedBounds$1
instanceKlass  @bci org/jetbrains/kotlin/fir/java/enhancement/FirSignatureEnhancement performBoundsResolutionForClassTypeParameters (Lorg/jetbrains/kotlin/fir/java/FirJavaFacade;Lorg/jetbrains/kotlin/fir/java/declarations/FirJavaClass;Lorg/jetbrains/kotlin/KtSourceElement;)V 36 <appendix> member <vmtarget> ; # org/jetbrains/kotlin/fir/java/enhancement/FirSignatureEnhancement$$Lambda+0x00000001005802e8
instanceKlass org/jetbrains/kotlin/fir/declarations/builder/FirConstructedClassTypeParameterRefBuilder
instanceKlass org/jetbrains/kotlin/load/java/typeEnhancement/NullabilityQualifierWithMigrationStatus
instanceKlass org/jetbrains/kotlin/load/java/JavaDefaultQualifiers
instanceKlass org/jetbrains/kotlin/load/java/JvmAnnotationNamesKt
instanceKlass org/jetbrains/kotlin/load/java/JavaDefaultQualifiersKt
instanceKlass org/jetbrains/kotlin/fir/expressions/builder/FirEmptyExpressionBlockBuilderKt
instanceKlass org/jetbrains/kotlin/fir/EnumClassUtilsKt
instanceKlass org/jetbrains/kotlin/fir/declarations/builder/FirEnumEntryBuilder
instanceKlass org/jetbrains/kotlin/fir/java/AnnotationData
instanceKlass  @bci org/jetbrains/kotlin/fir/java/JavaAnnotationsMappingKt$buildFirAnnotation$argumentMapping$1 <init> (Lorg/jetbrains/kotlin/name/ClassId;Lorg/jetbrains/kotlin/load/java/structure/JavaAnnotation;Lorg/jetbrains/kotlin/fir/FirSession;Lorg/jetbrains/kotlin/fir/symbols/impl/ConeClassLikeLookupTagImpl;Lorg/jetbrains/kotlin/KtSourceElement;)V 12 <appendix> member <vmtarget> ; # org/jetbrains/kotlin/fir/java/JavaAnnotationsMappingKt$buildFirAnnotation$argumentMapping$1$$Lambda+0x000000010057cf18
instanceKlass org/jetbrains/kotlin/name/StandardClassIds$Annotations$ParameterNames
instanceKlass org/jetbrains/kotlin/fir/declarations/FirAnnotationUtilsKt
instanceKlass org/jetbrains/kotlin/fir/types/ConeTypeUtilsKt$WhenMappings
instanceKlass org/jetbrains/kotlin/fir/deserialization/FirTypeDeserializer$WhenMappings
instanceKlass org/jetbrains/kotlin/fir/expressions/builder/FirArrayLiteralBuilder
instanceKlass org/jetbrains/kotlin/fir/expressions/builder/FirEnumEntryDeserializedAccessExpressionBuilder
instanceKlass org/jetbrains/kotlin/fir/java/deserialization/AnnotationsLoader$AnnotationsLoaderVisitorImpl$visitArray$1
instanceKlass org/jetbrains/kotlin/fir/expressions/builder/FirAnnotationArgumentMappingBuilder
instanceKlass org/jetbrains/kotlin/fir/expressions/builder/FirAnnotationBuilder
instanceKlass org/jetbrains/kotlin/fir/java/deserialization/AnnotationsLoader$AnnotationsLoaderVisitorImpl
instanceKlass org/jetbrains/kotlin/metadata/jvm/deserialization/JvmMemberSignature
instanceKlass org/jetbrains/kotlin/metadata/jvm/deserialization/ClassMapperLite
instanceKlass java/util/ArrayList$SubList$1
instanceKlass javaslang/control/Option$None
instanceKlass org/jetbrains/org/objectweb/asm/TypeReference
instanceKlass org/jetbrains/kotlin/fir/resolve/transformers/PlatformSupertypeUpdaterKt
instanceKlass org/jetbrains/kotlin/fir/declarations/builder/FirPropertyAccessorBuilder
instanceKlass org/jetbrains/kotlin/fir/java/deserialization/JvmClassFileBasedSymbolProvider$loadAnnotationsFromClassFile$1
instanceKlass org/jetbrains/kotlin/metadata/jvm/deserialization/JvmFlags
instanceKlass org/jetbrains/kotlin/fir/declarations/DeprecationsProviderImpl$special$$inlined$createCache$1
instanceKlass org/jetbrains/kotlin/fir/declarations/DeprecationInfoProvider
instanceKlass org/jetbrains/kotlin/SpecialJvmAnnotations
instanceKlass org/jetbrains/kotlin/fir/java/deserialization/JvmBinaryAnnotationDeserializerKt$loadMemberAnnotations$1$MemberAnnotationVisitor
instanceKlass org/jetbrains/kotlin/load/kotlin/KotlinJvmBinaryClass$MethodAnnotationVisitor
instanceKlass org/jetbrains/kotlin/fir/java/deserialization/JvmBinaryAnnotationDeserializerKt$loadMemberAnnotations$1
instanceKlass org/jetbrains/kotlin/load/kotlin/KotlinJvmBinaryClass$MemberVisitor
instanceKlass org/jetbrains/kotlin/fir/java/deserialization/JvmBinaryAnnotationDeserializerKt
instanceKlass org/jetbrains/kotlin/load/kotlin/MemberSignature$Companion
instanceKlass org/jetbrains/kotlin/load/kotlin/MemberSignature
instanceKlass org/jetbrains/kotlin/fir/java/deserialization/JvmBinaryAnnotationDeserializer$WhenMappings
instanceKlass org/jetbrains/kotlin/load/kotlin/AbstractBinaryClassAnnotationLoaderKt
instanceKlass org/jetbrains/kotlin/metadata/deserialization/VersionRequirement$Companion$WhenMappings
instanceKlass org/jetbrains/kotlin/metadata/deserialization/VersionRequirement$Version$Companion
instanceKlass org/jetbrains/kotlin/metadata/deserialization/VersionRequirement$Version
instanceKlass  @bci org/jetbrains/kotlin/fir/java/deserialization/JvmClassFileBasedSymbolProvider extractClassMetadata (Lorg/jetbrains/kotlin/name/ClassId;Lorg/jetbrains/kotlin/fir/deserialization/FirDeserializationContext;)Lorg/jetbrains/kotlin/fir/deserialization/AbstractFirDeserializedSymbolProvider$ClassMetadataFindResult; 507 <appendix> member <vmtarget> ; # org/jetbrains/kotlin/fir/java/deserialization/JvmClassFileBasedSymbolProvider$$Lambda+0x0000000100572710
instanceKlass org/jetbrains/kotlin/load/kotlin/KotlinJvmBinarySourceElement
instanceKlass org/jetbrains/kotlin/load/java/structure/JavaAnnotationAsAnnotationArgument
instanceKlass org/jetbrains/kotlin/load/java/typeEnhancement/TypeComponentPositionKt
instanceKlass  @bci org/jetbrains/kotlin/load/java/typeEnhancement/AbstractSignatureParts computeIndexedQualifiers (Lorg/jetbrains/kotlin/types/model/KotlinTypeMarker;Ljava/lang/Iterable;Lorg/jetbrains/kotlin/load/java/typeEnhancement/TypeEnhancementInfo;Z)Lkotlin/jvm/functions/Function1; 517 <appendix> member <vmtarget> ; # org/jetbrains/kotlin/load/java/typeEnhancement/AbstractSignatureParts$$Lambda+0x0000000100571570
instanceKlass org/jetbrains/kotlin/load/java/typeEnhancement/TypeEnhancementInfo
instanceKlass org/jetbrains/kotlin/load/java/typeEnhancement/TypeEnhancementUtilsKt
instanceKlass org/jetbrains/kotlin/load/java/typeEnhancement/JavaTypeQualifiers$Companion
instanceKlass  @bci org/jetbrains/kotlin/load/java/typeEnhancement/AbstractSignatureParts extractQualifiersFromAnnotations (Lorg/jetbrains/kotlin/load/java/typeEnhancement/AbstractSignatureParts$TypeAndDefaultQualifiers;)Lorg/jetbrains/kotlin/load/java/typeEnhancement/JavaTypeQualifiers; 347 <appendix> member <vmtarget> ; # org/jetbrains/kotlin/load/java/typeEnhancement/AbstractSignatureParts$$Lambda+0x0000000100570428
instanceKlass org/jetbrains/kotlin/load/java/typeEnhancement/JavaTypeQualifiers
instanceKlass org/jetbrains/kotlin/fir/declarations/FirValueClassRepresentationKt
instanceKlass org/jetbrains/kotlin/fir/declarations/ValueClassesUtilsKt
instanceKlass org/jetbrains/kotlin/serialization/deserialization/ValueClassUtilKt
instanceKlass  @bci org/jetbrains/kotlin/fir/deserialization/ClassDeserializationKt deserializeClassToSymbol (Lorg/jetbrains/kotlin/name/ClassId;Lorg/jetbrains/kotlin/metadata/ProtoBuf$Class;Lorg/jetbrains/kotlin/fir/symbols/impl/FirRegularClassSymbol;Lorg/jetbrains/kotlin/metadata/deserialization/NameResolver;Lorg/jetbrains/kotlin/fir/FirSession;Lorg/jetbrains/kotlin/fir/FirModuleData;Lorg/jetbrains/kotlin/fir/deserialization/AbstractAnnotationDeserializer;Lorg/jetbrains/kotlin/fir/deserialization/FirTypeDeserializer$FlexibleTypeFactory;Lorg/jetbrains/kotlin/fir/scopes/FirScopeProvider;Lorg/jetbrains/kotlin/serialization/SerializerExtensionProtocol;Lorg/jetbrains/kotlin/fir/deserialization/FirDeserializationContext;Lorg/jetbrains/kotlin/serialization/deserialization/descriptors/DeserializedContainerSource;Lorg/jetbrains/kotlin/fir/declarations/FirDeclarationOrigin;Lkotlin/jvm/functions/Function2;)V 2703 <appendix> member <vmtarget> ; # org/jetbrains/kotlin/fir/deserialization/ClassDeserializationKt$$Lambda+0x000000010056f228
instanceKlass org/jetbrains/kotlin/builtins/jvm/JvmBuiltInsSignatures
instanceKlass org/jetbrains/kotlin/metadata/SerializationPluginMetadataExtensions
instanceKlass org/jetbrains/kotlin/fir/resolve/transformers/PublishedApiEffectiveVisibilityKt
instanceKlass org/jetbrains/kotlin/metadata/deserialization/ProtoTypeTableUtilKt
instanceKlass org/jetbrains/kotlin/fir/deserialization/FirDeserializationUtilsKt
instanceKlass org/jetbrains/kotlin/metadata/deserialization/VersionRequirement$Companion
instanceKlass org/jetbrains/kotlin/metadata/deserialization/VersionRequirement
instanceKlass org/jetbrains/kotlin/serialization/deserialization/ProtoEnumFlags$WhenMappings
instanceKlass org/jetbrains/kotlin/serialization/deserialization/ProtoEnumFlags
instanceKlass org/jetbrains/kotlin/metadata/ProtoBuf$MemberKind$1
instanceKlass org/jetbrains/kotlin/metadata/ProtoBuf$Class$Kind$1
instanceKlass org/jetbrains/kotlin/metadata/ProtoBuf$Modality$1
instanceKlass org/jetbrains/kotlin/metadata/ProtoBuf$Visibility$1
instanceKlass org/jetbrains/kotlin/metadata/deserialization/Flags$FlagField
instanceKlass org/jetbrains/kotlin/metadata/deserialization/Flags
instanceKlass org/jetbrains/kotlin/fir/deserialization/ClassDeserializationKt
instanceKlass org/jetbrains/kotlin/fir/deserialization/FirTypeDeserializer$FlexibleTypeFactory$Default
instanceKlass kotlin/collections/builders/SetBuilder$Companion
instanceKlass org/jetbrains/kotlin/metadata/ProtoBuf$TypeAliasOrBuilder
instanceKlass org/jetbrains/kotlin/metadata/ProtoBuf$Effect$InvocationKind$1
instanceKlass org/jetbrains/kotlin/metadata/ProtoBuf$Expression$ConstantValue$1
instanceKlass org/jetbrains/kotlin/metadata/ProtoBuf$ExpressionOrBuilder
instanceKlass org/jetbrains/kotlin/metadata/ProtoBuf$Effect$EffectType$1
instanceKlass org/jetbrains/kotlin/metadata/ProtoBuf$EffectOrBuilder
instanceKlass org/jetbrains/kotlin/metadata/ProtoBuf$VersionRequirement$VersionKind$1
instanceKlass org/jetbrains/kotlin/metadata/ProtoBuf$VersionRequirement$Level$1
instanceKlass org/jetbrains/kotlin/metadata/ProtoBuf$VersionRequirementOrBuilder
instanceKlass  @bci org/jetbrains/kotlin/fir/deserialization/PackagePartsCacheData <init> (Lorg/jetbrains/kotlin/metadata/ProtoBuf$Package;Lorg/jetbrains/kotlin/fir/deserialization/FirDeserializationContext;Lorg/jetbrains/kotlin/fir/deserialization/PackagePartsCacheData$Extra;)V 59 <appendix> member <vmtarget> ; # org/jetbrains/kotlin/fir/deserialization/PackagePartsCacheData$$Lambda+0x00000001005645e8
instanceKlass  @bci org/jetbrains/kotlin/fir/deserialization/PackagePartsCacheData <init> (Lorg/jetbrains/kotlin/metadata/ProtoBuf$Package;Lorg/jetbrains/kotlin/fir/deserialization/FirDeserializationContext;Lorg/jetbrains/kotlin/fir/deserialization/PackagePartsCacheData$Extra;)V 46 <appendix> member <vmtarget> ; # org/jetbrains/kotlin/fir/deserialization/PackagePartsCacheData$$Lambda+0x00000001005643b0
instanceKlass  @bci org/jetbrains/kotlin/fir/deserialization/PackagePartsCacheData <init> (Lorg/jetbrains/kotlin/metadata/ProtoBuf$Package;Lorg/jetbrains/kotlin/fir/deserialization/FirDeserializationContext;Lorg/jetbrains/kotlin/fir/deserialization/PackagePartsCacheData$Extra;)V 33 <appendix> member <vmtarget> ; # org/jetbrains/kotlin/fir/deserialization/PackagePartsCacheData$$Lambda+0x0000000100564178
instanceKlass org/jetbrains/kotlin/serialization/deserialization/ProtoBufContractDeserializer
instanceKlass org/jetbrains/kotlin/fir/deserialization/FirTypeDeserializer
instanceKlass org/jetbrains/kotlin/metadata/deserialization/VersionRequirementTable$Companion
instanceKlass org/jetbrains/kotlin/metadata/deserialization/VersionRequirementTable
instanceKlass org/jetbrains/kotlin/metadata/deserialization/TypeTable
instanceKlass org/jetbrains/kotlin/fir/deserialization/FirConstDeserializer
instanceKlass org/jetbrains/kotlin/fir/java/deserialization/JvmClassFileBasedSymbolProvider$JavaAwareFlexibleTypeFactory
instanceKlass org/jetbrains/kotlin/fir/deserialization/FirTypeDeserializer$FlexibleTypeFactory
instanceKlass  @bci org/jetbrains/kotlin/fir/java/deserialization/JvmBinaryAnnotationDeserializer <init> (Lorg/jetbrains/kotlin/fir/FirSession;Lorg/jetbrains/kotlin/load/kotlin/KotlinJvmBinaryClass;Lorg/jetbrains/kotlin/load/kotlin/KotlinClassFinder;[B)V 61 <appendix> member <vmtarget> ; # org/jetbrains/kotlin/fir/java/deserialization/JvmBinaryAnnotationDeserializer$$Lambda+0x00000001005629b0
instanceKlass  @bci org/jetbrains/kotlin/fir/java/deserialization/JvmBinaryAnnotationDeserializer <init> (Lorg/jetbrains/kotlin/fir/FirSession;Lorg/jetbrains/kotlin/load/kotlin/KotlinJvmBinaryClass;Lorg/jetbrains/kotlin/load/kotlin/KotlinClassFinder;[B)V 43 <appendix> member <vmtarget> ; # org/jetbrains/kotlin/fir/java/deserialization/JvmBinaryAnnotationDeserializer$$Lambda+0x0000000100562778
instanceKlass org/jetbrains/kotlin/fir/java/deserialization/MemberAnnotations
instanceKlass org/jetbrains/kotlin/fir/deserialization/FirDeserializationContext$Companion
instanceKlass org/jetbrains/kotlin/fir/deserialization/PackagePartsCacheData
instanceKlass org/jetbrains/kotlin/metadata/jvm/deserialization/JvmNameResolverBase$WhenMappings
instanceKlass org/jetbrains/kotlin/metadata/deserialization/ProtoBufUtilKt
instanceKlass org/jetbrains/kotlin/load/kotlin/JvmPackagePartSource
instanceKlass org/jetbrains/kotlin/serialization/deserialization/descriptors/DeserializedContainerSource
instanceKlass org/jetbrains/kotlin/load/kotlin/FacadeClassSource
instanceKlass org/jetbrains/kotlin/metadata/jvm/deserialization/JvmNameResolverKt
instanceKlass org/jetbrains/kotlin/metadata/jvm/JvmProtoBuf$StringTableTypes$Record$Operation$1
instanceKlass org/jetbrains/kotlin/metadata/jvm/JvmProtoBuf$StringTableTypes$RecordOrBuilder
instanceKlass org/jetbrains/kotlin/metadata/jvm/JvmProtoBuf$StringTableTypesOrBuilder
instanceKlass kotlin/collections/IndexedValue
instanceKlass kotlin/collections/IndexingIterator
instanceKlass kotlin/collections/IndexingIterable
instanceKlass org/jetbrains/kotlin/metadata/jvm/deserialization/JvmNameResolverBase$Companion
instanceKlass org/jetbrains/kotlin/metadata/jvm/deserialization/JvmNameResolverBase
instanceKlass org/jetbrains/kotlin/metadata/jvm/deserialization/UtfEncodingKt
instanceKlass org/jetbrains/kotlin/metadata/jvm/deserialization/BitEncoding
instanceKlass org/jetbrains/kotlin/metadata/jvm/JvmProtoBuf$JvmFieldSignatureOrBuilder
instanceKlass org/jetbrains/kotlin/metadata/jvm/JvmProtoBuf$JvmPropertySignatureOrBuilder
instanceKlass org/jetbrains/kotlin/metadata/jvm/JvmProtoBuf$JvmMethodSignatureOrBuilder
instanceKlass org/jetbrains/kotlin/metadata/jvm/JvmProtoBuf
instanceKlass org/jetbrains/kotlin/metadata/jvm/deserialization/JvmProtoBufUtil
instanceKlass  @bci org/jetbrains/kotlin/fir/deserialization/LibraryPathFilter$LibraryList accepts (Ljava/nio/file/Path;)Z 17 <appendix> member <vmtarget> ; # org/jetbrains/kotlin/fir/deserialization/LibraryPathFilter$LibraryList$$Lambda+0x000000010055b678
instanceKlass org/jetbrains/kotlin/load/kotlin/KotlinClassFinderKt
instanceKlass org/jetbrains/kotlin/load/kotlin/header/ReadKotlinClassHeaderAnnotationVisitor$CollectStringArrayAnnotationVisitor
instanceKlass org/jetbrains/kotlin/load/kotlin/KotlinJvmBinaryClass$AnnotationArrayArgumentVisitor
instanceKlass org/jetbrains/kotlin/load/kotlin/header/ReadKotlinClassHeaderAnnotationVisitor$KotlinMetadataArgumentVisitor
instanceKlass java/lang/Override
instanceKlass java/lang/Deprecated
instanceKlass org/jetbrains/kotlin/load/java/JvmAnnotationNames
instanceKlass org/jetbrains/kotlin/resolve/jvm/JvmClassName
instanceKlass org/jetbrains/kotlin/fir/java/deserialization/ProviderUtilsKt
instanceKlass org/jetbrains/kotlin/util/WeakPairKt
instanceKlass org/jetbrains/kotlin/fir/resolve/TypeExpansionUtilsKt
instanceKlass  @bci org/jetbrains/kotlin/load/java/typeEnhancement/AbstractSignatureParts toIndexed (Lorg/jetbrains/kotlin/types/model/KotlinTypeMarker;)Ljava/util/List; 28 <appendix> member <vmtarget> ; # org/jetbrains/kotlin/load/java/typeEnhancement/AbstractSignatureParts$$Lambda+0x0000000100559540
instanceKlass org/jetbrains/kotlin/load/java/typeEnhancement/AbstractSignatureParts$TypeAndDefaultQualifiers
instanceKlass org/jetbrains/kotlin/fir/types/CustomAnnotationTypeAttributeKt
instanceKlass org/jetbrains/kotlin/fir/types/ConeTypeProjectionKt
instanceKlass org/jetbrains/kotlin/fir/java/enhancement/JavaTypeUtilsKt
instanceKlass org/jetbrains/kotlin/builtins/CompanionObjectMapping
instanceKlass org/jetbrains/kotlin/builtins/jvm/JavaToKotlinClassMap$PlatformMutabilityMapping
instanceKlass org/jetbrains/kotlin/builtins/jvm/JavaToKotlinClassMap
instanceKlass org/jetbrains/kotlin/load/java/typeEnhancement/AbstractSignatureParts
instanceKlass org/jetbrains/kotlin/load/java/FakePureImplementationsProvider
instanceKlass  @bci org/jetbrains/kotlin/fir/java/declarations/FirJavaClass superTypeRefs_delegate$lambda$1 (Lorg/jetbrains/kotlin/fir/java/declarations/FirJavaClass;)Ljava/util/List; 15 <appendix> argL0 ; # org/jetbrains/kotlin/fir/java/declarations/FirJavaClass$$Lambda+0x0000000100557140
instanceKlass org/jetbrains/kotlin/fir/resolve/FirTypeResolutionResult
instanceKlass org/jetbrains/kotlin/util/WeakPair
instanceKlass org/jetbrains/kotlin/fir/resolve/LookupTagUtilsKt
instanceKlass org/jetbrains/kotlin/fir/types/FunctionalTypeUtilsKt
instanceKlass org/jetbrains/kotlin/fir/resolve/DeclarationUtilsKt
instanceKlass org/jetbrains/kotlin/fir/resolve/providers/impl/FirTypeResolverImpl$TypeResolutionResult
instanceKlass org/jetbrains/kotlin/fir/resolve/calls/AbstractCandidate
instanceKlass org/jetbrains/kotlin/fir/declarations/utils/FirDeclarationUtilKt
instanceKlass  @bci org/jetbrains/kotlin/fir/java/enhancement/FirEnhancedSymbolsStorage$EnhancementSymbolsCache <init> (Lorg/jetbrains/kotlin/fir/caches/FirCachesFactory;)V 30 <appendix> argL0 ; # org/jetbrains/kotlin/fir/java/enhancement/FirEnhancedSymbolsStorage$EnhancementSymbolsCache$$Lambda+0x0000000100554520
instanceKlass  @bci org/jetbrains/kotlin/fir/java/enhancement/FirEnhancedSymbolsStorage$EnhancementSymbolsCache <init> (Lorg/jetbrains/kotlin/fir/caches/FirCachesFactory;)V 17 <appendix> argL0 ; # org/jetbrains/kotlin/fir/java/enhancement/FirEnhancedSymbolsStorage$EnhancementSymbolsCache$$Lambda+0x00000001005542f0
instanceKlass  @bci org/jetbrains/kotlin/fir/java/enhancement/FirEnhancedSymbolsStorage$EnhancementSymbolsCache <init> (Lorg/jetbrains/kotlin/fir/caches/FirCachesFactory;)V 12 <appendix> argL0 ; # org/jetbrains/kotlin/fir/java/enhancement/FirEnhancedSymbolsStorage$EnhancementSymbolsCache$$Lambda+0x00000001005540c0
instanceKlass org/jetbrains/kotlin/fir/java/enhancement/FirEnhancedSymbolsStorage$FunctionEnhancementContext
instanceKlass org/jetbrains/kotlin/fir/java/enhancement/FirEnhancedSymbolsStorage$EnhancementSymbolsCache
instanceKlass org/jetbrains/kotlin/fir/java/enhancement/SignatureEnhancementKt
instanceKlass  @bci org/jetbrains/kotlin/fir/java/enhancement/FirSignatureEnhancement <init> (Lorg/jetbrains/kotlin/fir/declarations/FirRegularClass;Lorg/jetbrains/kotlin/fir/FirSession;Lkotlin/jvm/functions/Function1;)V 89 <appendix> member <vmtarget> ; # org/jetbrains/kotlin/fir/java/enhancement/FirSignatureEnhancement$$Lambda+0x0000000100553830
instanceKlass org/jetbrains/kotlin/load/java/JavaTypeQualifiersByElementType
instanceKlass org/jetbrains/kotlin/fir/java/enhancement/FirAnnotationTypeQualifierResolverKt
instanceKlass  @bci org/jetbrains/kotlin/fir/java/FirJavaFacade convertJavaClassToFir (Lorg/jetbrains/kotlin/fir/symbols/impl/FirRegularClassSymbol;Lorg/jetbrains/kotlin/fir/symbols/impl/FirRegularClassSymbol;Lorg/jetbrains/kotlin/load/java/structure/JavaClass;)Lorg/jetbrains/kotlin/fir/java/declarations/FirJavaClass; 161 <appendix> argL0 ; # org/jetbrains/kotlin/fir/java/FirJavaFacade$$Lambda+0x00000001005531c8
instanceKlass org/jetbrains/kotlin/fir/java/enhancement/FirSignatureEnhancement
instanceKlass org/jetbrains/kotlin/fir/java/JavaBinarySourceElement
instanceKlass  @bci org/jetbrains/kotlin/fir/java/declarations/FirJavaClass <init> (Lorg/jetbrains/kotlin/KtSourceElement;Lorg/jetbrains/kotlin/fir/FirModuleData;Lorg/jetbrains/kotlin/fir/declarations/FirResolvePhase;Lorg/jetbrains/kotlin/name/Name;Lorg/jetbrains/kotlin/fir/declarations/FirDeclarationOrigin$Java;Ljava/util/List;Lorg/jetbrains/kotlin/fir/declarations/FirDeclarationStatus;Lorg/jetbrains/kotlin/descriptors/ClassKind;Ljava/util/List;Lorg/jetbrains/kotlin/fir/scopes/FirScopeProvider;Lorg/jetbrains/kotlin/fir/symbols/impl/FirRegularClassSymbol;Ljava/util/List;Ljava/util/List;Lorg/jetbrains/kotlin/load/java/structure/JavaPackage;Lorg/jetbrains/kotlin/fir/java/MutableJavaTypeParameterStack;Ljava/util/List;Z)V 250 <appendix> member <vmtarget> ; # org/jetbrains/kotlin/fir/java/declarations/FirJavaClass$$Lambda+0x0000000100552b38
instanceKlass  @bci org/jetbrains/kotlin/fir/java/declarations/FirJavaClass <init> (Lorg/jetbrains/kotlin/KtSourceElement;Lorg/jetbrains/kotlin/fir/FirModuleData;Lorg/jetbrains/kotlin/fir/declarations/FirResolvePhase;Lorg/jetbrains/kotlin/name/Name;Lorg/jetbrains/kotlin/fir/declarations/FirDeclarationOrigin$Java;Ljava/util/List;Lorg/jetbrains/kotlin/fir/declarations/FirDeclarationStatus;Lorg/jetbrains/kotlin/descriptors/ClassKind;Ljava/util/List;Lorg/jetbrains/kotlin/fir/scopes/FirScopeProvider;Lorg/jetbrains/kotlin/fir/symbols/impl/FirRegularClassSymbol;Ljava/util/List;Ljava/util/List;Lorg/jetbrains/kotlin/load/java/structure/JavaPackage;Lorg/jetbrains/kotlin/fir/java/MutableJavaTypeParameterStack;Ljava/util/List;Z)V 237 <appendix> member <vmtarget> ; # org/jetbrains/kotlin/fir/java/declarations/FirJavaClass$$Lambda+0x0000000100552900
instanceKlass  @bci org/jetbrains/kotlin/fir/java/declarations/FirJavaClass <init> (Lorg/jetbrains/kotlin/KtSourceElement;Lorg/jetbrains/kotlin/fir/FirModuleData;Lorg/jetbrains/kotlin/fir/declarations/FirResolvePhase;Lorg/jetbrains/kotlin/name/Name;Lorg/jetbrains/kotlin/fir/declarations/FirDeclarationOrigin$Java;Ljava/util/List;Lorg/jetbrains/kotlin/fir/declarations/FirDeclarationStatus;Lorg/jetbrains/kotlin/descriptors/ClassKind;Ljava/util/List;Lorg/jetbrains/kotlin/fir/scopes/FirScopeProvider;Lorg/jetbrains/kotlin/fir/symbols/impl/FirRegularClassSymbol;Ljava/util/List;Ljava/util/List;Lorg/jetbrains/kotlin/load/java/structure/JavaPackage;Lorg/jetbrains/kotlin/fir/java/MutableJavaTypeParameterStack;Ljava/util/List;Z)V 224 <appendix> member <vmtarget> ; # org/jetbrains/kotlin/fir/java/declarations/FirJavaClass$$Lambda+0x00000001005526c8
instanceKlass  @bci org/jetbrains/kotlin/fir/java/declarations/FirJavaConstructor <init> (Lorg/jetbrains/kotlin/KtSourceElement;Lorg/jetbrains/kotlin/fir/FirModuleData;Lorg/jetbrains/kotlin/fir/symbols/impl/FirConstructorSymbol;Lorg/jetbrains/kotlin/fir/declarations/FirDeclarationOrigin$Java;ZLorg/jetbrains/kotlin/fir/types/FirTypeRef;Ljava/util/List;Ljava/util/List;Lkotlin/jvm/functions/Function0;Lorg/jetbrains/kotlin/fir/declarations/FirDeclarationStatus;Lorg/jetbrains/kotlin/fir/declarations/FirResolvePhase;Lorg/jetbrains/kotlin/fir/types/ConeSimpleKotlinType;)V 182 <appendix> member <vmtarget> ; # org/jetbrains/kotlin/fir/java/declarations/FirJavaConstructor$$Lambda+0x0000000100551f40
instanceKlass  @bci org/jetbrains/kotlin/fir/java/FirJavaFacade convertJavaConstructorToFir (Lorg/jetbrains/kotlin/load/java/structure/JavaConstructor;Lorg/jetbrains/kotlin/name/CallableId;Lorg/jetbrains/kotlin/load/java/structure/JavaClass;Lorg/jetbrains/kotlin/fir/java/declarations/FirJavaClassBuilder;Ljava/util/List;Lorg/jetbrains/kotlin/fir/java/MutableJavaTypeParameterStack;Lorg/jetbrains/kotlin/fir/symbols/impl/FirRegularClassSymbol;Lorg/jetbrains/kotlin/fir/FirModuleData;)Lorg/jetbrains/kotlin/fir/java/declarations/FirJavaConstructor; 475 <appendix> member <vmtarget> ; # org/jetbrains/kotlin/fir/java/FirJavaFacade$$Lambda+0x00000001005516b0
instanceKlass org/jetbrains/kotlin/fir/declarations/builder/FirConstructorBuilder
instanceKlass org/jetbrains/kotlin/utils/SmartList$SingletonIteratorBase
instanceKlass org/jetbrains/kotlin/fir/java/declarations/FirJavaTypeParameterBuilder
instanceKlass  @bci org/jetbrains/kotlin/fir/java/declarations/FirJavaValueParameter <init> (Lorg/jetbrains/kotlin/KtSourceElement;Lorg/jetbrains/kotlin/fir/FirModuleData;Lorg/jetbrains/kotlin/fir/declarations/FirDeclarationOrigin$Java;Lorg/jetbrains/kotlin/fir/declarations/FirResolvePhase;Lorg/jetbrains/kotlin/fir/declarations/FirDeclarationAttributes;Lorg/jetbrains/kotlin/fir/types/FirTypeRef;Lorg/jetbrains/kotlin/name/Name;Lorg/jetbrains/kotlin/fir/symbols/impl/FirValueParameterSymbol;Lkotlin/jvm/functions/Function0;Lkotlin/Lazy;Lorg/jetbrains/kotlin/fir/symbols/impl/FirFunctionSymbol;Z)V 150 <appendix> member <vmtarget> ; # org/jetbrains/kotlin/fir/java/declarations/FirJavaValueParameter$$Lambda+0x000000010054f748
instanceKlass  @bci org/jetbrains/kotlin/fir/java/JavaAnnotationsMappingKt toFirValueParameter (Lorg/jetbrains/kotlin/load/java/structure/JavaValueParameter;Lorg/jetbrains/kotlin/fir/FirSession;Lorg/jetbrains/kotlin/fir/symbols/impl/FirFunctionSymbol;Lorg/jetbrains/kotlin/fir/FirModuleData;I)Lorg/jetbrains/kotlin/fir/declarations/FirValueParameter; 270 <appendix> member <vmtarget> ; # org/jetbrains/kotlin/fir/java/JavaAnnotationsMappingKt$$Lambda+0x000000010054eed0
instanceKlass org/jetbrains/kotlin/fir/java/declarations/FirJavaValueParameterBuilder
instanceKlass org/jetbrains/kotlin/descriptors/annotations/KotlinTarget$Companion
instanceKlass org/jetbrains/kotlin/fir/java/JavaAnnotationsMappingKt
instanceKlass  @bci org/jetbrains/kotlin/fir/java/declarations/FirJavaMethod <init> (Lorg/jetbrains/kotlin/KtSourceElement;Lorg/jetbrains/kotlin/fir/FirModuleData;Lorg/jetbrains/kotlin/fir/declarations/FirDeclarationOrigin$Java;Lorg/jetbrains/kotlin/fir/declarations/FirResolvePhase;Lorg/jetbrains/kotlin/fir/declarations/FirDeclarationAttributes;Lorg/jetbrains/kotlin/fir/types/FirTypeRef;Ljava/util/List;Ljava/util/List;Lorg/jetbrains/kotlin/name/Name;Lorg/jetbrains/kotlin/fir/declarations/FirDeclarationStatus;Lorg/jetbrains/kotlin/fir/symbols/impl/FirNamedFunctionSymbol;Lkotlin/jvm/functions/Function0;Lorg/jetbrains/kotlin/fir/types/ConeSimpleKotlinType;)V 181 <appendix> member <vmtarget> ; # org/jetbrains/kotlin/fir/java/declarations/FirJavaMethod$$Lambda+0x000000010054d920
instanceKlass  @bci org/jetbrains/kotlin/fir/java/FirJavaFacade convertJavaMethodToFir (Lorg/jetbrains/kotlin/load/java/structure/JavaClass;Lorg/jetbrains/kotlin/load/java/structure/JavaMethod;Lorg/jetbrains/kotlin/name/ClassId;Lorg/jetbrains/kotlin/fir/java/MutableJavaTypeParameterStack;Lorg/jetbrains/kotlin/fir/types/ConeClassLikeType;Lorg/jetbrains/kotlin/fir/FirModuleData;)Lorg/jetbrains/kotlin/fir/java/declarations/FirJavaMethod; 301 <appendix> member <vmtarget> ; # org/jetbrains/kotlin/fir/java/FirJavaFacade$$Lambda+0x000000010054d058
instanceKlass org/jetbrains/kotlin/fir/java/declarations/FirJavaMethodBuilder
instanceKlass org/jetbrains/kotlin/load/java/structure/JavaLoadingKt
instanceKlass  @bci org/jetbrains/kotlin/fir/java/declarations/FirJavaField <init> (Lorg/jetbrains/kotlin/KtSourceElement;Lorg/jetbrains/kotlin/fir/FirModuleData;Lorg/jetbrains/kotlin/fir/declarations/FirDeclarationOrigin$Java;Lorg/jetbrains/kotlin/fir/symbols/impl/FirFieldSymbol;Lorg/jetbrains/kotlin/name/Name;Lorg/jetbrains/kotlin/fir/declarations/FirResolvePhase;Lorg/jetbrains/kotlin/fir/types/FirTypeRef;Lorg/jetbrains/kotlin/fir/declarations/FirDeclarationStatus;ZLkotlin/jvm/functions/Function0;Ljava/util/List;Lkotlin/Lazy;Lkotlin/Lazy;Lorg/jetbrains/kotlin/fir/types/ConeSimpleKotlinType;Lorg/jetbrains/kotlin/fir/declarations/FirDeclarationAttributes;)V 202 <appendix> member <vmtarget> ; # org/jetbrains/kotlin/fir/java/declarations/FirJavaField$$Lambda+0x000000010054c838
instanceKlass  @bci org/jetbrains/kotlin/fir/java/declarations/FirJavaField <init> (Lorg/jetbrains/kotlin/KtSourceElement;Lorg/jetbrains/kotlin/fir/FirModuleData;Lorg/jetbrains/kotlin/fir/declarations/FirDeclarationOrigin$Java;Lorg/jetbrains/kotlin/fir/symbols/impl/FirFieldSymbol;Lorg/jetbrains/kotlin/name/Name;Lorg/jetbrains/kotlin/fir/declarations/FirResolvePhase;Lorg/jetbrains/kotlin/fir/types/FirTypeRef;Lorg/jetbrains/kotlin/fir/declarations/FirDeclarationStatus;ZLkotlin/jvm/functions/Function0;Ljava/util/List;Lkotlin/Lazy;Lkotlin/Lazy;Lorg/jetbrains/kotlin/fir/types/ConeSimpleKotlinType;Lorg/jetbrains/kotlin/fir/declarations/FirDeclarationAttributes;)V 189 <appendix> member <vmtarget> ; # org/jetbrains/kotlin/fir/java/declarations/FirJavaField$$Lambda+0x000000010054c600
instanceKlass org/jetbrains/kotlin/fir/java/declarations/UtilsKt
instanceKlass  @bci org/jetbrains/kotlin/fir/java/FirJavaFacade convertJavaFieldToFir (Lorg/jetbrains/kotlin/load/java/structure/JavaField;Lorg/jetbrains/kotlin/name/ClassId;Lorg/jetbrains/kotlin/fir/java/MutableJavaTypeParameterStack;Lorg/jetbrains/kotlin/fir/types/ConeClassLikeType;Lorg/jetbrains/kotlin/fir/FirModuleData;)Lorg/jetbrains/kotlin/fir/declarations/FirDeclaration; 556 <appendix> member <vmtarget> ; # org/jetbrains/kotlin/fir/java/FirJavaFacade$$Lambda+0x000000010054b368
instanceKlass  @bci org/jetbrains/kotlin/fir/java/FirJavaFacade convertJavaFieldToFir (Lorg/jetbrains/kotlin/load/java/structure/JavaField;Lorg/jetbrains/kotlin/name/ClassId;Lorg/jetbrains/kotlin/fir/java/MutableJavaTypeParameterStack;Lorg/jetbrains/kotlin/fir/types/ConeClassLikeType;Lorg/jetbrains/kotlin/fir/FirModuleData;)Lorg/jetbrains/kotlin/fir/declarations/FirDeclaration; 542 <appendix> member <vmtarget> ; # org/jetbrains/kotlin/fir/java/FirJavaFacade$$Lambda+0x000000010054b130
instanceKlass  @bci org/jetbrains/kotlin/fir/java/FirJavaFacade convertJavaFieldToFir (Lorg/jetbrains/kotlin/load/java/structure/JavaField;Lorg/jetbrains/kotlin/name/ClassId;Lorg/jetbrains/kotlin/fir/java/MutableJavaTypeParameterStack;Lorg/jetbrains/kotlin/fir/types/ConeClassLikeType;Lorg/jetbrains/kotlin/fir/FirModuleData;)Lorg/jetbrains/kotlin/fir/declarations/FirDeclaration; 530 <appendix> member <vmtarget> ; # org/jetbrains/kotlin/fir/java/FirJavaFacade$$Lambda+0x000000010054aef8
instanceKlass org/jetbrains/kotlin/fir/declarations/builder/FirFieldBuilder
instanceKlass org/jetbrains/kotlin/fir/resolve/ScopeUtilsKt
instanceKlass  @bci org/jetbrains/kotlin/fir/types/jvm/FirJavaTypeRef <init> (Lorg/jetbrains/kotlin/load/java/structure/JavaType;Lorg/jetbrains/kotlin/KtSourceElement;Lkotlin/jvm/functions/Function0;)V 28 <appendix> member <vmtarget> ; # org/jetbrains/kotlin/fir/types/jvm/FirJavaTypeRef$$Lambda+0x00000001005494b0
instanceKlass  @bci org/jetbrains/kotlin/fir/java/JavaTypeConversionKt toFirJavaTypeRef (Lorg/jetbrains/kotlin/load/java/structure/JavaType;Lorg/jetbrains/kotlin/fir/FirSession;Lorg/jetbrains/kotlin/KtSourceElement;)Lorg/jetbrains/kotlin/fir/types/jvm/FirJavaTypeRef; 35 <appendix> member <vmtarget> ; # org/jetbrains/kotlin/fir/java/JavaTypeConversionKt$$Lambda+0x0000000100548f40
instanceKlass org/jetbrains/kotlin/fir/types/jvm/FirJavaTypeRefBuilder
instanceKlass org/jetbrains/kotlin/fir/java/JavaTypeConversionKt
instanceKlass org/jetbrains/kotlin/descriptors/EffectiveVisibility$WhenMappings
instanceKlass org/jetbrains/kotlin/it/unimi/dsi/fastutil/objects/Object2ObjectOpenHashMap$MapIterator
instanceKlass org/jetbrains/kotlin/fir/java/FirJavaFacade$ValueParametersForAnnotationConstructor
instanceKlass  @bci org/jetbrains/kotlin/fir/java/deserialization/JvmClassFileBasedSymbolProvider extractClassMetadata (Lorg/jetbrains/kotlin/name/ClassId;Lorg/jetbrains/kotlin/fir/deserialization/FirDeserializationContext;)Lorg/jetbrains/kotlin/fir/deserialization/AbstractFirDeserializedSymbolProvider$ClassMetadataFindResult; 146 <appendix> member <vmtarget> ; # org/jetbrains/kotlin/fir/java/deserialization/JvmClassFileBasedSymbolProvider$$Lambda+0x0000000100546ac0
instanceKlass org/jetbrains/kotlin/fir/deserialization/AbstractFirDeserializedSymbolProvider$ClassMetadataFindResult
instanceKlass org/jetbrains/kotlin/fir/java/JavaUtilsKt
instanceKlass  @bci org/jetbrains/kotlin/load/java/structure/impl/classFiles/BinaryClassSignatureParser parseTypeVariableRefSignature (Ljava/text/CharacterIterator;Lorg/jetbrains/kotlin/load/java/structure/impl/classFiles/ClassifierResolutionContext;)Lorg/jetbrains/kotlin/load/java/structure/JavaClassifierType; 139 <appendix> member <vmtarget> ; # org/jetbrains/kotlin/load/java/structure/impl/classFiles/BinaryClassSignatureParser$$Lambda+0x0000000100546238
instanceKlass org/jetbrains/kotlin/load/java/structure/impl/classFiles/BinaryJavaTypeParameter
instanceKlass org/jetbrains/kotlin/load/java/structure/JavaTypeParameter
instanceKlass org/jetbrains/kotlin/load/java/structure/JavaLiteralAnnotationArgument
instanceKlass org/jetbrains/kotlin/load/java/structure/JavaArrayType
instanceKlass org/jetbrains/kotlin/load/java/structure/impl/classFiles/BinaryJavaValueParameter
instanceKlass org/jetbrains/kotlin/load/java/structure/JavaValueParameter
instanceKlass org/jetbrains/kotlin/load/java/structure/JavaConstructor
instanceKlass org/jetbrains/org/objectweb/asm/MethodVisitor
instanceKlass org/jetbrains/kotlin/load/java/structure/JavaMethod
instanceKlass org/jetbrains/kotlin/load/java/structure/impl/classFiles/BinaryJavaMethodBase$Companion$MethodInfo
instanceKlass org/jetbrains/kotlin/load/java/structure/impl/classFiles/BinaryJavaMethodBase$Companion
instanceKlass org/jetbrains/kotlin/load/java/structure/impl/classFiles/BinaryJavaMethodBase
instanceKlass org/jetbrains/kotlin/load/java/structure/JavaEnumValueAnnotationArgument
instanceKlass org/jetbrains/org/objectweb/asm/Type
instanceKlass org/jetbrains/kotlin/load/java/structure/impl/classFiles/PlainJavaAnnotationArgument
instanceKlass org/jetbrains/kotlin/load/java/structure/JavaArrayAnnotationArgument
instanceKlass org/jetbrains/kotlin/load/java/structure/JavaWildcardType
instanceKlass  @bci org/jetbrains/kotlin/load/java/structure/impl/classFiles/BinaryJavaAnnotationVisitor <init> (Lorg/jetbrains/kotlin/load/java/structure/impl/classFiles/ClassifierResolutionContext;Lorg/jetbrains/kotlin/load/java/structure/impl/classFiles/BinaryClassSignatureParser;Ljava/util/Collection;)V 22 <appendix> member <vmtarget> ; # org/jetbrains/kotlin/load/java/structure/impl/classFiles/BinaryJavaAnnotationVisitor$$Lambda+0x00000001005418c8
instanceKlass org/jetbrains/kotlin/load/java/structure/JavaAnnotationArgument
instanceKlass  @bci org/jetbrains/kotlin/load/java/structure/impl/classFiles/BinaryJavaAnnotation <init> (Ljava/lang/String;Lorg/jetbrains/kotlin/load/java/structure/impl/classFiles/ClassifierResolutionContext;Ljava/util/Collection;Z)V 26 <appendix> member <vmtarget> ; # org/jetbrains/kotlin/load/java/structure/impl/classFiles/BinaryJavaAnnotation$$Lambda+0x0000000100541238
instanceKlass org/jetbrains/kotlin/load/java/structure/impl/classFiles/BinaryJavaAnnotation$Companion
instanceKlass org/jetbrains/kotlin/load/java/structure/impl/classFiles/BinaryJavaAnnotation
instanceKlass org/jetbrains/kotlin/load/java/structure/JavaAnnotation
instanceKlass org/jetbrains/kotlin/load/java/structure/impl/classFiles/BinaryJavaClass$WhenMappings
instanceKlass org/jetbrains/org/objectweb/asm/FieldVisitor
instanceKlass org/jetbrains/kotlin/load/java/structure/impl/classFiles/BinaryJavaField
instanceKlass org/jetbrains/kotlin/load/java/structure/JavaField
instanceKlass org/jetbrains/kotlin/load/java/structure/JavaMember
instanceKlass org/jetbrains/kotlin/load/java/structure/JavaPrimitiveType
instanceKlass  @bci org/jetbrains/kotlin/load/java/structure/impl/classFiles/BinaryClassSignatureParser parseParameterizedClassRefSignature (Ljava/text/CharacterIterator;Lorg/jetbrains/kotlin/load/java/structure/impl/classFiles/ClassifierResolutionContext;)Lorg/jetbrains/kotlin/load/java/structure/JavaClassifierType; 215 <appendix> member <vmtarget> ; # org/jetbrains/kotlin/load/java/structure/impl/classFiles/BinaryClassSignatureParser$$Lambda+0x000000010053efb0
instanceKlass java/text/StringCharacterIterator
instanceKlass java/text/CharacterIterator
instanceKlass javaslang/control/Option$Some
instanceKlass javaslang/control/Option
instanceKlass org/jetbrains/kotlin/util/javaslang/JavaslangAdaptersKt
instanceKlass org/jetbrains/kotlin/load/java/structure/impl/classFiles/ClassifierResolutionContext$InnerClassInfo
instanceKlass org/jetbrains/kotlin/load/java/structure/impl/classFiles/CommonMixinsKt
instanceKlass  @bci org/jetbrains/kotlin/load/java/structure/impl/classFiles/BinaryJavaClass convertInternalNameToClassifierType (Ljava/lang/String;)Lorg/jetbrains/kotlin/load/java/structure/JavaClassifierType; 6 <appendix> member <vmtarget> ; # org/jetbrains/kotlin/load/java/structure/impl/classFiles/BinaryJavaClass$$Lambda+0x000000010053d3c8
instanceKlass org/jetbrains/kotlin/load/java/structure/impl/classFiles/ClassifierResolutionContext$Result
instanceKlass org/jetbrains/kotlin/load/java/structure/impl/classFiles/JavaPlainType
instanceKlass org/jetbrains/kotlin/load/java/structure/JavaClassifierType
instanceKlass org/jetbrains/kotlin/load/java/structure/JavaType
instanceKlass org/jetbrains/kotlin/load/java/structure/ListBasedJavaAnnotationOwner
instanceKlass org/jetbrains/kotlin/load/java/structure/impl/classFiles/BinaryJavaModifierListOwner
instanceKlass org/jetbrains/kotlin/load/java/structure/impl/VirtualFileBoundJavaClass
instanceKlass org/jetbrains/kotlin/load/java/structure/MutableJavaAnnotationOwner
instanceKlass javaslang/collection/HashArrayMappedTrieModule$AbstractNode
instanceKlass javaslang/collection/HashArrayMappedTrie
instanceKlass javaslang/collection/Set
instanceKlass javaslang/collection/Seq
instanceKlass javaslang/collection/Iterator
instanceKlass javaslang/collection/HashMap
instanceKlass javaslang/collection/Map
instanceKlass javaslang/collection/Traversable
instanceKlass javaslang/collection/Foldable
instanceKlass javaslang/Value
instanceKlass javaslang/Function1
instanceKlass javaslang/\u03bb
instanceKlass  @bci org/jetbrains/kotlin/cli/jvm/compiler/KotlinCliJavaFileManagerImpl findClass (Lorg/jetbrains/kotlin/load/java/JavaClassFinder$Request;Lorg/jetbrains/kotlin/com/intellij/psi/search/GlobalSearchScope;)Lorg/jetbrains/kotlin/load/java/structure/JavaClass; 254 <appendix> member <vmtarget> ; # org/jetbrains/kotlin/cli/jvm/compiler/KotlinCliJavaFileManagerImpl$$Lambda+0x0000000100539100
instanceKlass org/jetbrains/kotlin/load/java/structure/impl/classFiles/ClassifierResolutionContext
instanceKlass org/jetbrains/kotlin/load/kotlin/FileBasedKotlinClass$OuterAndInnerName
instanceKlass org/jetbrains/org/objectweb/asm/Context
instanceKlass org/jetbrains/org/objectweb/asm/Attribute
instanceKlass org/jetbrains/org/objectweb/asm/Label
instanceKlass org/jetbrains/org/objectweb/asm/ClassReader
instanceKlass org/jetbrains/kotlin/load/kotlin/header/KotlinClassHeader$Kind$Companion
instanceKlass org/jetbrains/kotlin/load/kotlin/KotlinJvmBinaryClass$AnnotationArgumentVisitor
instanceKlass org/jetbrains/kotlin/load/kotlin/header/ReadKotlinClassHeaderAnnotationVisitor
instanceKlass org/jetbrains/kotlin/load/kotlin/KotlinJvmBinaryClass$AnnotationVisitor
instanceKlass  @bci org/jetbrains/kotlin/load/kotlin/VirtualFileKotlinClass$Factory create$lambda$3 (Lorg/jetbrains/kotlin/com/intellij/openapi/vfs/VirtualFile;[BLorg/jetbrains/kotlin/metadata/jvm/deserialization/JvmMetadataVersion;)Lorg/jetbrains/kotlin/load/kotlin/KotlinClassFinder$Result; 122 <appendix> member <vmtarget> ; # org/jetbrains/kotlin/load/kotlin/VirtualFileKotlinClass$Factory$$Lambda+0x0000000100532d30
instanceKlass org/jetbrains/kotlin/load/kotlin/FileBasedKotlinClass$InnerClassesInfo
instanceKlass org/jetbrains/kotlin/load/kotlin/header/KotlinClassHeader
instanceKlass  @bci org/jetbrains/kotlin/load/kotlin/VirtualFileKotlinClass$Factory create$frontend_common_jvm (Lorg/jetbrains/kotlin/com/intellij/openapi/vfs/VirtualFile;Lorg/jetbrains/kotlin/metadata/jvm/deserialization/JvmMetadataVersion;[B)Lorg/jetbrains/kotlin/load/kotlin/KotlinClassFinder$Result; 18 <appendix> member <vmtarget> ; # org/jetbrains/kotlin/load/kotlin/VirtualFileKotlinClass$Factory$$Lambda+0x00000001005326a8
instanceKlass org/jetbrains/kotlin/load/kotlin/VirtualFileKotlinClass$Factory
instanceKlass org/jetbrains/org/objectweb/asm/AnnotationVisitor
instanceKlass org/jetbrains/org/objectweb/asm/ClassVisitor
instanceKlass org/jetbrains/kotlin/load/kotlin/FileBasedKotlinClass
instanceKlass org/jetbrains/kotlin/load/kotlin/KotlinJvmBinaryClass
instanceKlass  @bci org/jetbrains/kotlin/load/kotlin/KotlinBinaryClassCache$Companion getKotlinBinaryClassOrClassFileContent (Lorg/jetbrains/kotlin/com/intellij/openapi/vfs/VirtualFile;Lorg/jetbrains/kotlin/metadata/jvm/deserialization/JvmMetadataVersion;[B)Lorg/jetbrains/kotlin/load/kotlin/KotlinClassFinder$Result; 119 <appendix> member <vmtarget> ; # org/jetbrains/kotlin/load/kotlin/KotlinBinaryClassCache$Companion$$Lambda+0x0000000100536b10
instanceKlass org/jetbrains/kotlin/load/kotlin/KotlinClassFinder$Result
instanceKlass org/jetbrains/kotlin/com/intellij/openapi/util/Computable
instanceKlass org/jetbrains/kotlin/load/kotlin/KotlinBinaryClassCache$RequestCache
instanceKlass  @bci org/jetbrains/kotlin/cli/jvm/compiler/CliVirtualFileFinder findBinaryOrSigClass (Lorg/jetbrains/kotlin/name/ClassId;Ljava/lang/String;Ljava/util/Set;)Lorg/jetbrains/kotlin/com/intellij/openapi/vfs/VirtualFile; 8 <appendix> member <vmtarget> ; # org/jetbrains/kotlin/cli/jvm/compiler/CliVirtualFileFinder$$Lambda+0x0000000100536070
instanceKlass org/jetbrains/kotlin/cli/jvm/index/JvmDependenciesIndexImpl$SearchResult
instanceKlass org/jetbrains/kotlin/cli/jvm/compiler/KotlinCliJavaFileManagerImpl$WhenMappings
instanceKlass  @bci org/jetbrains/kotlin/cli/jvm/index/JvmDependenciesDynamicCompoundIndex findClass (Lorg/jetbrains/kotlin/name/ClassId;Ljava/util/Set;Lkotlin/jvm/functions/Function2;)Ljava/lang/Object; 49 <appendix> member <vmtarget> ; # org/jetbrains/kotlin/cli/jvm/index/JvmDependenciesDynamicCompoundIndex$$Lambda+0x00000001005357e8
instanceKlass  @bci org/jetbrains/kotlin/cli/jvm/compiler/KotlinCliJavaFileManagerImpl findVirtualFileForTopLevelClass (Lorg/jetbrains/kotlin/name/ClassId;Lorg/jetbrains/kotlin/com/intellij/psi/search/GlobalSearchScope;)Lorg/jetbrains/kotlin/com/intellij/openapi/vfs/VirtualFile; 132 <appendix> member <vmtarget> ; # org/jetbrains/kotlin/cli/jvm/compiler/KotlinCliJavaFileManagerImpl$$Lambda+0x00000001005355b0
instanceKlass org/jetbrains/kotlin/load/java/JavaClassFinder$Request
instanceKlass org/jetbrains/kotlin/fir/resolve/providers/FirSymbolNamesProviderKt
instanceKlass org/jetbrains/kotlin/descriptors/SourceElement$1
instanceKlass org/jetbrains/kotlin/serialization/deserialization/ClassData
instanceKlass org/jetbrains/kotlin/it/unimi/dsi/fastutil/objects/ObjectOpenHashSet$SetIterator
instanceKlass  @bci org/jetbrains/kotlin/fir/scopes/impl/FirAbstractSimpleImportingScope processClassifiersByNameWithSubstitution (Lorg/jetbrains/kotlin/name/Name;Lkotlin/jvm/functions/Function2;)V 36 <appendix> member <vmtarget> ; # org/jetbrains/kotlin/fir/scopes/impl/FirAbstractSimpleImportingScope$$Lambda+0x0000000100534880
instanceKlass  @bci org/jetbrains/kotlin/fir/resolve/providers/impl/FirTypeResolverImpl resolveUserTypeToSymbol (Lorg/jetbrains/kotlin/fir/types/FirUserTypeRef;Lorg/jetbrains/kotlin/fir/resolve/transformers/ScopeClassDeclaration;Lorg/jetbrains/kotlin/fir/declarations/FirFile;Lorg/jetbrains/kotlin/fir/resolve/SupertypeSupplier;Z)Lorg/jetbrains/kotlin/fir/resolve/providers/impl/FirTypeResolverImpl$TypeResolutionResult; 188 <adapter> ; # java/lang/invoke/LambdaForm$MH+0x0000000100531c00
# instanceKlass java/lang/invoke/LambdaForm$DMH+0x0000000100531800
instanceKlass  @bci org/jetbrains/kotlin/fir/resolve/providers/impl/FirTypeResolverImpl resolveUserTypeToSymbol (Lorg/jetbrains/kotlin/fir/types/FirUserTypeRef;Lorg/jetbrains/kotlin/fir/resolve/transformers/ScopeClassDeclaration;Lorg/jetbrains/kotlin/fir/declarations/FirFile;Lorg/jetbrains/kotlin/fir/resolve/SupertypeSupplier;Z)Lorg/jetbrains/kotlin/fir/resolve/providers/impl/FirTypeResolverImpl$TypeResolutionResult; 188 <appendix> form vmentry <vmtarget> ; # java/lang/invoke/LambdaForm$DMH+0x0000000100531400
instanceKlass  @bci org/jetbrains/kotlin/fir/resolve/providers/impl/FirTypeResolverImpl resolveUserTypeToSymbol (Lorg/jetbrains/kotlin/fir/types/FirUserTypeRef;Lorg/jetbrains/kotlin/fir/resolve/transformers/ScopeClassDeclaration;Lorg/jetbrains/kotlin/fir/declarations/FirFile;Lorg/jetbrains/kotlin/fir/resolve/SupertypeSupplier;Z)Lorg/jetbrains/kotlin/fir/resolve/providers/impl/FirTypeResolverImpl$TypeResolutionResult; 188 <appendix> member <vmtarget> ; # org/jetbrains/kotlin/fir/resolve/providers/impl/FirTypeResolverImpl$$Lambda+0x0000000100534648
instanceKlass  @cpi org/jetbrains/kotlin/fir/resolve/providers/impl/FirTypeResolverImpl 346 form vmentry <vmtarget> ; # java/lang/invoke/LambdaForm$DMH+0x0000000100531000
instanceKlass org/jetbrains/kotlin/fir/resolve/FirQualifierResolverKt
instanceKlass org/jetbrains/kotlin/fir/resolve/dfa/cfg/ControlFlowGraphBuilderKt
instanceKlass org/jetbrains/kotlin/fir/resolve/transformers/FirSupertypesResolutionKt
instanceKlass  @bci org/jetbrains/kotlin/fir/resolve/transformers/FirSupertypeResolverVisitor prepareFileScopes (Lorg/jetbrains/kotlin/fir/declarations/FirFile;)Lorg/jetbrains/kotlin/kotlinx/collections/immutable/PersistentList; 7 <appendix> member <vmtarget> ; # org/jetbrains/kotlin/fir/resolve/transformers/FirSupertypeResolverVisitor$$Lambda+0x000000010052fbe0
instanceKlass org/jetbrains/kotlin/fir/resolve/transformers/SupertypeComputationStatus
instanceKlass  @bci org/jetbrains/kotlin/fir/resolve/transformers/FirSupertypeResolverVisitor resolveSpecificClassLikeSupertypes (Lorg/jetbrains/kotlin/fir/declarations/FirClassLikeDeclaration;Ljava/util/List;Z)Ljava/util/List; 20 <adapter> ; # java/lang/invoke/LambdaForm$MH+0x0000000100530c00
# instanceKlass java/lang/invoke/LambdaForm$DMH+0x0000000100530800
instanceKlass  @bci org/jetbrains/kotlin/fir/resolve/transformers/FirSupertypeResolverVisitor resolveSpecificClassLikeSupertypes (Lorg/jetbrains/kotlin/fir/declarations/FirClassLikeDeclaration;Ljava/util/List;Z)Ljava/util/List; 20 <appendix> form vmentry <vmtarget> ; # java/lang/invoke/LambdaForm$DMH+0x0000000100530400
instanceKlass  @bci org/jetbrains/kotlin/fir/resolve/transformers/FirSupertypeResolverVisitor resolveSpecificClassLikeSupertypes (Lorg/jetbrains/kotlin/fir/declarations/FirClassLikeDeclaration;Ljava/util/List;Z)Ljava/util/List; 20 <appendix> member <vmtarget> ; # org/jetbrains/kotlin/fir/resolve/transformers/FirSupertypeResolverVisitor$$Lambda+0x000000010052f140
instanceKlass  @cpi org/jetbrains/kotlin/fir/resolve/transformers/FirSupertypeResolverVisitor 712 form vmentry <vmtarget> ; # java/lang/invoke/LambdaForm$DMH+0x0000000100530000
instanceKlass org/jetbrains/kotlin/fir/resolve/transformers/ScopeClassDeclaration
instanceKlass org/jetbrains/kotlin/fir/declarations/DeprecationAnnotationInfoPerUseSiteStorage
instanceKlass org/jetbrains/kotlin/fir/declarations/FirAnnotationsPlatformSpecificSupportComponentKt
instanceKlass org/jetbrains/kotlin/fir/declarations/DeprecationAnnotationInfoPerUseSiteStorageBuilder
instanceKlass org/jetbrains/kotlin/fir/declarations/FirVersionRequirementsTableKeyKt
instanceKlass org/jetbrains/kotlin/fir/scopes/impl/FirAbstractImportingScopeKt
instanceKlass org/jetbrains/kotlin/fir/declarations/DeclarationUtilsKt
instanceKlass org/jetbrains/kotlin/fir/declarations/DeprecationUtilsKt
instanceKlass org/jetbrains/kotlin/com/google/common/collect/LinkedHashMultimap$ValueSet$1
instanceKlass org/jetbrains/kotlin/com/google/common/collect/AbstractMapBasedMultimap$WrappedCollection$WrappedIterator
instanceKlass org/jetbrains/kotlin/fir/declarations/FirTowerDataElement
instanceKlass org/jetbrains/kotlin/fir/declarations/ImplicitReceiverUtilsKt
instanceKlass org/jetbrains/kotlin/fir/scopes/impl/FirPackageMemberScopeKt
instanceKlass org/jetbrains/kotlin/fir/scopes/DefaultSimpleImportKey
instanceKlass  @bci org/jetbrains/kotlin/fir/scopes/impl/FirExplicitStarImportingScope <init> (Ljava/util/List;Lorg/jetbrains/kotlin/fir/FirSession;Lorg/jetbrains/kotlin/fir/resolve/ScopeSession;Ljava/util/Set;)V 228 <appendix> member <vmtarget> ; # org/jetbrains/kotlin/fir/scopes/impl/FirExplicitStarImportingScope$$Lambda+0x000000010052a5c0
instanceKlass org/jetbrains/kotlin/fir/scopes/FirDefaultImportProviderHolderKt
instanceKlass org/jetbrains/kotlin/fir/scopes/impl/DefaultStarImportingScopeMarker
instanceKlass org/jetbrains/kotlin/fir/scopes/DefaultStarImportKey
instanceKlass  @bci org/jetbrains/kotlin/fir/scopes/ImportingScopesKt computeImportingScopes (Lorg/jetbrains/kotlin/fir/declarations/FirFile;Lorg/jetbrains/kotlin/fir/FirSession;Lorg/jetbrains/kotlin/fir/resolve/ScopeSession;ZZ)Ljava/util/List; 600 <appendix> member <vmtarget> ; # org/jetbrains/kotlin/fir/scopes/ImportingScopesKt$$Lambda+0x0000000100528600
instanceKlass org/jetbrains/kotlin/fir/FirImportTrackerComponent
instanceKlass org/jetbrains/kotlin/fir/FirImportTrackerComponentKt
instanceKlass org/jetbrains/kotlin/fir/resolve/ScopeSessionKey
instanceKlass org/jetbrains/kotlin/fir/scopes/ImportingScopesKt
instanceKlass  @bci org/jetbrains/kotlin/fir/resolve/transformers/plugin/AbstractFirSpecificAnnotationResolveTransformer transformFile (Lorg/jetbrains/kotlin/fir/declarations/FirFile;Ljava/lang/Void;)Lorg/jetbrains/kotlin/fir/declarations/FirFile; 25 <appendix> member <vmtarget> ; # org/jetbrains/kotlin/fir/resolve/transformers/plugin/AbstractFirSpecificAnnotationResolveTransformer$$Lambda+0x0000000100525818
instanceKlass org/jetbrains/kotlin/fir/extensions/FirPredicateBasedProviderKt
instanceKlass org/jetbrains/kotlin/fir/resolve/transformers/plugin/CompilerRequiredAnnotationsComputationSession
instanceKlass org/jetbrains/kotlin/fir/caches/NullableMap$NullValue
instanceKlass org/jetbrains/kotlin/fir/declarations/builder/FirResolvedImportBuilder
instanceKlass org/jetbrains/kotlin/fir/resolve/transformers/PackageAndClass
instanceKlass  @bci org/jetbrains/kotlin/load/java/structure/JavaElementsKt buildLazyValueForMap (Lorg/jetbrains/kotlin/load/java/structure/JavaAnnotationOwner;)Lkotlin/Lazy; 7 <appendix> member <vmtarget> ; # org/jetbrains/kotlin/load/java/structure/JavaElementsKt$$Lambda+0x000000010051ec50
instanceKlass org/jetbrains/kotlin/load/java/structure/JavaElementsKt
instanceKlass org/jetbrains/kotlin/load/java/structure/impl/source/JavaElementPsiSource
instanceKlass org/jetbrains/kotlin/load/java/structure/impl/JavaElementImpl
instanceKlass org/jetbrains/kotlin/load/java/structure/impl/source/JavaSourceFactoryOwner
instanceKlass org/jetbrains/kotlin/load/java/structure/MapBasedJavaAnnotationOwner
instanceKlass org/jetbrains/kotlin/load/java/structure/JavaPackage
instanceKlass org/jetbrains/kotlin/load/java/structure/impl/source/JavaElementSourceFactory$Companion
instanceKlass  @bci org/jetbrains/kotlin/cli/jvm/compiler/KotlinCliJavaFileManagerImpl findPackage (Ljava/lang/String;)Lorg/jetbrains/kotlin/com/intellij/psi/PsiPackage; 45 <appendix> member <vmtarget> ; # org/jetbrains/kotlin/cli/jvm/compiler/KotlinCliJavaFileManagerImpl$$Lambda+0x000000010051bdb0
instanceKlass  @bci org/jetbrains/kotlin/cli/jvm/compiler/KotlinCliJavaFileManagerImplKt toSafeFqName (Ljava/lang/String;)Lorg/jetbrains/kotlin/name/FqName; 1 <appendix> member <vmtarget> ; # org/jetbrains/kotlin/cli/jvm/compiler/KotlinCliJavaFileManagerImplKt$$Lambda+0x000000010051bb78
instanceKlass org/jetbrains/kotlin/cli/jvm/compiler/KotlinCliJavaFileManagerImplKt
instanceKlass org/jetbrains/kotlin/resolve/jvm/KotlinJavaPsiFacade$PackageCache
instanceKlass org/jetbrains/kotlin/cli/jvm/index/JvmDependenciesIndexImpl$FindClassRequest
instanceKlass org/jetbrains/kotlin/cli/jvm/index/JvmDependenciesIndexImpl$WhenMappings
instanceKlass org/jetbrains/kotlin/com/intellij/util/containers/IntArrayList
instanceKlass  @bci org/jetbrains/kotlin/cli/jvm/index/JvmDependenciesIndexImpl traverseDirectoriesInPackage (Lorg/jetbrains/kotlin/name/FqName;Ljava/util/Set;Lkotlin/jvm/functions/Function2;)V 52 <appendix> member <vmtarget> ; # org/jetbrains/kotlin/cli/jvm/index/JvmDependenciesIndexImpl$$Lambda+0x000000010051aa28
instanceKlass org/jetbrains/kotlin/cli/jvm/index/JvmDependenciesIndexImpl$TraverseRequest
instanceKlass org/jetbrains/kotlin/cli/jvm/index/JvmDependenciesIndexImpl$SearchRequest
instanceKlass  @bci org/jetbrains/kotlin/cli/jvm/compiler/KotlinCliJavaFileManagerImpl knownClassNamesInPackage (Lorg/jetbrains/kotlin/name/FqName;)Ljava/util/Set; 33 <appendix> member <vmtarget> ; # org/jetbrains/kotlin/cli/jvm/compiler/KotlinCliJavaFileManagerImpl$$Lambda+0x000000010051a3a0
instanceKlass org/jetbrains/kotlin/com/intellij/psi/util/PsiUtilCore$NullPsiElement
instanceKlass org/jetbrains/kotlin/com/intellij/psi/util/PsiUtilCore
instanceKlass  @bci org/jetbrains/kotlin/resolve/jvm/KotlinJavaPsiFacade calcFinders ()[Lorg/jetbrains/kotlin/resolve/jvm/KotlinJavaPsiFacade$KotlinPsiElementFinderWrapper; 149 <appendix> argL0 ; # org/jetbrains/kotlin/resolve/jvm/KotlinJavaPsiFacade$$Lambda+0x00000001005182b0
instanceKlass org/jetbrains/kotlin/resolve/jvm/KotlinSafeClassFinder
instanceKlass org/jetbrains/kotlin/resolve/jvm/KotlinJavaPsiFacade$CliFinder
instanceKlass org/jetbrains/kotlin/fir/resolve/transformers/ImportUtilsKt
instanceKlass org/jetbrains/kotlin/fir/FirLookupTrackerComponent
instanceKlass org/jetbrains/kotlin/fir/FirLookupTrackerComponentKt
instanceKlass org/jetbrains/kotlin/fir/visitors/FirTransformerUtilKt
instanceKlass org/jetbrains/kotlin/fir/symbols/FirLazyDeclarationResolverKt
instanceKlass org/jetbrains/kotlin/fir/scopes/CallableCopyTypeCalculator
instanceKlass org/jetbrains/kotlin/fir/resolve/transformers/body/resolve/ImplicitBodyResolveComputationSession
instanceKlass org/jetbrains/kotlin/fir/extensions/FirFunctionCallRefinementExtensionKt
instanceKlass org/jetbrains/kotlin/fir/extensions/FirAssignExpressionAltererExtensionKt
instanceKlass org/jetbrains/kotlin/fir/resolve/transformers/body/resolve/FirArrayOfCallTransformer$Companion
instanceKlass org/jetbrains/kotlin/fir/resolve/transformers/WhenExhaustivenessChecker
instanceKlass org/jetbrains/kotlin/fir/resolve/transformers/FirWhenExhaustivenessTransformer$Companion
instanceKlass org/jetbrains/kotlin/fir/resolve/calls/ResolutionContext
instanceKlass  @bci org/jetbrains/kotlin/fir/resolve/transformers/IntegerLiteralAndOperatorApproximationTransformer <init> (Lorg/jetbrains/kotlin/fir/FirSession;Lorg/jetbrains/kotlin/fir/resolve/ScopeSession;)V 41 <appendix> member <vmtarget> ; # org/jetbrains/kotlin/fir/resolve/transformers/IntegerLiteralAndOperatorApproximationTransformer$$Lambda+0x0000000100507268
instanceKlass  @bci org/jetbrains/kotlin/fir/resolve/transformers/IntegerLiteralAndOperatorApproximationTransformer <init> (Lorg/jetbrains/kotlin/fir/FirSession;Lorg/jetbrains/kotlin/fir/resolve/ScopeSession;)V 28 <appendix> member <vmtarget> ; # org/jetbrains/kotlin/fir/resolve/transformers/IntegerLiteralAndOperatorApproximationTransformer$$Lambda+0x0000000100507030
instanceKlass org/jetbrains/kotlin/fir/resolve/transformers/IntegerLiteralAndOperatorApproximationTransformer$Companion
instanceKlass org/jetbrains/kotlin/fir/resolve/FirSamConversionTransformerExtensionKt
instanceKlass org/jetbrains/kotlin/fir/resolve/SamResolutionKt
instanceKlass org/jetbrains/kotlin/fir/resolve/FirOuterClassManager
instanceKlass org/jetbrains/kotlin/fir/resolve/FirDoubleColonExpressionResolver
instanceKlass org/jetbrains/kotlin/fir/resolve/transformers/FirSyntheticCallGenerator$special$$inlined$createCache$1
instanceKlass org/jetbrains/kotlin/fir/CopyUtilsKt
instanceKlass org/jetbrains/kotlin/fir/types/ConeDefinitelyNotNullType$Companion
instanceKlass org/jetbrains/kotlin/types/model/DefinitelyNotNullTypeMarker
instanceKlass org/jetbrains/kotlin/types/model/IntersectionTypeConstructorMarker
instanceKlass org/jetbrains/kotlin/fir/types/ConeTypeUtilsKt
instanceKlass org/jetbrains/kotlin/fir/types/ArrayUtilsKt
instanceKlass org/jetbrains/kotlin/fir/declarations/FirTypeParameterRef
instanceKlass org/jetbrains/kotlin/fir/declarations/builder/FirTypeParameterBuilder
instanceKlass org/jetbrains/kotlin/types/model/TypeParameterMarker
instanceKlass org/jetbrains/kotlin/mpp/TypeParameterSymbolMarker
instanceKlass org/jetbrains/kotlin/fir/symbols/SyntheticSymbol
instanceKlass org/jetbrains/kotlin/fir/symbols/SyntheticCallableId
instanceKlass org/jetbrains/kotlin/fir/resolve/transformers/FirSyntheticCallGenerator
instanceKlass org/jetbrains/kotlin/fir/resolve/dfa/Statement
instanceKlass org/jetbrains/kotlin/fir/resolve/dfa/LogicSystem
instanceKlass org/jetbrains/kotlin/fir/FirVisibilityCheckerKt
instanceKlass org/jetbrains/kotlin/fir/resolve/dfa/FirDataFlowAnalyzer$Companion
instanceKlass org/jetbrains/kotlin/fir/resolve/dfa/FirDataFlowAnalyzer
instanceKlass org/jetbrains/kotlin/fir/resolve/inference/ConstraintSystemCompleter$Companion
instanceKlass org/jetbrains/kotlin/fir/resolve/inference/ConstraintSystemCompleter
instanceKlass org/jetbrains/kotlin/fir/resolve/inference/FirCallCompleter
instanceKlass org/jetbrains/kotlin/fir/resolve/calls/overloads/ConeOverloadConflictResolver$SpecificityComparisonWithNumerics$1
instanceKlass org/jetbrains/kotlin/resolve/calls/results/SpecificityComparisonCallbacks
instanceKlass org/jetbrains/kotlin/fir/resolve/calls/overloads/ConeCallConflictResolver
instanceKlass org/jetbrains/kotlin/fir/resolve/inference/InferenceComponentsKt
instanceKlass org/jetbrains/kotlin/fir/resolve/calls/overloads/ConeCallConflictResolverKt
instanceKlass org/jetbrains/kotlin/fir/resolve/calls/overloads/FirOverloadByLambdaReturnTypeResolver
instanceKlass org/jetbrains/kotlin/fir/resolve/calls/tower/TowerResolveManager
instanceKlass org/jetbrains/kotlin/fir/resolve/calls/tower/TowerGroupKind$Companion
instanceKlass  @bci org/jetbrains/kotlin/fir/resolve/calls/tower/TowerGroup <clinit> ()V 47 <appendix> member <vmtarget> ; # org/jetbrains/kotlin/fir/resolve/calls/tower/TowerGroup$$Lambda+0x00000001004fd030
instanceKlass org/jetbrains/kotlin/fir/resolve/calls/tower/TowerGroupKind
instanceKlass org/jetbrains/kotlin/fir/resolve/calls/tower/TowerGroup$Companion
instanceKlass org/jetbrains/kotlin/fir/resolve/calls/tower/TowerGroup
instanceKlass org/jetbrains/kotlin/fir/resolve/calls/candidate/CandidateCollector
instanceKlass org/jetbrains/kotlin/fir/resolve/calls/tower/FirTowerResolver
instanceKlass org/jetbrains/kotlin/fir/resolve/calls/FirCallResolver
instanceKlass org/jetbrains/kotlin/fir/resolve/calls/stages/ResolutionStageRunner
instanceKlass org/jetbrains/kotlin/fir/resolve/BodyResolveComponents
instanceKlass org/jetbrains/kotlin/fir/resolve/SessionHolder
instanceKlass org/jetbrains/kotlin/fir/resolve/inference/FirInferenceSession$Companion
instanceKlass org/jetbrains/kotlin/fir/resolve/inference/FirInferenceSession
instanceKlass org/jetbrains/kotlin/fir/resolve/FirSpecialTowerDataContexts
instanceKlass org/jetbrains/kotlin/kotlinx/collections/immutable/internal/EndOfChain
instanceKlass org/jetbrains/kotlin/kotlinx/collections/immutable/implementations/persistentOrderedMap/PersistentOrderedMap$Companion
instanceKlass org/jetbrains/kotlin/fir/util/PersistentSetMultimap
instanceKlass org/jetbrains/kotlin/fir/resolve/ImplicitReceiverStack
instanceKlass org/jetbrains/kotlin/fir/declarations/FirTowerDataContext
instanceKlass org/jetbrains/kotlin/fir/resolve/FirRegularTowerDataContexts$Companion
instanceKlass org/jetbrains/kotlin/fir/resolve/FirRegularTowerDataContexts
instanceKlass org/jetbrains/kotlin/fir/resolve/dfa/VariableStorage
instanceKlass org/jetbrains/kotlin/fir/resolve/dfa/FirLocalVariableAssignmentAnalyzer$Companion
instanceKlass org/jetbrains/kotlin/fir/resolve/dfa/FirLocalVariableAssignmentAnalyzer
instanceKlass org/jetbrains/kotlin/fir/resolve/dfa/cfg/ControlFlowGraphBuilder$PostponedLambdas
instanceKlass org/jetbrains/kotlin/fir/util/BaseMultimap
instanceKlass org/jetbrains/kotlin/fir/util/MutableMultimap
instanceKlass org/jetbrains/kotlin/fir/util/Multimap
instanceKlass org/jetbrains/kotlin/fir/util/MultimapKt
instanceKlass org/jetbrains/kotlin/fir/resolve/dfa/Stack
instanceKlass org/jetbrains/kotlin/fir/resolve/dfa/StackKt
instanceKlass org/jetbrains/kotlin/fir/resolve/dfa/cfg/ControlFlowGraph
instanceKlass org/jetbrains/kotlin/fir/resolve/dfa/cfg/ExitNodeMarker
instanceKlass org/jetbrains/kotlin/fir/resolve/dfa/cfg/GraphEnterNodeMarker
instanceKlass org/jetbrains/kotlin/fir/resolve/dfa/cfg/EnterNodeMarker
instanceKlass org/jetbrains/kotlin/fir/resolve/dfa/cfg/CFGNode
instanceKlass org/jetbrains/kotlin/fir/resolve/dfa/cfg/ControlFlowGraphBuilder
instanceKlass org/jetbrains/kotlin/fir/resolve/dfa/DataFlowAnalyzerContext
instanceKlass org/jetbrains/kotlin/fir/resolve/transformers/body/resolve/BodyResolveContext
instanceKlass org/jetbrains/kotlin/fir/resolve/transformers/ReturnTypeCalculatorForFullBodyResolve$Companion
instanceKlass org/jetbrains/kotlin/fir/resolve/transformers/ReturnTypeCalculator
instanceKlass org/jetbrains/kotlin/resolve/calls/mpp/ExpectActualMatchingContext$Companion
instanceKlass org/jetbrains/kotlin/fir/resolve/transformers/mpp/FirExpectActualMatchingContextImpl
instanceKlass org/jetbrains/kotlin/fir/FirExpectActualMatchingContext
instanceKlass org/jetbrains/kotlin/resolve/calls/mpp/ExpectActualMatchingContext
instanceKlass org/jetbrains/kotlin/fir/FirExpectActualMatchingContextKt
instanceKlass org/jetbrains/kotlin/fir/resolve/transformers/FirStatusResolver$Companion
instanceKlass org/jetbrains/kotlin/fir/resolve/transformers/FirStatusResolver
instanceKlass kotlin/collections/MutableMapWithDefaultImpl
instanceKlass kotlin/collections/MutableMapWithDefault
instanceKlass  @bci org/jetbrains/kotlin/fir/resolve/transformers/StatusComputationSession <init> ()V 15 <appendix> argL0 ; # org/jetbrains/kotlin/fir/resolve/transformers/StatusComputationSession$$Lambda+0x00000001004dcc78
instanceKlass org/jetbrains/kotlin/fir/resolve/transformers/StatusComputationSession
instanceKlass org/jetbrains/kotlin/fir/resolve/FirTypeResolverKt
instanceKlass org/jetbrains/kotlin/kotlinx/collections/immutable/PersistentList$Builder
instanceKlass org/jetbrains/kotlin/kotlinx/collections/immutable/PersistentCollection$Builder
instanceKlass kotlin/collections/ArrayDeque$Companion
instanceKlass org/jetbrains/kotlin/fir/extensions/FirSupertypeGenerationExtensionKt
instanceKlass org/jetbrains/kotlin/fir/resolve/SupertypeSupplier
instanceKlass org/jetbrains/kotlin/fir/resolve/transformers/SupertypeComputationSession
instanceKlass org/jetbrains/kotlin/fir/extensions/FirSwitchableExtensionDeclarationsSymbolProviderKt
instanceKlass org/jetbrains/kotlin/fir/resolve/transformers/FirResolveProcessor
instanceKlass org/jetbrains/kotlin/fir/resolve/transformers/FirTotalResolveProcessorKt$WhenMappings
instanceKlass org/jetbrains/kotlin/fir/resolve/transformers/FirTotalResolveProcessorKt
instanceKlass org/jetbrains/kotlin/fir/resolve/ScopeSession
instanceKlass org/jetbrains/kotlin/fir/resolve/transformers/FirTotalResolveProcessor
instanceKlass org/jetbrains/kotlin/fir/pipeline/AnalyseKt
instanceKlass org/jetbrains/kotlin/fir/references/builder/FirResolvedNamedReferenceBuilder
instanceKlass org/jetbrains/kotlin/fir/references/builder/FirImplicitThisReferenceBuilder
instanceKlass  @bci org/jetbrains/kotlin/fir/builder/AbstractRawFirBuilder$DataClassMembersGenerator generateCopyFunction ()V 65 <appendix> member <vmtarget> ; # org/jetbrains/kotlin/fir/builder/AbstractRawFirBuilder$DataClassMembersGenerator$$Lambda+0x00000001004db1e8
instanceKlass  @bci org/jetbrains/kotlin/fir/builder/AbstractRawFirBuilder$DataClassMembersGenerator generateCopyFunction ()V 52 <appendix> member <vmtarget> ; # org/jetbrains/kotlin/fir/builder/AbstractRawFirBuilder$DataClassMembersGenerator$$Lambda+0x00000001004dafb0
instanceKlass  @bci org/jetbrains/kotlin/fir/lightTree/converter/LightTreeRawFirDeclarationBuilder convertClass (Lorg/jetbrains/kotlin/com/intellij/lang/LighterASTNode;)Lorg/jetbrains/kotlin/fir/declarations/FirDeclaration; 6221 <appendix> member <vmtarget> ; # org/jetbrains/kotlin/fir/lightTree/converter/LightTreeRawFirDeclarationBuilder$$Lambda+0x00000001004da938
instanceKlass  @bci org/jetbrains/kotlin/fir/lightTree/converter/LightTreeRawFirDeclarationBuilder convertClass (Lorg/jetbrains/kotlin/com/intellij/lang/LighterASTNode;)Lorg/jetbrains/kotlin/fir/declarations/FirDeclaration; 6215 <appendix> argL0 ; # org/jetbrains/kotlin/fir/lightTree/converter/LightTreeRawFirDeclarationBuilder$$Lambda+0x00000001004da708
instanceKlass  @bci org/jetbrains/kotlin/fir/lightTree/converter/LightTreeRawFirDeclarationBuilder convertClass (Lorg/jetbrains/kotlin/com/intellij/lang/LighterASTNode;)Lorg/jetbrains/kotlin/fir/declarations/FirDeclaration; 6210 <appendix> member <vmtarget> ; # org/jetbrains/kotlin/fir/lightTree/converter/LightTreeRawFirDeclarationBuilder$$Lambda+0x00000001004da4d0
instanceKlass org/jetbrains/kotlin/fir/builder/AbstractRawFirBuilder$DataClassMembersGenerator
instanceKlass org/jetbrains/kotlin/fir/expressions/FirExpressionUtilKt
instanceKlass org/jetbrains/kotlin/fir/diagnostics/ConeSimpleDiagnostic
instanceKlass org/jetbrains/kotlin/utils/NumberWithRadix
instanceKlass org/jetbrains/kotlin/utils/NumbersKt
instanceKlass  @bci org/jetbrains/kotlin/com/intellij/util/text/LiteralFormatUtil <clinit> ()V 0 <appendix> argL0 ; # org/jetbrains/kotlin/com/intellij/util/text/LiteralFormatUtil$$Lambda+0x00000001004d8a58
instanceKlass  @cpi org/jetbrains/kotlin/com/intellij/util/text/LiteralFormatUtil 41 form vmentry <vmtarget> ; # java/lang/invoke/LambdaForm$DMH+0x00000001004dc000
instanceKlass org/jetbrains/kotlin/com/intellij/openapi/util/text/CharFilter
instanceKlass org/jetbrains/kotlin/com/intellij/util/text/LiteralFormatUtil
instanceKlass org/jetbrains/kotlin/fir/expressions/FirArgumentUtilKt
instanceKlass org/jetbrains/kotlin/fir/expressions/builder/FirGetClassCallBuilder
instanceKlass org/jetbrains/kotlin/fir/expressions/builder/FirAnonymousFunctionExpressionBuilder
instanceKlass org/jetbrains/kotlin/fir/builder/FirLabelBuilder
instanceKlass org/jetbrains/kotlin/fir/declarations/builder/FirReceiverParameterBuilder
instanceKlass org/jetbrains/kotlin/fir/declarations/builder/FirAnonymousFunctionBuilder
instanceKlass org/jetbrains/kotlin/fir/references/builder/FirExplicitThisReferenceBuilder
instanceKlass org/jetbrains/kotlin/fir/expressions/builder/FirThisReceiverExpressionBuilder
instanceKlass org/jetbrains/kotlin/parsing/BindAll
instanceKlass org/jetbrains/kotlin/parsing/AllCommentsBinder
instanceKlass org/jetbrains/kotlin/parsing/KotlinWhitespaceAndCommentsBindersKt
instanceKlass org/jetbrains/kotlin/fir/expressions/builder/FirElvisExpressionBuilder
instanceKlass org/jetbrains/kotlin/fir/declarations/utils/DeclarationAttributesKt
instanceKlass org/jetbrains/kotlin/fir/references/builder/FirPropertyFromParameterResolvedNamedReferenceBuilder
instanceKlass org/jetbrains/kotlin/fir/types/builder/FirTypeProjectionWithVarianceBuilder
instanceKlass org/jetbrains/kotlin/fir/resolve/providers/impl/FirProviderImplKt$sam$java_util_function_BiFunction$0
instanceKlass org/jetbrains/kotlin/fir/resolve/providers/impl/FirProviderImpl$FirRecorder$registerCallable$1
instanceKlass org/jetbrains/kotlin/fir/FirNameConflictsTrackerComponentKt
instanceKlass org/jetbrains/kotlin/fir/resolve/providers/impl/FirProviderImpl$FirRecorderData
instanceKlass  @bci org/jetbrains/kotlin/fir/resolve/providers/impl/FirProviderImpl recordFile (Lorg/jetbrains/kotlin/fir/declarations/FirFile;Lorg/jetbrains/kotlin/fir/resolve/providers/impl/FirProviderImpl$State;)V 31 <appendix> argL0 ; # org/jetbrains/kotlin/fir/resolve/providers/impl/FirProviderImpl$$Lambda+0x00000001004cdac0
instanceKlass  @bci org/jetbrains/kotlin/fir/resolve/providers/impl/FirProviderImpl recordFile (Lorg/jetbrains/kotlin/fir/declarations/FirFile;Lorg/jetbrains/kotlin/fir/resolve/providers/impl/FirProviderImpl$State;)V 19 <appendix> member <vmtarget> ; # org/jetbrains/kotlin/fir/resolve/providers/impl/FirProviderImpl$$Lambda+0x00000001004cd878
instanceKlass  @bci org/jetbrains/kotlin/fir/resolve/providers/impl/FirProviderImpl recordFile (Lorg/jetbrains/kotlin/fir/declarations/FirFile;Lorg/jetbrains/kotlin/fir/resolve/providers/impl/FirProviderImpl$State;)V 14 <appendix> argL0 ; # org/jetbrains/kotlin/fir/resolve/providers/impl/FirProviderImpl$$Lambda+0x00000001004cd648
instanceKlass org/jetbrains/kotlin/fir/declarations/builder/FirFileBuilder
instanceKlass org/jetbrains/kotlin/fir/declarations/DelegateFieldsMapKt
instanceKlass org/jetbrains/kotlin/fir/declarations/utils/FirDeclarationBuildingUtilsKt
instanceKlass org/jetbrains/kotlin/fir/expressions/builder/FirStringConcatenationCallBuilder
instanceKlass  @bci org/jetbrains/kotlin/fir/builder/AbstractRawFirBuilder toInterpolatingCall$default (Lorg/jetbrains/kotlin/fir/builder/AbstractRawFirBuilder;[Ljava/lang/Object;Ljava/lang/Object;Lkotlin/jvm/functions/Function1;Lkotlin/jvm/functions/Function2;Lkotlin/jvm/functions/Function0;ILjava/lang/Object;)Lorg/jetbrains/kotlin/fir/expressions/FirExpression; 24 <appendix> member <vmtarget> ; # org/jetbrains/kotlin/fir/builder/AbstractRawFirBuilder$$Lambda+0x00000001004cbcb8
instanceKlass  @bci org/jetbrains/kotlin/fir/lightTree/converter/LightTreeRawFirExpressionBuilder convertStringTemplate (Lorg/jetbrains/kotlin/com/intellij/lang/LighterASTNode;)Lorg/jetbrains/kotlin/fir/expressions/FirExpression; 21 <appendix> member <vmtarget> ; # org/jetbrains/kotlin/fir/lightTree/converter/LightTreeRawFirExpressionBuilder$$Lambda+0x00000001004cba80
instanceKlass  @bci org/jetbrains/kotlin/fir/lightTree/converter/LightTreeRawFirExpressionBuilder convertStringTemplate (Lorg/jetbrains/kotlin/com/intellij/lang/LighterASTNode;)Lorg/jetbrains/kotlin/fir/expressions/FirExpression; 14 <appendix> member <vmtarget> ; # org/jetbrains/kotlin/fir/lightTree/converter/LightTreeRawFirExpressionBuilder$$Lambda+0x00000001004cb848
instanceKlass org/jetbrains/kotlin/fir/expressions/builder/FirReturnExpressionBuilder
instanceKlass org/jetbrains/kotlin/fir/expressions/builder/FirVariableAssignmentBuilder
instanceKlass  @bci org/jetbrains/kotlin/fir/lightTree/converter/LightTreeRawFirExpressionBuilder convertBinaryExpression (Lorg/jetbrains/kotlin/com/intellij/lang/LighterASTNode;)Lorg/jetbrains/kotlin/fir/expressions/FirStatement; 1243 <appendix> member <vmtarget> ; # org/jetbrains/kotlin/fir/lightTree/converter/LightTreeRawFirExpressionBuilder$$Lambda+0x00000001004c9f88
instanceKlass org/jetbrains/kotlin/fir/expressions/FirOperation$Companion
instanceKlass org/jetbrains/kotlin/com/google/common/math/IntMath$1
instanceKlass org/jetbrains/kotlin/com/google/common/math/MathPreconditions
instanceKlass org/jetbrains/kotlin/com/google/common/math/IntMath
instanceKlass org/jetbrains/kotlin/com/google/common/collect/ImmutableSet$SetBuilderImpl
instanceKlass org/jetbrains/kotlin/types/expressions/OperatorConventions
instanceKlass org/jetbrains/kotlin/fir/expressions/builder/FirConstExpressionBuilderKt
instanceKlass org/jetbrains/kotlin/types/ConstantValueKind
instanceKlass org/jetbrains/kotlin/parsing/ParseUtilsKt
instanceKlass org/jetbrains/kotlin/fir/diagnostics/ConeContractShouldBeFirstStatement
instanceKlass org/jetbrains/kotlin/fir/diagnostics/ConeDiagnostic
instanceKlass org/jetbrains/kotlin/utils/addToStdlib/AddToStdlibKt
instanceKlass kotlin/collections/ReversedListReadOnly$listIterator$1
instanceKlass org/jetbrains/kotlin/util/LightTreeUtilsKt
instanceKlass org/jetbrains/kotlin/fir/expressions/builder/FirBlockBuilder
instanceKlass org/jetbrains/kotlin/fir/expressions/builder/FirFunctionCallBuilder
instanceKlass org/jetbrains/kotlin/fir/builder/CalleeAndReceiver
instanceKlass org/jetbrains/kotlin/fir/references/builder/FirSimpleNamedReferenceBuilder
instanceKlass org/jetbrains/kotlin/fir/expressions/builder/FirPropertyAccessExpressionBuilder
instanceKlass org/jetbrains/kotlin/fir/expressions/builder/FirExpressionBuilder
instanceKlass org/jetbrains/kotlin/fir/declarations/builder/FirValueParameterBuilder
instanceKlass  @bci org/jetbrains/kotlin/fir/lightTree/fir/ValueParameter <init> (Lorg/jetbrains/kotlin/fir/symbols/impl/FirValueParameterSymbol;ZZLorg/jetbrains/kotlin/fir/lightTree/fir/modifier/Modifier;Ljava/util/List;Lorg/jetbrains/kotlin/fir/types/FirTypeRef;Lorg/jetbrains/kotlin/KtSourceElement;Lorg/jetbrains/kotlin/fir/FirModuleData;ZLjava/util/List;Lorg/jetbrains/kotlin/name/Name;Lorg/jetbrains/kotlin/fir/expressions/FirExpression;Lorg/jetbrains/kotlin/fir/symbols/impl/FirFunctionSymbol;Lorg/jetbrains/kotlin/fir/lightTree/fir/DestructuringDeclaration;)V 161 <appendix> member <vmtarget> ; # org/jetbrains/kotlin/fir/lightTree/fir/ValueParameter$$Lambda+0x00000001004bb6d8
instanceKlass  @bci org/jetbrains/kotlin/fir/lightTree/fir/ValueParameter <init> (Lorg/jetbrains/kotlin/fir/symbols/impl/FirValueParameterSymbol;ZZLorg/jetbrains/kotlin/fir/lightTree/fir/modifier/Modifier;Ljava/util/List;Lorg/jetbrains/kotlin/fir/types/FirTypeRef;Lorg/jetbrains/kotlin/KtSourceElement;Lorg/jetbrains/kotlin/fir/FirModuleData;ZLjava/util/List;Lorg/jetbrains/kotlin/name/Name;Lorg/jetbrains/kotlin/fir/expressions/FirExpression;Lorg/jetbrains/kotlin/fir/symbols/impl/FirFunctionSymbol;Lorg/jetbrains/kotlin/fir/lightTree/fir/DestructuringDeclaration;)V 145 <appendix> member <vmtarget> ; # org/jetbrains/kotlin/fir/lightTree/fir/ValueParameter$$Lambda+0x00000001004bb4a0
instanceKlass org/jetbrains/kotlin/fir/lightTree/fir/ValueParameter
instanceKlass  @bci org/jetbrains/kotlin/fir/lightTree/converter/LightTreeRawFirDeclarationBuilder convertValueParameter (Lorg/jetbrains/kotlin/com/intellij/lang/LighterASTNode;Lorg/jetbrains/kotlin/fir/symbols/impl/FirFunctionSymbol;Lorg/jetbrains/kotlin/fir/builder/AbstractRawFirBuilder$ValueParameterDeclaration;Ljava/util/List;)Lorg/jetbrains/kotlin/fir/lightTree/fir/ValueParameter; 589 <appendix> member <vmtarget> ; # org/jetbrains/kotlin/fir/lightTree/converter/LightTreeRawFirDeclarationBuilder$$Lambda+0x00000001004bb048
instanceKlass org/jetbrains/kotlin/fir/FirAbstractTarget
instanceKlass org/jetbrains/kotlin/fir/FirTarget
instanceKlass org/jetbrains/kotlin/fir/builder/AbstractRawFirBuilderKt
instanceKlass org/jetbrains/kotlin/fir/declarations/builder/FirAnonymousObjectBuilder
instanceKlass org/jetbrains/kotlin/mpp/ValueParameterSymbolMarker
instanceKlass org/jetbrains/kotlin/fir/declarations/builder/FirDefaultSetterValueParameterBuilder
instanceKlass org/jetbrains/kotlin/fir/declarations/impl/FirDefaultPropertyAccessor$Companion
instanceKlass org/jetbrains/kotlin/fir/declarations/builder/FirPropertyBuilder
instanceKlass org/jetbrains/kotlin/fir/declarations/builder/FirVariableBuilder
instanceKlass org/jetbrains/kotlin/ElementTypeUtils
instanceKlass org/jetbrains/kotlin/fir/lightTree/fir/PrimaryConstructor
instanceKlass org/jetbrains/kotlin/fir/declarations/FirDeclarationDataRegistry$DeclarationDataAccessor
instanceKlass org/jetbrains/kotlin/fir/declarations/FirDeclarationDataKey
instanceKlass org/jetbrains/kotlin/fir/ClassMembersKt
instanceKlass org/jetbrains/kotlin/fir/declarations/builder/FirPrimaryConstructorBuilder
instanceKlass org/jetbrains/kotlin/fir/declarations/builder/FirAbstractConstructorBuilder
instanceKlass org/jetbrains/kotlin/fir/expressions/builder/FirArgumentListBuilder
instanceKlass org/jetbrains/kotlin/fir/references/builder/FirExplicitSuperReferenceBuilder
instanceKlass org/jetbrains/kotlin/KtSourceElementKt
instanceKlass org/jetbrains/kotlin/fir/UtilsKt
instanceKlass org/jetbrains/kotlin/fir/expressions/builder/FirDelegatedConstructorCallBuilder
instanceKlass org/jetbrains/kotlin/fir/builder/ConversionUtilsKt
instanceKlass org/jetbrains/kotlin/fir/lightTree/fir/ClassWrapper
instanceKlass org/jetbrains/kotlin/fir/lightTree/converter/LightTreeRawFirDeclarationBuilder$DelegationSpecifiers
instanceKlass org/jetbrains/kotlin/fir/lightTree/fir/DelegatedConstructorWrapper
instanceKlass org/jetbrains/kotlin/fir/types/builder/FirUserTypeRefBuilder
instanceKlass org/jetbrains/kotlin/fir/types/impl/FirQualifierPartImpl
instanceKlass org/jetbrains/kotlin/fir/types/FirQualifierPart
instanceKlass org/jetbrains/kotlin/fir/types/impl/FirTypeArgumentListImpl
instanceKlass org/jetbrains/kotlin/fir/types/FirTypeArgumentList
instanceKlass org/jetbrains/kotlin/fir/builder/Context$StatusFirTypeParameterSymbolList
instanceKlass org/jetbrains/kotlin/psi/KtPsiUtil
instanceKlass org/jetbrains/kotlin/fir/lightTree/fir/modifier/ModifierFlag$Companion
instanceKlass org/jetbrains/kotlin/fir/lightTree/fir/modifier/Modifier
instanceKlass kotlin/properties/NotNullVar
instanceKlass kotlin/properties/ReadWriteProperty
instanceKlass kotlin/properties/Delegates
instanceKlass kotlin/reflect/KMutableProperty$Setter
instanceKlass org/jetbrains/kotlin/fir/declarations/builder/FirImportBuilder
instanceKlass org/jetbrains/kotlin/fir/builder/FirPackageDirectiveBuilder
instanceKlass org/jetbrains/kotlin/fir/lightTree/converter/ConverterUtilKt
instanceKlass org/jetbrains/kotlin/fir/expressions/builder/FirAbstractFunctionCallBuilder
instanceKlass org/jetbrains/kotlin/fir/expressions/builder/FirQualifiedAccessExpressionBuilder
instanceKlass org/jetbrains/kotlin/fir/expressions/builder/FirCallBuilder
instanceKlass org/jetbrains/kotlin/fir/builder/Context
instanceKlass org/jetbrains/kotlin/fir/builder/AbstractRawFirBuilder
instanceKlass org/jetbrains/kotlin/com/intellij/psi/tree/ILightLazyParseableElementType
instanceKlass org/jetbrains/kotlin/com/intellij/openapi/util/Ref
instanceKlass org/jetbrains/kotlin/com/intellij/lang/impl/PsiBuilderImpl$MyTreeStructure$2
instanceKlass org/jetbrains/kotlin/com/intellij/lang/impl/PsiBuilderImpl$MyTreeStructure$1
instanceKlass org/jetbrains/kotlin/com/intellij/util/containers/LimitedPool
instanceKlass org/jetbrains/kotlin/com/intellij/lang/LighterASTTokenNode
instanceKlass org/jetbrains/kotlin/com/intellij/lang/LighterLazyParseableNode
instanceKlass org/jetbrains/kotlin/com/intellij/lang/impl/PsiBuilderImpl$Token
instanceKlass org/jetbrains/kotlin/com/intellij/util/containers/LimitedPool$ObjectFactory
instanceKlass org/jetbrains/kotlin/com/intellij/lang/impl/PsiBuilderImpl$MyTreeStructure
instanceKlass org/jetbrains/kotlin/com/intellij/util/text/CharSequenceSubSequence
instanceKlass org/jetbrains/kotlin/com/intellij/lang/WhitespacesAndCommentsBinder$RecursiveBinder
instanceKlass org/jetbrains/kotlin/com/intellij/lang/impl/PsiBuilderImpl$RelativeTokenTextView
instanceKlass  @bci org/jetbrains/kotlin/com/intellij/lang/impl/MarkerProduction findMarkerAtLexeme (I)I 10 <appendix> form vmentry <vmtarget> ; # java/lang/invoke/LambdaForm$DMH+0x00000001004a0400
instanceKlass  @bci org/jetbrains/kotlin/com/intellij/lang/impl/MarkerProduction findMarkerAtLexeme (I)I 10 <appendix> member <vmtarget> ; # org/jetbrains/kotlin/com/intellij/lang/impl/MarkerProduction$$Lambda+0x000000010049e5b0
instanceKlass  @cpi org/jetbrains/kotlin/com/intellij/lang/impl/MarkerProduction 102 form vmentry <vmtarget> ; # java/lang/invoke/LambdaForm$DMH+0x00000001004a0000
instanceKlass java/util/function/IntUnaryOperator
instanceKlass org/jetbrains/kotlin/parsing/PrecedingDocCommentsBinder
instanceKlass org/jetbrains/kotlin/parsing/PrecedingCommentsBinder
instanceKlass org/jetbrains/kotlin/parsing/KotlinParsing$PropertyComponentKind$Collector
instanceKlass org/jetbrains/kotlin/parsing/AbstractKotlinParsing$OptionalMarker
instanceKlass org/jetbrains/kotlin/parsing/KotlinParsing$ModifierDetector
instanceKlass org/jetbrains/kotlin/com/intellij/lang/WhitespacesBinders$2
instanceKlass org/jetbrains/kotlin/com/intellij/lang/WhitespacesBinders$1
instanceKlass org/jetbrains/kotlin/com/intellij/lang/WhitespacesBinders
instanceKlass org/jetbrains/kotlin/parsing/TrailingCommentsBinder
instanceKlass org/jetbrains/kotlin/it/unimi/dsi/fastutil/Arrays
instanceKlass org/jetbrains/kotlin/com/google/common/collect/Hashing
instanceKlass org/jetbrains/kotlin/com/google/common/collect/ImmutableCollection$Builder
instanceKlass org/jetbrains/kotlin/com/google/common/collect/ImmutableMap$Builder
instanceKlass org/jetbrains/kotlin/parsing/AbstractTokenStreamPredicate
instanceKlass org/jetbrains/kotlin/parsing/AbstractTokenStreamPattern
instanceKlass org/jetbrains/kotlin/parsing/TokenStreamPattern
instanceKlass org/jetbrains/kotlin/parsing/Consumer
instanceKlass org/jetbrains/kotlin/parsing/TokenStreamPredicate
instanceKlass org/jetbrains/kotlin/com/intellij/lang/WhitespacesAndCommentsBinder
instanceKlass org/jetbrains/kotlin/parsing/AbstractKotlinParsing
instanceKlass org/jetbrains/kotlin/com/intellij/lang/impl/PsiBuilderAdapter
instanceKlass org/jetbrains/kotlin/parsing/SemanticWhitespaceAwarePsiBuilder
instanceKlass org/jetbrains/kotlin/parsing/KotlinLightParser
instanceKlass org/jetbrains/kotlin/lexer/_JetLexer$State
instanceKlass org/jetbrains/kotlin/com/intellij/lang/impl/TokenSequence$Builder
instanceKlass org/jetbrains/kotlin/com/intellij/lang/impl/TokenSequence
instanceKlass org/jetbrains/kotlin/com/intellij/lexer/TokenList
instanceKlass java/util/BitSet
instanceKlass org/jetbrains/kotlin/it/unimi/dsi/fastutil/ints/IntArrays$ArrayHashStrategy
instanceKlass org/jetbrains/kotlin/it/unimi/dsi/fastutil/ints/IntArrays$Segment
instanceKlass org/jetbrains/kotlin/it/unimi/dsi/fastutil/ints/IntArrays
instanceKlass org/jetbrains/kotlin/it/unimi/dsi/fastutil/ints/IntListIterator
instanceKlass org/jetbrains/kotlin/it/unimi/dsi/fastutil/ints/IntBidirectionalIterator
instanceKlass org/jetbrains/kotlin/it/unimi/dsi/fastutil/ints/IntSpliterator
instanceKlass org/jetbrains/kotlin/it/unimi/dsi/fastutil/ints/IntIterator
instanceKlass java/util/PrimitiveIterator$OfInt
instanceKlass java/util/PrimitiveIterator
instanceKlass java/util/function/IntConsumer
instanceKlass org/jetbrains/kotlin/it/unimi/dsi/fastutil/ints/IntStack
instanceKlass org/jetbrains/kotlin/it/unimi/dsi/fastutil/objects/ObjectArrays$ArrayHashStrategy
instanceKlass org/jetbrains/kotlin/it/unimi/dsi/fastutil/objects/ObjectArrays
instanceKlass  @bci org/jetbrains/kotlin/it/unimi/dsi/fastutil/objects/ObjectArrayList <clinit> ()V 26 <appendix> argL0 ; # org/jetbrains/kotlin/it/unimi/dsi/fastutil/objects/ObjectArrayList$$Lambda+0x000000010048f748
instanceKlass  @cpi org/jetbrains/kotlin/it/unimi/dsi/fastutil/objects/ObjectArrayList 455 form vmentry <vmtarget> ; # java/lang/invoke/LambdaForm$DMH+0x0000000100488400
instanceKlass  @bci org/jetbrains/kotlin/it/unimi/dsi/fastutil/objects/ObjectArrayList <clinit> ()V 21 <appendix> argL0 ; # org/jetbrains/kotlin/it/unimi/dsi/fastutil/objects/ObjectArrayList$$Lambda+0x000000010048f508
instanceKlass  @bci org/jetbrains/kotlin/it/unimi/dsi/fastutil/objects/ObjectArrayList <clinit> ()V 16 <appendix> argL0 ; # org/jetbrains/kotlin/it/unimi/dsi/fastutil/objects/ObjectArrayList$$Lambda+0x000000010048f2d8
instanceKlass org/jetbrains/kotlin/it/unimi/dsi/fastutil/objects/ObjectListIterator
instanceKlass org/jetbrains/kotlin/it/unimi/dsi/fastutil/objects/ObjectBidirectionalIterator
instanceKlass org/jetbrains/kotlin/it/unimi/dsi/fastutil/BidirectionalIterator
instanceKlass org/jetbrains/kotlin/it/unimi/dsi/fastutil/objects/ObjectList
instanceKlass org/jetbrains/kotlin/it/unimi/dsi/fastutil/Stack
instanceKlass org/jetbrains/kotlin/com/intellij/lang/WhitespacesAndCommentsBinder$TokenTextGetter
instanceKlass org/jetbrains/kotlin/com/intellij/lang/PsiBuilder$Marker
instanceKlass org/jetbrains/kotlin/com/intellij/lang/SyntaxTreeBuilder$Marker
instanceKlass org/jetbrains/kotlin/com/intellij/lang/impl/PsiBuilderImpl$ProductionMarker
instanceKlass org/jetbrains/kotlin/com/intellij/lang/impl/PsiBuilderImpl$Node
instanceKlass org/jetbrains/kotlin/com/intellij/lang/LighterASTNode
instanceKlass org/jetbrains/kotlin/com/intellij/util/diff/ShallowNodeComparator
instanceKlass org/jetbrains/kotlin/com/intellij/util/diff/DiffTreeChangeBuilder
instanceKlass org/jetbrains/kotlin/com/intellij/openapi/util/UnprotectedUserDataHolder
instanceKlass org/jetbrains/kotlin/lexer/_JetLexer
instanceKlass org/jetbrains/kotlin/com/intellij/lexer/FlexLexer
instanceKlass org/jetbrains/kotlin/com/intellij/lexer/LexerPosition
instanceKlass  @bci org/jetbrains/kotlin/fir/lightTree/LightTreeParsingErrorListenerKt toKotlinParsingErrorListener (Lorg/jetbrains/kotlin/diagnostics/DiagnosticReporter;Lorg/jetbrains/kotlin/KtSourceFile;Lorg/jetbrains/kotlin/config/LanguageVersionSettings;)Lorg/jetbrains/kotlin/fir/lightTree/LightTreeParsingErrorListener; 30 <appendix> member <vmtarget> ; # org/jetbrains/kotlin/fir/lightTree/LightTreeParsingErrorListenerKt$$Lambda+0x0000000100484e00
instanceKlass  @cpi org/jetbrains/kotlin/fir/lightTree/LightTreeParsingErrorListenerKt 48 form vmentry <vmtarget> ; # java/lang/invoke/LambdaForm$DMH+0x0000000100488000
instanceKlass org/jetbrains/kotlin/fir/lightTree/LightTreeParsingErrorListener
instanceKlass org/jetbrains/kotlin/fir/lightTree/LightTreeParsingErrorListenerKt$toKotlinParsingErrorListener$diagnosticContext$1
instanceKlass org/jetbrains/kotlin/diagnostics/DiagnosticContext
instanceKlass org/jetbrains/kotlin/fir/lightTree/LightTreeParsingErrorListenerKt
instanceKlass org/jetbrains/kotlin/KtSourceFileLinesMappingFromLineStartOffsets
instanceKlass org/jetbrains/kotlin/KtSourceFileLinesMapping
instanceKlass org/jetbrains/kotlin/KtSourceFileLinesMappingKt
instanceKlass sun/nio/ch/Util$BufferCache
instanceKlass org/jetbrains/kotlin/com/intellij/openapi/vfs/CharsetToolkit
instanceKlass java/nio/channels/NetworkChannel
instanceKlass sun/nio/ch/SelChImpl
instanceKlass sun/nio/ch/Streams
instanceKlass java/nio/channels/Channels
instanceKlass sun/nio/ch/FileChannelImpl$Closer
instanceKlass org/jetbrains/kotlin/fir/lightTree/LightTree2Fir$Companion
instanceKlass org/jetbrains/kotlin/fir/lightTree/LightTree2Fir
instanceKlass org/jetbrains/kotlin/fir/session/SourcesToPathsMapperKt
instanceKlass org/jetbrains/kotlin/fir/pipeline/FirUtilsKt
instanceKlass org/jetbrains/kotlin/cli/common/SessionWithSources
instanceKlass  @bci org/jetbrains/kotlin/cli/jvm/compiler/VfsBasedProjectEnvironment registerAsJavaElementFinder (Lorg/jetbrains/kotlin/fir/FirSession;)V 299 <appendix> member <vmtarget> ; # org/jetbrains/kotlin/cli/jvm/compiler/VfsBasedProjectEnvironment$$Lambda+0x0000000100482c30
instanceKlass org/jetbrains/kotlin/fir/java/FirJavaElementFinder$fileCache$1
instanceKlass org/jetbrains/kotlin/fir/java/FirJavaElementFinderKt
instanceKlass org/jetbrains/kotlin/fir/resolve/providers/FirProviderKt
instanceKlass  @bci org/jetbrains/kotlin/com/intellij/openapi/extensions/impl/ExtensionPointImpl unregisterExtensions (Ljava/util/function/BiPredicate;Z)Z 32 <appendix> member <vmtarget> ; # org/jetbrains/kotlin/com/intellij/openapi/extensions/impl/ExtensionPointImpl$$Lambda+0x00000001004820e0
instanceKlass  @bci org/jetbrains/kotlin/com/intellij/openapi/extensions/impl/ExtensionPointImpl unregisterExtension (Ljava/lang/Class;)V 16 <appendix> member <vmtarget> ; # org/jetbrains/kotlin/com/intellij/openapi/extensions/impl/ExtensionPointImpl$$Lambda+0x0000000100481e78
instanceKlass java/util/function/BiPredicate
instanceKlass org/jetbrains/kotlin/com/intellij/util/containers/ImmutableList$Itr
instanceKlass org/jetbrains/kotlin/com/intellij/diagnostic/Activity
instanceKlass org/jetbrains/kotlin/com/intellij/diagnostic/StartUpMeasurer
instanceKlass org/jetbrains/kotlin/com/intellij/openapi/vfs/VirtualFileWithId
instanceKlass org/jetbrains/kotlin/it/unimi/dsi/fastutil/ints/IntList
instanceKlass org/jetbrains/kotlin/com/intellij/openapi/vfs/VirtualFileSetEx
instanceKlass org/jetbrains/kotlin/KtPsiSourceFile
instanceKlass  @bci org/jetbrains/kotlin/fir/java/JavaSymbolProvider <init> (Lorg/jetbrains/kotlin/fir/FirSession;Lorg/jetbrains/kotlin/fir/java/FirJavaFacade;)V 34 <appendix> member <vmtarget> ; # org/jetbrains/kotlin/fir/java/JavaSymbolProvider$$Lambda+0x000000010047f850
instanceKlass  @bci org/jetbrains/kotlin/fir/java/JavaSymbolProvider <init> (Lorg/jetbrains/kotlin/fir/FirSession;Lorg/jetbrains/kotlin/fir/java/FirJavaFacade;)V 28 <appendix> member <vmtarget> ; # org/jetbrains/kotlin/fir/java/JavaSymbolProvider$$Lambda+0x000000010047f618
instanceKlass org/jetbrains/kotlin/fir/java/JavaSymbolProvider$ClassCacheContext
instanceKlass org/jetbrains/kotlin/fir/extensions/FirDeclarationGenerationExtensionKt
instanceKlass org/jetbrains/kotlin/fir/extensions/FirExtensionDeclarationsSymbolProvider$Companion
instanceKlass org/jetbrains/kotlin/fir/extensions/FirSwitchableExtensionDeclarationsSymbolProvider$Companion
instanceKlass kotlin/comparisons/ComparisonsKt__ComparisonsKt
instanceKlass org/jetbrains/kotlin/fir/session/FirAbstractSessionFactory$computeDependencyProviderList$$inlined$sortedBy$1
instanceKlass org/jetbrains/kotlin/fir/resolve/providers/FirSymbolProviderKt
instanceKlass org/jetbrains/kotlin/fir/analysis/extensions/FirAdditionalCheckersExtensionKt
instanceKlass org/jetbrains/kotlin/fir/analysis/checkers/config/FirLanguageVersionSettingsChecker
instanceKlass org/jetbrains/kotlin/utils/CollectionsKt
instanceKlass org/jetbrains/kotlin/builtins/StandardNames$FqNames
instanceKlass org/jetbrains/kotlin/fir/analysis/checkers/expression/AbstractFirReflectionApiCallChecker$Companion
instanceKlass org/jetbrains/kotlin/load/kotlin/SignatureBuildingComponents
instanceKlass org/jetbrains/kotlin/load/java/SpecialGenericSignatures$Companion$NameAndSignature
instanceKlass org/jetbrains/kotlin/builtins/PrimitiveType$Companion
instanceKlass  @bci org/jetbrains/kotlin/builtins/PrimitiveType <init> (Ljava/lang/String;ILjava/lang/String;)V 73 <appendix> member <vmtarget> ; # org/jetbrains/kotlin/builtins/PrimitiveType$$Lambda+0x0000000100473a30
instanceKlass  @bci org/jetbrains/kotlin/builtins/PrimitiveType <init> (Ljava/lang/String;ILjava/lang/String;)V 57 <appendix> member <vmtarget> ; # org/jetbrains/kotlin/builtins/PrimitiveType$$Lambda+0x00000001004737f8
instanceKlass org/jetbrains/kotlin/load/java/SpecialGenericSignatures$Companion
instanceKlass org/jetbrains/kotlin/load/java/SpecialGenericSignatures
instanceKlass org/jetbrains/kotlin/fir/expressions/FirCall
instanceKlass org/jetbrains/kotlin/fir/analysis/checkers/type/FirTypeChecker
instanceKlass org/jetbrains/kotlin/fir/diagnostics/FirDiagnosticHolder
instanceKlass org/jetbrains/kotlin/KtSourceElementKind
instanceKlass org/jetbrains/kotlin/mpp/PropertySymbolMarker
instanceKlass org/jetbrains/kotlin/fir/analysis/checkers/expression/FirExpressionChecker
instanceKlass org/jetbrains/kotlin/fir/analysis/cfa/AbstractFirPropertyInitializationChecker
instanceKlass org/jetbrains/kotlin/fir/analysis/checkers/cfa/FirControlFlowChecker
instanceKlass org/jetbrains/kotlin/fir/analysis/checkers/expression/FirMissingDependencyClassProxy
instanceKlass org/jetbrains/kotlin/fir/analysis/checkers/declaration/FirValueClassDeclarationChecker$Companion
instanceKlass java/util/WeakHashMap$HashIterator
instanceKlass org/jetbrains/kotlin/fir/expressions/FirResolvable
instanceKlass org/jetbrains/kotlin/fir/expressions/FirContextReceiverArgumentListOwner
instanceKlass org/jetbrains/kotlin/AbstractKtSourceElement
instanceKlass org/jetbrains/kotlin/fir/analysis/checkers/syntax/FirSyntaxChecker
instanceKlass org/jetbrains/kotlin/mpp/ConstructorSymbolMarker
instanceKlass org/jetbrains/kotlin/fir/analysis/checkers/declaration/FirDeclarationChecker
instanceKlass org/jetbrains/kotlin/fir/analysis/CheckersComponentKt
instanceKlass org/jetbrains/kotlin/fir/checkers/CheckersContainersKt
instanceKlass org/jetbrains/kotlin/fir/resolve/providers/impl/FirProviderImpl$State
instanceKlass org/jetbrains/kotlin/fir/java/FirJvmTargetProvider
instanceKlass org/jetbrains/kotlin/fir/resolve/transformers/mpp/FirExpectActualMatchingContextImpl$Factory
instanceKlass org/jetbrains/kotlin/fir/FirExpectActualMatchingContextFactory
instanceKlass org/jetbrains/kotlin/fir/session/SourcesToPathsMapper
instanceKlass org/jetbrains/kotlin/fir/FirModuleDataKt
instanceKlass org/jetbrains/kotlin/fir/FirModuleVisibilityChecker
instanceKlass org/jetbrains/kotlin/fir/FirNameConflictsTrackerComponent
instanceKlass org/jetbrains/kotlin/fir/analysis/checkers/LanguageVersionSettingsCheckers$Companion
instanceKlass org/jetbrains/kotlin/fir/analysis/checkers/LanguageVersionSettingsCheckers
instanceKlass  @bci org/jetbrains/kotlin/fir/analysis/checkers/type/ComposedTypeCheckers <init> (Lorg/jetbrains/kotlin/fir/analysis/checkers/MppCheckerKind;)V 8 <appendix> member <vmtarget> ; # org/jetbrains/kotlin/fir/analysis/checkers/type/ComposedTypeCheckers$$Lambda+0x000000010043eef8
instanceKlass  @bci org/jetbrains/kotlin/fir/analysis/checkers/type/TypeCheckers <init> ()V 13 <appendix> member <vmtarget> ; # org/jetbrains/kotlin/fir/analysis/checkers/type/TypeCheckers$$Lambda+0x000000010043ecc0
instanceKlass org/jetbrains/kotlin/fir/analysis/checkers/type/TypeCheckers$Companion
instanceKlass org/jetbrains/kotlin/fir/analysis/checkers/type/TypeCheckers
instanceKlass  @bci org/jetbrains/kotlin/fir/analysis/checkers/expression/ComposedExpressionCheckers <init> (Lorg/jetbrains/kotlin/fir/analysis/checkers/MppCheckerKind;)V 9 <appendix> member <vmtarget> ; # org/jetbrains/kotlin/fir/analysis/checkers/expression/ComposedExpressionCheckers$$Lambda+0x000000010043e1f8
instanceKlass  @bci org/jetbrains/kotlin/fir/analysis/checkers/expression/ExpressionCheckers <init> ()V 673 <appendix> member <vmtarget> ; # org/jetbrains/kotlin/fir/analysis/checkers/expression/ExpressionCheckers$$Lambda+0x000000010043dfc0
instanceKlass  @bci org/jetbrains/kotlin/fir/analysis/checkers/expression/ExpressionCheckers <init> ()V 660 <appendix> member <vmtarget> ; # org/jetbrains/kotlin/fir/analysis/checkers/expression/ExpressionCheckers$$Lambda+0x000000010043dd88
instanceKlass  @bci org/jetbrains/kotlin/fir/analysis/checkers/expression/ExpressionCheckers <init> ()V 647 <appendix> member <vmtarget> ; # org/jetbrains/kotlin/fir/analysis/checkers/expression/ExpressionCheckers$$Lambda+0x000000010043db50
instanceKlass  @bci org/jetbrains/kotlin/fir/analysis/checkers/expression/ExpressionCheckers <init> ()V 634 <appendix> member <vmtarget> ; # org/jetbrains/kotlin/fir/analysis/checkers/expression/ExpressionCheckers$$Lambda+0x000000010043d918
instanceKlass  @bci org/jetbrains/kotlin/fir/analysis/checkers/expression/ExpressionCheckers <init> ()V 621 <appendix> member <vmtarget> ; # org/jetbrains/kotlin/fir/analysis/checkers/expression/ExpressionCheckers$$Lambda+0x000000010043d6e0
instanceKlass  @bci org/jetbrains/kotlin/fir/analysis/checkers/expression/ExpressionCheckers <init> ()V 608 <appendix> member <vmtarget> ; # org/jetbrains/kotlin/fir/analysis/checkers/expression/ExpressionCheckers$$Lambda+0x000000010043d4a8
instanceKlass  @bci org/jetbrains/kotlin/fir/analysis/checkers/expression/ExpressionCheckers <init> ()V 595 <appendix> member <vmtarget> ; # org/jetbrains/kotlin/fir/analysis/checkers/expression/ExpressionCheckers$$Lambda+0x000000010043d270
instanceKlass  @bci org/jetbrains/kotlin/fir/analysis/checkers/expression/ExpressionCheckers <init> ()V 582 <appendix> member <vmtarget> ; # org/jetbrains/kotlin/fir/analysis/checkers/expression/ExpressionCheckers$$Lambda+0x000000010043d038
instanceKlass  @bci org/jetbrains/kotlin/fir/analysis/checkers/expression/ExpressionCheckers <init> ()V 569 <appendix> member <vmtarget> ; # org/jetbrains/kotlin/fir/analysis/checkers/expression/ExpressionCheckers$$Lambda+0x000000010043ce00
instanceKlass  @bci org/jetbrains/kotlin/fir/analysis/checkers/expression/ExpressionCheckers <init> ()V 556 <appendix> member <vmtarget> ; # org/jetbrains/kotlin/fir/analysis/checkers/expression/ExpressionCheckers$$Lambda+0x000000010043cbc8
instanceKlass  @bci org/jetbrains/kotlin/fir/analysis/checkers/expression/ExpressionCheckers <init> ()V 543 <appendix> member <vmtarget> ; # org/jetbrains/kotlin/fir/analysis/checkers/expression/ExpressionCheckers$$Lambda+0x000000010043c990
instanceKlass  @bci org/jetbrains/kotlin/fir/analysis/checkers/expression/ExpressionCheckers <init> ()V 530 <appendix> member <vmtarget> ; # org/jetbrains/kotlin/fir/analysis/checkers/expression/ExpressionCheckers$$Lambda+0x000000010043c758
instanceKlass  @bci org/jetbrains/kotlin/fir/analysis/checkers/expression/ExpressionCheckers <init> ()V 517 <appendix> member <vmtarget> ; # org/jetbrains/kotlin/fir/analysis/checkers/expression/ExpressionCheckers$$Lambda+0x000000010043c520
instanceKlass  @bci org/jetbrains/kotlin/fir/analysis/checkers/expression/ExpressionCheckers <init> ()V 504 <appendix> member <vmtarget> ; # org/jetbrains/kotlin/fir/analysis/checkers/expression/ExpressionCheckers$$Lambda+0x000000010043c2e8
instanceKlass  @bci org/jetbrains/kotlin/fir/analysis/checkers/expression/ExpressionCheckers <init> ()V 491 <appendix> member <vmtarget> ; # org/jetbrains/kotlin/fir/analysis/checkers/expression/ExpressionCheckers$$Lambda+0x000000010043c0b0
instanceKlass  @bci org/jetbrains/kotlin/fir/analysis/checkers/expression/ExpressionCheckers <init> ()V 478 <appendix> member <vmtarget> ; # org/jetbrains/kotlin/fir/analysis/checkers/expression/ExpressionCheckers$$Lambda+0x000000010043be78
instanceKlass  @bci org/jetbrains/kotlin/fir/analysis/checkers/expression/ExpressionCheckers <init> ()V 465 <appendix> member <vmtarget> ; # org/jetbrains/kotlin/fir/analysis/checkers/expression/ExpressionCheckers$$Lambda+0x000000010043bc40
instanceKlass  @bci org/jetbrains/kotlin/fir/analysis/checkers/expression/ExpressionCheckers <init> ()V 452 <appendix> member <vmtarget> ; # org/jetbrains/kotlin/fir/analysis/checkers/expression/ExpressionCheckers$$Lambda+0x000000010043ba08
instanceKlass  @bci org/jetbrains/kotlin/fir/analysis/checkers/expression/ExpressionCheckers <init> ()V 439 <appendix> member <vmtarget> ; # org/jetbrains/kotlin/fir/analysis/checkers/expression/ExpressionCheckers$$Lambda+0x000000010043b7d0
instanceKlass  @bci org/jetbrains/kotlin/fir/analysis/checkers/expression/ExpressionCheckers <init> ()V 426 <appendix> member <vmtarget> ; # org/jetbrains/kotlin/fir/analysis/checkers/expression/ExpressionCheckers$$Lambda+0x000000010043b598
instanceKlass  @bci org/jetbrains/kotlin/fir/analysis/checkers/expression/ExpressionCheckers <init> ()V 413 <appendix> member <vmtarget> ; # org/jetbrains/kotlin/fir/analysis/checkers/expression/ExpressionCheckers$$Lambda+0x000000010043b360
instanceKlass  @bci org/jetbrains/kotlin/fir/analysis/checkers/expression/ExpressionCheckers <init> ()V 400 <appendix> member <vmtarget> ; # org/jetbrains/kotlin/fir/analysis/checkers/expression/ExpressionCheckers$$Lambda+0x000000010043b128
instanceKlass  @bci org/jetbrains/kotlin/fir/analysis/checkers/expression/ExpressionCheckers <init> ()V 387 <appendix> member <vmtarget> ; # org/jetbrains/kotlin/fir/analysis/checkers/expression/ExpressionCheckers$$Lambda+0x000000010043aef0
instanceKlass  @bci org/jetbrains/kotlin/fir/analysis/checkers/expression/ExpressionCheckers <init> ()V 374 <appendix> member <vmtarget> ; # org/jetbrains/kotlin/fir/analysis/checkers/expression/ExpressionCheckers$$Lambda+0x000000010043acb8
instanceKlass  @bci org/jetbrains/kotlin/fir/analysis/checkers/expression/ExpressionCheckers <init> ()V 361 <appendix> member <vmtarget> ; # org/jetbrains/kotlin/fir/analysis/checkers/expression/ExpressionCheckers$$Lambda+0x000000010043aa80
instanceKlass  @bci org/jetbrains/kotlin/fir/analysis/checkers/expression/ExpressionCheckers <init> ()V 348 <appendix> member <vmtarget> ; # org/jetbrains/kotlin/fir/analysis/checkers/expression/ExpressionCheckers$$Lambda+0x000000010043a848
instanceKlass  @bci org/jetbrains/kotlin/fir/analysis/checkers/expression/ExpressionCheckers <init> ()V 335 <appendix> member <vmtarget> ; # org/jetbrains/kotlin/fir/analysis/checkers/expression/ExpressionCheckers$$Lambda+0x000000010043a610
instanceKlass  @bci org/jetbrains/kotlin/fir/analysis/checkers/expression/ExpressionCheckers <init> ()V 322 <appendix> member <vmtarget> ; # org/jetbrains/kotlin/fir/analysis/checkers/expression/ExpressionCheckers$$Lambda+0x000000010043a3d8
instanceKlass  @bci org/jetbrains/kotlin/fir/analysis/checkers/expression/ExpressionCheckers <init> ()V 309 <appendix> member <vmtarget> ; # org/jetbrains/kotlin/fir/analysis/checkers/expression/ExpressionCheckers$$Lambda+0x000000010043a1a0
instanceKlass  @bci org/jetbrains/kotlin/fir/analysis/checkers/expression/ExpressionCheckers <init> ()V 296 <appendix> member <vmtarget> ; # org/jetbrains/kotlin/fir/analysis/checkers/expression/ExpressionCheckers$$Lambda+0x0000000100439f68
instanceKlass  @bci org/jetbrains/kotlin/fir/analysis/checkers/expression/ExpressionCheckers <init> ()V 283 <appendix> member <vmtarget> ; # org/jetbrains/kotlin/fir/analysis/checkers/expression/ExpressionCheckers$$Lambda+0x0000000100439d30
instanceKlass  @bci org/jetbrains/kotlin/fir/analysis/checkers/expression/ExpressionCheckers <init> ()V 270 <appendix> member <vmtarget> ; # org/jetbrains/kotlin/fir/analysis/checkers/expression/ExpressionCheckers$$Lambda+0x0000000100439af8
instanceKlass  @bci org/jetbrains/kotlin/fir/analysis/checkers/expression/ExpressionCheckers <init> ()V 257 <appendix> member <vmtarget> ; # org/jetbrains/kotlin/fir/analysis/checkers/expression/ExpressionCheckers$$Lambda+0x00000001004398c0
instanceKlass  @bci org/jetbrains/kotlin/fir/analysis/checkers/expression/ExpressionCheckers <init> ()V 244 <appendix> member <vmtarget> ; # org/jetbrains/kotlin/fir/analysis/checkers/expression/ExpressionCheckers$$Lambda+0x0000000100439688
instanceKlass org/jetbrains/kotlin/fir/analysis/checkers/expression/ExpressionCheckers$Companion
instanceKlass org/jetbrains/kotlin/fir/analysis/checkers/expression/ExpressionCheckers
instanceKlass  @bci org/jetbrains/kotlin/fir/analysis/checkers/declaration/ComposedDeclarationCheckers <init> (Lorg/jetbrains/kotlin/fir/analysis/checkers/MppCheckerKind;)V 8 <appendix> member <vmtarget> ; # org/jetbrains/kotlin/fir/analysis/checkers/declaration/ComposedDeclarationCheckers$$Lambda+0x00000001004388a8
instanceKlass org/jetbrains/kotlin/fir/analysis/checkers/FirCheckerWithMppKind
instanceKlass  @bci org/jetbrains/kotlin/fir/analysis/checkers/declaration/DeclarationCheckers <init> ()V 407 <appendix> member <vmtarget> ; # org/jetbrains/kotlin/fir/analysis/checkers/declaration/DeclarationCheckers$$Lambda+0x0000000100438000
instanceKlass  @bci org/jetbrains/kotlin/fir/analysis/checkers/declaration/DeclarationCheckers <init> ()V 394 <appendix> member <vmtarget> ; # org/jetbrains/kotlin/fir/analysis/checkers/declaration/DeclarationCheckers$$Lambda+0x0000000100434400
instanceKlass  @bci org/jetbrains/kotlin/fir/analysis/checkers/declaration/DeclarationCheckers <init> ()V 381 <appendix> member <vmtarget> ; # org/jetbrains/kotlin/fir/analysis/checkers/declaration/DeclarationCheckers$$Lambda+0x0000000100434c70
instanceKlass  @bci org/jetbrains/kotlin/fir/analysis/checkers/declaration/DeclarationCheckers <init> ()V 368 <appendix> member <vmtarget> ; # org/jetbrains/kotlin/fir/analysis/checkers/declaration/DeclarationCheckers$$Lambda+0x0000000100434a38
instanceKlass  @bci org/jetbrains/kotlin/fir/analysis/checkers/declaration/DeclarationCheckers <init> ()V 355 <appendix> member <vmtarget> ; # org/jetbrains/kotlin/fir/analysis/checkers/declaration/DeclarationCheckers$$Lambda+0x0000000100434800
instanceKlass  @bci org/jetbrains/kotlin/fir/analysis/checkers/declaration/DeclarationCheckers <init> ()V 342 <appendix> member <vmtarget> ; # org/jetbrains/kotlin/fir/analysis/checkers/declaration/DeclarationCheckers$$Lambda+0x0000000100435d50
instanceKlass  @bci org/jetbrains/kotlin/fir/analysis/checkers/declaration/DeclarationCheckers <init> ()V 329 <appendix> member <vmtarget> ; # org/jetbrains/kotlin/fir/analysis/checkers/declaration/DeclarationCheckers$$Lambda+0x0000000100435b18
instanceKlass  @bci org/jetbrains/kotlin/fir/analysis/checkers/declaration/DeclarationCheckers <init> ()V 316 <appendix> member <vmtarget> ; # org/jetbrains/kotlin/fir/analysis/checkers/declaration/DeclarationCheckers$$Lambda+0x00000001004358e0
instanceKlass  @bci org/jetbrains/kotlin/fir/analysis/checkers/declaration/DeclarationCheckers <init> ()V 303 <appendix> member <vmtarget> ; # org/jetbrains/kotlin/fir/analysis/checkers/declaration/DeclarationCheckers$$Lambda+0x00000001004356a8
instanceKlass  @bci org/jetbrains/kotlin/fir/analysis/checkers/declaration/DeclarationCheckers <init> ()V 290 <appendix> member <vmtarget> ; # org/jetbrains/kotlin/fir/analysis/checkers/declaration/DeclarationCheckers$$Lambda+0x0000000100435470
instanceKlass  @bci org/jetbrains/kotlin/fir/analysis/checkers/declaration/DeclarationCheckers <init> ()V 277 <appendix> member <vmtarget> ; # org/jetbrains/kotlin/fir/analysis/checkers/declaration/DeclarationCheckers$$Lambda+0x0000000100435238
instanceKlass  @bci org/jetbrains/kotlin/fir/analysis/checkers/declaration/DeclarationCheckers <init> ()V 264 <appendix> member <vmtarget> ; # org/jetbrains/kotlin/fir/analysis/checkers/declaration/DeclarationCheckers$$Lambda+0x0000000100435000
instanceKlass  @bci org/jetbrains/kotlin/fir/analysis/checkers/declaration/DeclarationCheckers <init> ()V 251 <appendix> member <vmtarget> ; # org/jetbrains/kotlin/fir/analysis/checkers/declaration/DeclarationCheckers$$Lambda+0x0000000100437c30
instanceKlass  @bci org/jetbrains/kotlin/fir/analysis/checkers/declaration/DeclarationCheckers <init> ()V 238 <appendix> member <vmtarget> ; # org/jetbrains/kotlin/fir/analysis/checkers/declaration/DeclarationCheckers$$Lambda+0x00000001004379f8
instanceKlass  @bci org/jetbrains/kotlin/fir/analysis/checkers/declaration/DeclarationCheckers <init> ()V 225 <appendix> member <vmtarget> ; # org/jetbrains/kotlin/fir/analysis/checkers/declaration/DeclarationCheckers$$Lambda+0x00000001004377c0
instanceKlass  @bci org/jetbrains/kotlin/fir/analysis/checkers/declaration/DeclarationCheckers <init> ()V 212 <appendix> member <vmtarget> ; # org/jetbrains/kotlin/fir/analysis/checkers/declaration/DeclarationCheckers$$Lambda+0x0000000100437588
instanceKlass  @bci org/jetbrains/kotlin/fir/analysis/checkers/declaration/DeclarationCheckers <init> ()V 199 <appendix> member <vmtarget> ; # org/jetbrains/kotlin/fir/analysis/checkers/declaration/DeclarationCheckers$$Lambda+0x0000000100437350
instanceKlass  @bci org/jetbrains/kotlin/fir/analysis/checkers/declaration/DeclarationCheckers <init> ()V 186 <appendix> member <vmtarget> ; # org/jetbrains/kotlin/fir/analysis/checkers/declaration/DeclarationCheckers$$Lambda+0x0000000100437118
instanceKlass  @bci org/jetbrains/kotlin/fir/analysis/checkers/declaration/DeclarationCheckers <init> ()V 173 <appendix> member <vmtarget> ; # org/jetbrains/kotlin/fir/analysis/checkers/declaration/DeclarationCheckers$$Lambda+0x0000000100436ee0
instanceKlass  @bci org/jetbrains/kotlin/fir/analysis/checkers/declaration/DeclarationCheckers <init> ()V 160 <appendix> member <vmtarget> ; # org/jetbrains/kotlin/fir/analysis/checkers/declaration/DeclarationCheckers$$Lambda+0x0000000100436ca8
instanceKlass org/jetbrains/kotlin/fir/analysis/checkers/declaration/DeclarationCheckers$Companion
instanceKlass org/jetbrains/kotlin/fir/analysis/checkers/declaration/DeclarationCheckers
instanceKlass org/jetbrains/kotlin/fir/analysis/CheckersComponent
instanceKlass org/jetbrains/kotlin/fir/resolve/FirTypeResolver
instanceKlass org/jetbrains/kotlin/fir/resolve/FirQualifierResolver
instanceKlass  @bci org/jetbrains/kotlin/fir/session/FirJvmSessionFactory createModuleBasedSession (Lorg/jetbrains/kotlin/fir/FirModuleData;Lorg/jetbrains/kotlin/fir/java/FirProjectSessionProvider;Lorg/jetbrains/kotlin/fir/session/environment/AbstractProjectFileSearchScope;Lorg/jetbrains/kotlin/fir/session/environment/AbstractProjectEnvironment;Lkotlin/jvm/functions/Function1;Ljava/util/List;Lorg/jetbrains/kotlin/config/LanguageVersionSettings;Lorg/jetbrains/kotlin/config/JvmTarget;Lorg/jetbrains/kotlin/incremental/components/LookupTracker;Lorg/jetbrains/kotlin/incremental/components/EnumWhenTracker;Lorg/jetbrains/kotlin/incremental/components/ImportTracker;Lorg/jetbrains/kotlin/fir/session/FirSharableJavaComponents;ZLkotlin/jvm/functions/Function1;Lkotlin/jvm/functions/Function1;)Lorg/jetbrains/kotlin/fir/FirSession; 114 <appendix> member <vmtarget> ; # org/jetbrains/kotlin/fir/session/FirJvmSessionFactory$$Lambda+0x00000001004334e0
instanceKlass  @bci org/jetbrains/kotlin/fir/session/FirJvmSessionFactory createModuleBasedSession (Lorg/jetbrains/kotlin/fir/FirModuleData;Lorg/jetbrains/kotlin/fir/java/FirProjectSessionProvider;Lorg/jetbrains/kotlin/fir/session/environment/AbstractProjectFileSearchScope;Lorg/jetbrains/kotlin/fir/session/environment/AbstractProjectEnvironment;Lkotlin/jvm/functions/Function1;Ljava/util/List;Lorg/jetbrains/kotlin/config/LanguageVersionSettings;Lorg/jetbrains/kotlin/config/JvmTarget;Lorg/jetbrains/kotlin/incremental/components/LookupTracker;Lorg/jetbrains/kotlin/incremental/components/EnumWhenTracker;Lorg/jetbrains/kotlin/incremental/components/ImportTracker;Lorg/jetbrains/kotlin/fir/session/FirSharableJavaComponents;ZLkotlin/jvm/functions/Function1;Lkotlin/jvm/functions/Function1;)Lorg/jetbrains/kotlin/fir/FirSession; 103 <appendix> member <vmtarget> ; # org/jetbrains/kotlin/fir/session/FirJvmSessionFactory$$Lambda+0x0000000100433038
instanceKlass  @bci org/jetbrains/kotlin/fir/session/FirJvmSessionFactory createModuleBasedSession (Lorg/jetbrains/kotlin/fir/FirModuleData;Lorg/jetbrains/kotlin/fir/java/FirProjectSessionProvider;Lorg/jetbrains/kotlin/fir/session/environment/AbstractProjectFileSearchScope;Lorg/jetbrains/kotlin/fir/session/environment/AbstractProjectEnvironment;Lkotlin/jvm/functions/Function1;Ljava/util/List;Lorg/jetbrains/kotlin/config/LanguageVersionSettings;Lorg/jetbrains/kotlin/config/JvmTarget;Lorg/jetbrains/kotlin/incremental/components/LookupTracker;Lorg/jetbrains/kotlin/incremental/components/EnumWhenTracker;Lorg/jetbrains/kotlin/incremental/components/ImportTracker;Lorg/jetbrains/kotlin/fir/session/FirSharableJavaComponents;ZLkotlin/jvm/functions/Function1;Lkotlin/jvm/functions/Function1;)Lorg/jetbrains/kotlin/fir/FirSession; 95 <appendix> argL0 ; # org/jetbrains/kotlin/fir/session/FirJvmSessionFactory$$Lambda+0x0000000100432e08
instanceKlass  @bci org/jetbrains/kotlin/fir/session/FirJvmSessionFactory createModuleBasedSession (Lorg/jetbrains/kotlin/fir/FirModuleData;Lorg/jetbrains/kotlin/fir/java/FirProjectSessionProvider;Lorg/jetbrains/kotlin/fir/session/environment/AbstractProjectFileSearchScope;Lorg/jetbrains/kotlin/fir/session/environment/AbstractProjectEnvironment;Lkotlin/jvm/functions/Function1;Ljava/util/List;Lorg/jetbrains/kotlin/config/LanguageVersionSettings;Lorg/jetbrains/kotlin/config/JvmTarget;Lorg/jetbrains/kotlin/incremental/components/LookupTracker;Lorg/jetbrains/kotlin/incremental/components/EnumWhenTracker;Lorg/jetbrains/kotlin/incremental/components/ImportTracker;Lorg/jetbrains/kotlin/fir/session/FirSharableJavaComponents;ZLkotlin/jvm/functions/Function1;Lkotlin/jvm/functions/Function1;)Lorg/jetbrains/kotlin/fir/FirSession; 90 <appendix> member <vmtarget> ; # org/jetbrains/kotlin/fir/session/FirJvmSessionFactory$$Lambda+0x0000000100432bd0
instanceKlass  @bci org/jetbrains/kotlin/cli/common/FirSessionConstructionUtilsKt prepareJvmSessions (Ljava/util/List;Lorg/jetbrains/kotlin/config/CompilerConfiguration;Lorg/jetbrains/kotlin/fir/session/environment/AbstractProjectEnvironment;Lorg/jetbrains/kotlin/name/Name;Ljava/util/List;Lorg/jetbrains/kotlin/fir/session/environment/AbstractProjectFileSearchScope;Lorg/jetbrains/kotlin/fir/DependencyListForCliModule;Lkotlin/jvm/functions/Function1;Lkotlin/jvm/functions/Function1;Lkotlin/jvm/functions/Function2;Lkotlin/jvm/functions/Function1;)Ljava/util/List; 521 <appendix> argL0 ; # org/jetbrains/kotlin/cli/common/FirSessionConstructionUtilsKt$$Lambda+0x00000001004329a0
instanceKlass  @bci org/jetbrains/kotlin/fir/resolve/calls/ConstructorProcessingKt getFirstClassifierOrNull (Lorg/jetbrains/kotlin/fir/scopes/FirScope;Lorg/jetbrains/kotlin/fir/resolve/calls/candidate/CallInfo;Lorg/jetbrains/kotlin/fir/resolve/calls/ConstructorFilter;Lorg/jetbrains/kotlin/fir/FirSession;Lorg/jetbrains/kotlin/fir/resolve/BodyResolveComponents;)Lorg/jetbrains/kotlin/fir/resolve/calls/SymbolWithSubstitutor; 52 <appendix> form vmentry <vmtarget> ; # java/lang/invoke/LambdaForm$DMH+0x0000000100434000
instanceKlass  @bci org/jetbrains/kotlin/cli/common/FirSessionConstructionUtilsKt prepareJvmSessions (Ljava/util/List;Lorg/jetbrains/kotlin/config/CompilerConfiguration;Lorg/jetbrains/kotlin/fir/session/environment/AbstractProjectEnvironment;Lorg/jetbrains/kotlin/name/Name;Ljava/util/List;Lorg/jetbrains/kotlin/fir/session/environment/AbstractProjectFileSearchScope;Lorg/jetbrains/kotlin/fir/DependencyListForCliModule;Lkotlin/jvm/functions/Function1;Lkotlin/jvm/functions/Function1;Lkotlin/jvm/functions/Function2;Lkotlin/jvm/functions/Function1;)Ljava/util/List; 457 <appendix> member <vmtarget> ; # org/jetbrains/kotlin/cli/common/FirSessionConstructionUtilsKt$$Lambda+0x0000000100432768
instanceKlass org/jetbrains/kotlin/fir/session/FirJvmIncrementalCompilationSymbolProviders
instanceKlass org/jetbrains/kotlin/cli/common/FirSessionConstructionUtilsKt$createSingleSession$session$1
instanceKlass org/jetbrains/kotlin/cli/common/FirSessionConstructionUtilsKt$prepareSessions$sessionConfigurator$1
instanceKlass org/jetbrains/kotlin/fir/resolve/providers/FirProvider
instanceKlass org/jetbrains/kotlin/fir/resolve/providers/FirCompositeCachedSymbolNamesProvider$Companion
instanceKlass org/jetbrains/kotlin/fir/resolve/providers/impl/FirCachingCompositeSymbolProvider$special$$inlined$createCache$5
instanceKlass org/jetbrains/kotlin/fir/resolve/providers/impl/FirCachingCompositeSymbolProvider$special$$inlined$createCache$4
instanceKlass org/jetbrains/kotlin/fir/resolve/providers/impl/FirCachingCompositeSymbolProvider$special$$inlined$createCache$3
instanceKlass org/jetbrains/kotlin/fir/resolve/providers/impl/FirCachingCompositeSymbolProvider$special$$inlined$createCache$2
instanceKlass org/jetbrains/kotlin/fir/resolve/providers/impl/FirCachingCompositeSymbolProvider$special$$inlined$createCache$1
instanceKlass  @bci org/jetbrains/kotlin/fir/java/deserialization/OptionalAnnotationClassesProvider <init> (Lorg/jetbrains/kotlin/fir/FirSession;Lorg/jetbrains/kotlin/fir/deserialization/ModuleDataProvider;Lorg/jetbrains/kotlin/fir/scopes/FirKotlinScopeProvider;Lorg/jetbrains/kotlin/load/kotlin/PackagePartProvider;Lorg/jetbrains/kotlin/fir/declarations/FirDeclarationOrigin;)V 86 <appendix> member <vmtarget> ; # org/jetbrains/kotlin/fir/java/deserialization/OptionalAnnotationClassesProvider$$Lambda+0x00000001004304c0
instanceKlass  @bci org/jetbrains/kotlin/fir/java/deserialization/OptionalAnnotationClassesProvider <init> (Lorg/jetbrains/kotlin/fir/FirSession;Lorg/jetbrains/kotlin/fir/deserialization/ModuleDataProvider;Lorg/jetbrains/kotlin/fir/scopes/FirKotlinScopeProvider;Lorg/jetbrains/kotlin/load/kotlin/PackagePartProvider;Lorg/jetbrains/kotlin/fir/declarations/FirDeclarationOrigin;)V 70 <appendix> member <vmtarget> ; # org/jetbrains/kotlin/fir/java/deserialization/OptionalAnnotationClassesProvider$$Lambda+0x0000000100430288
instanceKlass org/jetbrains/kotlin/fir/deserialization/AbstractAnnotationDeserializer
instanceKlass org/jetbrains/kotlin/fir/java/deserialization/OptionalAnnotationClassesProvider$Companion
instanceKlass org/jetbrains/kotlin/fir/declarations/FirResolvedToPhaseState$Companion
instanceKlass org/jetbrains/kotlin/fir/declarations/FirResolveState
instanceKlass org/jetbrains/kotlin/fir/declarations/FirResolveStateKt
instanceKlass org/jetbrains/kotlin/fir/FirTargetElement
instanceKlass org/jetbrains/kotlin/fir/declarations/FirTypeParametersOwner
instanceKlass org/jetbrains/kotlin/fir/declarations/FirContractDescriptionOwner
instanceKlass org/jetbrains/kotlin/name/SpecialNames
instanceKlass org/jetbrains/kotlin/name/CallableId$Companion
instanceKlass org/jetbrains/kotlin/name/CallableId
instanceKlass org/jetbrains/kotlin/name/StandardClassIds$Callables
instanceKlass org/jetbrains/kotlin/descriptors/EffectiveVisibilityKt
instanceKlass org/jetbrains/kotlin/fir/EffectiveVisibilityUtilsKt
instanceKlass org/jetbrains/kotlin/fir/declarations/builder/FirSimpleFunctionBuilder
instanceKlass org/jetbrains/kotlin/fir/declarations/builder/FirTypeParametersOwnerBuilder
instanceKlass org/jetbrains/kotlin/fir/declarations/builder/FirFunctionBuilder
instanceKlass org/jetbrains/kotlin/descriptors/EffectiveVisibility
instanceKlass org/jetbrains/kotlin/descriptors/Modality$Companion
instanceKlass org/jetbrains/kotlin/descriptors/Visibility
instanceKlass org/jetbrains/kotlin/fir/declarations/impl/FirResolvedDeclarationStatusImpl$Companion
instanceKlass org/jetbrains/kotlin/fir/declarations/FirResolvedDeclarationStatus
instanceKlass org/jetbrains/kotlin/fir/declarations/FirDeclarationStatus
instanceKlass org/jetbrains/kotlin/fir/declarations/DeprecationsProvider
instanceKlass org/jetbrains/kotlin/fir/declarations/FirResolvePhase$Companion
instanceKlass org/jetbrains/kotlin/fir/declarations/builder/FirRegularClassBuilder
instanceKlass org/jetbrains/kotlin/fir/declarations/builder/FirTypeParameterRefsOwnerBuilder
instanceKlass org/jetbrains/kotlin/fir/declarations/builder/FirClassBuilder
instanceKlass org/jetbrains/kotlin/fir/declarations/builder/FirDeclarationBuilder
instanceKlass org/jetbrains/kotlin/fir/resolve/providers/impl/FirBuiltinSyntheticFunctionInterfaceProvider$Companion
instanceKlass kotlin/UnsafeLazyImpl
instanceKlass org/jetbrains/kotlin/fir/caches/FirLazyValue
instanceKlass  @bci org/jetbrains/kotlin/fir/resolve/providers/impl/FirBuiltinSymbolProvider$BuiltInsPackageFragmentWrapper <init> (Lorg/jetbrains/kotlin/fir/resolve/providers/impl/FirBuiltinSymbolProvider$BuiltInsPackageFragment;Lorg/jetbrains/kotlin/name/FqName;Lorg/jetbrains/kotlin/fir/FirModuleData;Lorg/jetbrains/kotlin/fir/scopes/FirKotlinScopeProvider;)V 139 <appendix> member <vmtarget> ; # org/jetbrains/kotlin/fir/resolve/providers/impl/FirBuiltinSymbolProvider$BuiltInsPackageFragmentWrapper$$Lambda+0x0000000100423e10
instanceKlass org/jetbrains/kotlin/fir/resolve/providers/impl/FirBuiltinSymbolProvider$BuiltInsPackageFragmentWrapper$special$$inlined$createCache$1
instanceKlass  @bci org/jetbrains/kotlin/fir/resolve/providers/impl/FirBuiltinSymbolProvider$BuiltInsPackageFragmentWrapper <init> (Lorg/jetbrains/kotlin/fir/resolve/providers/impl/FirBuiltinSymbolProvider$BuiltInsPackageFragment;Lorg/jetbrains/kotlin/name/FqName;Lorg/jetbrains/kotlin/fir/FirModuleData;Lorg/jetbrains/kotlin/fir/scopes/FirKotlinScopeProvider;)V 80 <appendix> member <vmtarget> ; # org/jetbrains/kotlin/fir/resolve/providers/impl/FirBuiltinSymbolProvider$BuiltInsPackageFragmentWrapper$$Lambda+0x00000001004239a0
instanceKlass  @bci org/jetbrains/kotlin/fir/resolve/providers/impl/FirBuiltinSymbolProvider$BuiltInsPackageFragmentWrapper <init> (Lorg/jetbrains/kotlin/fir/resolve/providers/impl/FirBuiltinSymbolProvider$BuiltInsPackageFragment;Lorg/jetbrains/kotlin/name/FqName;Lorg/jetbrains/kotlin/fir/FirModuleData;Lorg/jetbrains/kotlin/fir/scopes/FirKotlinScopeProvider;)V 74 <appendix> argL0 ; # org/jetbrains/kotlin/fir/resolve/providers/impl/FirBuiltinSymbolProvider$BuiltInsPackageFragmentWrapper$$Lambda+0x0000000100423770
instanceKlass  @bci org/jetbrains/kotlin/fir/resolve/providers/impl/FirBuiltinSymbolProvider$BuiltInsPackageFragmentWrapper <init> (Lorg/jetbrains/kotlin/fir/resolve/providers/impl/FirBuiltinSymbolProvider$BuiltInsPackageFragment;Lorg/jetbrains/kotlin/name/FqName;Lorg/jetbrains/kotlin/fir/FirModuleData;Lorg/jetbrains/kotlin/fir/scopes/FirKotlinScopeProvider;)V 52 <appendix> member <vmtarget> ; # org/jetbrains/kotlin/fir/resolve/providers/impl/FirBuiltinSymbolProvider$BuiltInsPackageFragmentWrapper$$Lambda+0x0000000100423538
instanceKlass org/jetbrains/kotlin/fir/deserialization/FirMemberDeserializer
instanceKlass org/jetbrains/kotlin/fir/resolve/providers/impl/FirBuiltinSymbolProvider$BuiltInsPackageFragmentWrapper
instanceKlass java/util/LinkedList$ListItr
instanceKlass kotlin/Triple
instanceKlass java/util/LinkedList$Node
instanceKlass org/jetbrains/kotlin/metadata/deserialization/NameResolverImpl$WhenMappings
instanceKlass org/jetbrains/kotlin/serialization/deserialization/NameResolverUtilKt
instanceKlass  @bci org/jetbrains/kotlin/fir/resolve/providers/impl/FirBuiltinSymbolProvider$BuiltInsPackageFragment <init> (Ljava/io/InputStream;)V 81 <appendix> argL0 ; # org/jetbrains/kotlin/fir/resolve/providers/impl/FirBuiltinSymbolProvider$BuiltInsPackageFragment$$Lambda+0x0000000100422878
instanceKlass org/jetbrains/kotlin/serialization/deserialization/ProtoBasedClassDataFinder
instanceKlass org/jetbrains/kotlin/serialization/deserialization/ClassDataFinder
instanceKlass org/jetbrains/kotlin/metadata/ProtoBuf$Type$Argument$Projection$1
instanceKlass org/jetbrains/kotlin/metadata/ProtoBuf$Type$ArgumentOrBuilder
instanceKlass org/jetbrains/kotlin/metadata/ProtoBuf$PackageFragmentOrBuilder
instanceKlass kotlin/collections/IntIterator
instanceKlass org/jetbrains/kotlin/metadata/builtins/BuiltInsBinaryVersion$Companion
instanceKlass org/jetbrains/kotlin/fir/resolve/providers/impl/BinaryVersionAndPackageFragment$Companion
instanceKlass org/jetbrains/kotlin/fir/resolve/providers/impl/BinaryVersionAndPackageFragment
instanceKlass org/jetbrains/kotlin/fir/resolve/providers/impl/FirBuiltinSymbolProvider$BuiltInsPackageFragment
instanceKlass  @bci org/jetbrains/kotlin/fir/resolve/providers/impl/FirBuiltinSymbolProvider <clinit> ()V 24 <appendix> member <vmtarget> ; # org/jetbrains/kotlin/fir/resolve/providers/impl/FirBuiltinSymbolProvider$$Lambda+0x000000010041f310
instanceKlass org/jetbrains/kotlin/fir/resolve/providers/impl/FirBuiltinSymbolProvider$Companion
instanceKlass org/jetbrains/kotlin/fir/java/deserialization/AnnotationsLoader
instanceKlass org/jetbrains/kotlin/fir/deserialization/AbstractFirDeserializedSymbolProvider$special$$inlined$createCache$4
instanceKlass org/jetbrains/kotlin/fir/deserialization/AbstractFirDeserializedSymbolProvider$special$$inlined$createCache$3
instanceKlass  @bci org/jetbrains/kotlin/fir/deserialization/AbstractFirDeserializedSymbolProvider <init> (Lorg/jetbrains/kotlin/fir/FirSession;Lorg/jetbrains/kotlin/fir/deserialization/ModuleDataProvider;Lorg/jetbrains/kotlin/fir/scopes/FirKotlinScopeProvider;Lorg/jetbrains/kotlin/fir/declarations/FirDeclarationOrigin;Lorg/jetbrains/kotlin/serialization/SerializerExtensionProtocol;)V 184 <appendix> argL0 ; # org/jetbrains/kotlin/fir/deserialization/AbstractFirDeserializedSymbolProvider$$Lambda+0x000000010041e5c8
instanceKlass org/jetbrains/kotlin/mpp/RegularClassSymbolMarker
instanceKlass  @bci org/jetbrains/kotlin/fir/deserialization/AbstractFirDeserializedSymbolProvider <init> (Lorg/jetbrains/kotlin/fir/FirSession;Lorg/jetbrains/kotlin/fir/deserialization/ModuleDataProvider;Lorg/jetbrains/kotlin/fir/scopes/FirKotlinScopeProvider;Lorg/jetbrains/kotlin/fir/declarations/FirDeclarationOrigin;Lorg/jetbrains/kotlin/serialization/SerializerExtensionProtocol;)V 179 <appendix> member <vmtarget> ; # org/jetbrains/kotlin/fir/deserialization/AbstractFirDeserializedSymbolProvider$$Lambda+0x000000010041df20
instanceKlass  @bci org/jetbrains/kotlin/fir/deserialization/AbstractFirDeserializedSymbolProvider <init> (Lorg/jetbrains/kotlin/fir/FirSession;Lorg/jetbrains/kotlin/fir/deserialization/ModuleDataProvider;Lorg/jetbrains/kotlin/fir/scopes/FirKotlinScopeProvider;Lorg/jetbrains/kotlin/fir/declarations/FirDeclarationOrigin;Lorg/jetbrains/kotlin/serialization/SerializerExtensionProtocol;)V 162 <appendix> argL0 ; # org/jetbrains/kotlin/fir/deserialization/AbstractFirDeserializedSymbolProvider$$Lambda+0x000000010041dac0
instanceKlass org/jetbrains/kotlin/mpp/TypeAliasSymbolMarker
instanceKlass  @bci org/jetbrains/kotlin/fir/deserialization/AbstractFirDeserializedSymbolProvider <init> (Lorg/jetbrains/kotlin/fir/FirSession;Lorg/jetbrains/kotlin/fir/deserialization/ModuleDataProvider;Lorg/jetbrains/kotlin/fir/scopes/FirKotlinScopeProvider;Lorg/jetbrains/kotlin/fir/declarations/FirDeclarationOrigin;Lorg/jetbrains/kotlin/serialization/SerializerExtensionProtocol;)V 157 <appendix> member <vmtarget> ; # org/jetbrains/kotlin/fir/deserialization/AbstractFirDeserializedSymbolProvider$$Lambda+0x000000010041d418
instanceKlass org/jetbrains/kotlin/fir/deserialization/FirDeserializationContext
instanceKlass org/jetbrains/kotlin/fir/deserialization/AbstractFirDeserializedSymbolProvider$special$$inlined$createCache$2
instanceKlass org/jetbrains/kotlin/fir/deserialization/AbstractFirDeserializedSymbolProvider$special$$inlined$createCache$1
instanceKlass org/jetbrains/kotlin/fir/resolve/providers/FirCachedSymbolNamesProvider$special$$inlined$createCache$2
instanceKlass  @bci org/jetbrains/kotlin/fir/resolve/providers/FirCachedSymbolNamesProvider <init> (Lorg/jetbrains/kotlin/fir/FirSession;)V 82 <appendix> member <vmtarget> ; # org/jetbrains/kotlin/fir/resolve/providers/FirCachedSymbolNamesProvider$$Lambda+0x000000010041c918
instanceKlass org/jetbrains/kotlin/fir/resolve/providers/FirCachedSymbolNamesProvider$special$$inlined$createCache$1
instanceKlass  @bci org/jetbrains/kotlin/fir/resolve/providers/FirCachedSymbolNamesProvider <init> (Lorg/jetbrains/kotlin/fir/FirSession;)V 36 <appendix> member <vmtarget> ; # org/jetbrains/kotlin/fir/resolve/providers/FirCachedSymbolNamesProvider$$Lambda+0x000000010041c4a8
instanceKlass  @bci org/jetbrains/kotlin/fir/resolve/providers/FirCachedSymbolNamesProvider <init> (Lorg/jetbrains/kotlin/fir/FirSession;)V 20 <appendix> member <vmtarget> ; # org/jetbrains/kotlin/fir/resolve/providers/FirCachedSymbolNamesProvider$$Lambda+0x000000010041c270
instanceKlass org/jetbrains/kotlin/fir/resolve/providers/FirSymbolNamesProvider
instanceKlass  @bci org/jetbrains/kotlin/fir/deserialization/AbstractFirDeserializedSymbolProvider <init> (Lorg/jetbrains/kotlin/fir/FirSession;Lorg/jetbrains/kotlin/fir/deserialization/ModuleDataProvider;Lorg/jetbrains/kotlin/fir/scopes/FirKotlinScopeProvider;Lorg/jetbrains/kotlin/fir/declarations/FirDeclarationOrigin;Lorg/jetbrains/kotlin/serialization/SerializerExtensionProtocol;)V 64 <appendix> member <vmtarget> ; # org/jetbrains/kotlin/fir/deserialization/AbstractFirDeserializedSymbolProvider$$Lambda+0x000000010041b888
instanceKlass org/jetbrains/kotlin/serialization/SerializerExtensionProtocol
instanceKlass org/jetbrains/kotlin/fir/declarations/FirDeclarationOrigin
instanceKlass org/jetbrains/kotlin/fir/extensions/FirStatusTransformerExtensionKt
instanceKlass org/jetbrains/kotlin/fir/java/FirJavaFacade$special$$inlined$createCache$2
instanceKlass org/jetbrains/kotlin/fir/java/FirJavaFacade$special$$inlined$createCache$1
instanceKlass org/jetbrains/kotlin/resolve/jvm/TopPackageNamesProvider
instanceKlass org/jetbrains/kotlin/load/java/AbstractJavaClassFinder
instanceKlass org/jetbrains/kotlin/load/java/JavaClassFinder
instanceKlass org/jetbrains/kotlin/load/java/JavaClassFinderImplKt
instanceKlass org/jetbrains/kotlin/fir/java/FirJavaFacade$Companion
instanceKlass org/jetbrains/kotlin/fir/java/FirJavaFacade
instanceKlass org/jetbrains/kotlin/load/kotlin/VirtualFileFinder$SERVICE
instanceKlass org/jetbrains/kotlin/load/kotlin/VirtualFileFinderFactory$SERVICE
instanceKlass org/jetbrains/kotlin/builtins/functions/FunctionTypeKindKt
instanceKlass org/jetbrains/kotlin/fir/types/FirFunctionTypeKindServiceKt
instanceKlass org/jetbrains/kotlin/fir/resolve/providers/impl/FirExtensionSyntheticFunctionInterfaceProvider$Companion
instanceKlass org/jetbrains/kotlin/fir/resolve/providers/impl/FirSyntheticFunctionInterfaceProviderBase$Companion
instanceKlass org/jetbrains/kotlin/fir/serialization/FirProvidedDeclarationsForMetadataService$Companion
instanceKlass org/jetbrains/kotlin/fir/serialization/FirProvidedDeclarationsForMetadataService
instanceKlass org/jetbrains/kotlin/builtins/functions/FunctionTypeKindExtractor$Companion
instanceKlass org/jetbrains/kotlin/builtins/functions/FunctionTypeKindExtractor
instanceKlass kotlin/collections/builders/ListBuilder$Itr
instanceKlass kotlin/jvm/internal/markers/KMutableListIterator
instanceKlass org/jetbrains/kotlin/fir/extensions/FirFunctionTypeKindExtensionKt
instanceKlass org/jetbrains/kotlin/fir/types/FirFunctionTypeKindServiceImpl$extractor$1$kinds$1$registrar$1
instanceKlass org/jetbrains/kotlin/fir/extensions/FirFunctionTypeKindExtension$FunctionTypeKindRegistrar
instanceKlass org/jetbrains/kotlin/builtins/StandardNames
instanceKlass org/jetbrains/kotlin/builtins/functions/FunctionTypeKind
instanceKlass kotlin/collections/builders/ListBuilder$Companion
instanceKlass kotlin/jvm/internal/markers/KMutableList
instanceKlass org/jetbrains/kotlin/fir/types/FirFunctionTypeKindService
instanceKlass org/jetbrains/kotlin/fir/extensions/FirDeclarationPredicateRegistrar
instanceKlass org/jetbrains/kotlin/fir/extensions/FirExtensionSessionComponentKt
instanceKlass org/jetbrains/kotlin/fir/extensions/FirExtensionRegistrarKt
instanceKlass org/jetbrains/kotlin/fir/extensions/FirExtensionServiceKt
instanceKlass org/jetbrains/kotlin/fir/extensions/BunchOfRegisteredExtensions$Companion
instanceKlass org/jetbrains/kotlin/fir/extensions/BunchOfRegisteredExtensions
instanceKlass org/jetbrains/kotlin/fir/session/FirSessionConfigurator
instanceKlass org/jetbrains/kotlin/resolve/ImportPath$Companion
instanceKlass org/jetbrains/kotlin/resolve/ImportPath
instanceKlass org/jetbrains/kotlin/fir/resolve/substitution/AbstractConeSubstitutor$Companion
instanceKlass org/jetbrains/kotlin/fir/resolve/substitution/ConeSubstitutor
instanceKlass org/jetbrains/kotlin/types/model/TypeSubstitutorMarker
instanceKlass org/jetbrains/kotlin/fir/analysis/jvm/checkers/FirJavaNullabilityWarningUpperBoundsProvider
instanceKlass org/jetbrains/kotlin/fir/analysis/checkers/FirPlatformUpperBoundsProvider
instanceKlass org/jetbrains/kotlin/fir/scopes/jvm/FirJvmDelegatedMembersFilter$Companion
instanceKlass org/jetbrains/kotlin/fir/analysis/checkers/expression/FirGenericArrayClassLiteralSupport$Enabled
instanceKlass org/jetbrains/kotlin/fir/analysis/checkers/FirInlineCheckerPlatformSpecificComponent
instanceKlass org/jetbrains/kotlin/fir/resolve/calls/FirSyntheticNamesProvider
instanceKlass org/jetbrains/kotlin/resolve/jvm/JvmTypeSpecificityComparator
instanceKlass org/jetbrains/kotlin/fir/declarations/FirTypeSpecificityComparatorProvider
instanceKlass org/jetbrains/kotlin/name/JvmStandardClassIds
instanceKlass org/jetbrains/kotlin/name/JvmStandardClassIds$Annotations
instanceKlass org/jetbrains/kotlin/name/JvmStandardClassIds$Annotations$Java
instanceKlass org/jetbrains/kotlin/fir/resolve/transformers/plugin/CompilerRequiredAnnotationEnhancementProvider
instanceKlass org/jetbrains/kotlin/fir/java/deserialization/FirJvmDeserializationExtension$Companion
instanceKlass org/jetbrains/kotlin/fir/deserialization/FirDeserializationExtension
instanceKlass org/jetbrains/kotlin/fir/scopes/FirOverrideCheckerKt
instanceKlass org/jetbrains/kotlin/fir/java/JavaTypeParameterStack$Companion
instanceKlass org/jetbrains/kotlin/fir/java/JavaTypeParameterStack
instanceKlass org/jetbrains/kotlin/fir/java/scopes/JavaOverridabilityRules
instanceKlass org/jetbrains/kotlin/fir/scopes/PlatformSpecificOverridabilityRules
instanceKlass org/jetbrains/kotlin/name/JvmStandardClassIdsKt
instanceKlass org/jetbrains/kotlin/name/JvmStandardClassIds$Java
instanceKlass org/jetbrains/kotlin/fir/java/JvmSupertypeUpdater$DelegatedConstructorCallTransformer$Companion
instanceKlass org/jetbrains/kotlin/fir/visitors/FirVisitor
instanceKlass org/jetbrains/kotlin/fir/resolve/transformers/PlatformSupertypeUpdater
instanceKlass org/jetbrains/kotlin/fir/java/FirJvmDefaultModeComponent
instanceKlass org/jetbrains/kotlin/fir/java/FirSyntheticPropertiesStorage$special$$inlined$createCache$1
instanceKlass org/jetbrains/kotlin/fir/java/FirSyntheticPropertiesStorage
instanceKlass org/jetbrains/kotlin/load/java/AbstractAnnotationTypeQualifierResolver$Companion
instanceKlass org/jetbrains/kotlin/load/java/AbstractAnnotationTypeQualifierResolver
instanceKlass org/jetbrains/kotlin/fir/modules/FirJavaModuleResolverProvider
instanceKlass org/jetbrains/kotlin/resolve/jvm/modules/JavaModuleResolver$SERVICE
instanceKlass org/jetbrains/kotlin/resolve/checkers/ClassifierUsageCheckerContext
instanceKlass org/jetbrains/kotlin/resolve/calls/context/ResolutionContext
instanceKlass java/lang/annotation/Documented
instanceKlass kotlin/annotation/MustBeDocumented
instanceKlass kotlin/jvm/JvmStatic
instanceKlass org/jetbrains/kotlin/descriptors/ModuleDescriptor
instanceKlass org/jetbrains/kotlin/resolve/BindingTrace
instanceKlass org/jetbrains/kotlin/descriptors/ClassifierDescriptor
instanceKlass org/jetbrains/kotlin/descriptors/SourceElement
instanceKlass org/jetbrains/kotlin/resolve/calls/checkers/CallCheckerContext
instanceKlass org/jetbrains/kotlin/resolve/calls/model/ResolvedCall
instanceKlass org/jetbrains/kotlin/resolve/scopes/receivers/ReceiverValue
instanceKlass org/jetbrains/kotlin/resolve/scopes/receivers/Receiver
instanceKlass org/jetbrains/kotlin/descriptors/annotations/AnnotationDescriptor
instanceKlass org/jetbrains/kotlin/diagnostics/DiagnosticSink
instanceKlass org/jetbrains/kotlin/descriptors/VariableDescriptor
instanceKlass org/jetbrains/kotlin/descriptors/ValueDescriptor
instanceKlass org/jetbrains/kotlin/container/ConstructorInfo
instanceKlass  @bci org/jetbrains/kotlin/com/intellij/util/containers/MultiMap getModifiable (Ljava/lang/Object;)Ljava/util/Collection; 6 <appendix> member <vmtarget> ; # org/jetbrains/kotlin/com/intellij/util/containers/MultiMap$$Lambda+0x00000001004061a8
instanceKlass org/jetbrains/kotlin/com/intellij/util/ObjectUtilsRt
instanceKlass org/jetbrains/kotlin/container/DefaultImplementation
instanceKlass  @bci org/jetbrains/kotlin/container/CacheKt getRegistrations (Ljava/lang/Class;)Ljava/util/List; 9 <appendix> argL0 ; # org/jetbrains/kotlin/container/CacheKt$$Lambda+0x00000001004053c8
instanceKlass jdk/internal/vm/annotation/IntrinsicCandidate
instanceKlass org/jetbrains/kotlin/resolve/checkers/DeclarationCheckerContext
instanceKlass org/jetbrains/kotlin/resolve/checkers/CheckerContext
instanceKlass org/jetbrains/kotlin/container/ClassInfo
instanceKlass org/jetbrains/kotlin/container/ClassTraversalCache
instanceKlass org/jetbrains/kotlin/container/CacheKt
instanceKlass org/jetbrains/kotlin/container/DynamicComponentDescriptor
instanceKlass org/jetbrains/kotlin/container/InstanceComponentDescriptor
instanceKlass org/jetbrains/kotlin/container/ComponentDescriptor
instanceKlass org/jetbrains/kotlin/container/ValueDescriptor
instanceKlass org/jetbrains/kotlin/container/ContainerKt
instanceKlass org/jetbrains/kotlin/resolve/checkers/PlatformDiagnosticSuppressor
instanceKlass org/jetbrains/kotlin/resolve/lazy/AbsentDescriptorHandler
instanceKlass org/jetbrains/kotlin/types/DynamicTypesSettings
instanceKlass org/jetbrains/kotlin/resolve/calls/results/TypeSpecificityComparator$NONE
instanceKlass org/jetbrains/kotlin/resolve/calls/results/TypeSpecificityComparator
instanceKlass org/jetbrains/kotlin/resolve/IdentifierChecker
instanceKlass org/jetbrains/kotlin/container/PlatformSpecificExtension
instanceKlass org/jetbrains/kotlin/container/PlatformExtensionsClashResolver
instanceKlass org/jetbrains/kotlin/resolve/checkers/OptionalExpectationUsageChecker
instanceKlass org/jetbrains/kotlin/resolve/checkers/MissingDependencyClassChecker$ClassifierUsage
instanceKlass org/jetbrains/kotlin/resolve/checkers/ApiVersionClassifierUsageChecker
instanceKlass org/jetbrains/kotlin/resolve/checkers/DeprecatedClassifierUsageChecker
instanceKlass org/jetbrains/kotlin/resolve/checkers/ClassifierUsageChecker
instanceKlass org/jetbrains/kotlin/resolve/calls/checkers/EnumEntriesUnsupportedChecker
instanceKlass org/jetbrains/kotlin/resolve/calls/checkers/CustomEnumEntriesMigrationCallChecker
instanceKlass org/jetbrains/kotlin/resolve/calls/checkers/CompanionIncorrectlyUnboundedWhenUsedAsLHSCallChecker
instanceKlass org/jetbrains/kotlin/resolve/calls/checkers/IncorrectCapturedApproximationCallChecker
instanceKlass org/jetbrains/kotlin/resolve/calls/checkers/BuilderInferenceAssignmentChecker
instanceKlass org/jetbrains/kotlin/resolve/calls/checkers/UnsupportedUntilOperatorChecker
instanceKlass org/jetbrains/kotlin/resolve/calls/checkers/EqualityCallChecker
instanceKlass org/jetbrains/kotlin/resolve/calls/checkers/ResolutionToPrivateConstructorOfSealedClassChecker
instanceKlass org/jetbrains/kotlin/resolve/calls/checkers/CompanionInParenthesesLHSCallChecker
instanceKlass org/jetbrains/kotlin/resolve/calls/checkers/EnumEntryVsCompanionPriorityCallChecker
instanceKlass org/jetbrains/kotlin/utils/StringsKt
instanceKlass org/jetbrains/kotlin/resolve/calls/checkers/NewSchemeOfIntegerOperatorResolutionChecker
instanceKlass org/jetbrains/kotlin/resolve/calls/checkers/SelfCallInNestedObjectConstructorChecker
instanceKlass org/jetbrains/kotlin/resolve/calls/checkers/VarargWrongExecutionOrderChecker
instanceKlass org/jetbrains/kotlin/resolve/calls/checkers/ReferencingToUnderscoreNamedParameterOfCatchBlockChecker
instanceKlass org/jetbrains/kotlin/resolve/checkers/NullableExtensionOperatorWithSafeCallChecker
instanceKlass org/jetbrains/kotlin/resolve/calls/checkers/FunInterfaceConstructorReferenceChecker
instanceKlass org/jetbrains/kotlin/resolve/calls/checkers/UnitConversionCallChecker
instanceKlass org/jetbrains/kotlin/resolve/calls/checkers/SuspendConversionCallChecker
instanceKlass org/jetbrains/kotlin/resolve/calls/checkers/AbstractClassInstantiationChecker
instanceKlass org/jetbrains/kotlin/resolve/checkers/MissingDependencySupertypeChecker$ForCalls
instanceKlass org/jetbrains/kotlin/diagnostics/Diagnostic
instanceKlass org/jetbrains/kotlin/diagnostics/UnboundDiagnostic
instanceKlass org/jetbrains/kotlin/diagnostics/DiagnosticMarker
instanceKlass org/jetbrains/kotlin/resolve/calls/checkers/ReifiedTypeParameterSubstitutionChecker
instanceKlass org/jetbrains/kotlin/resolve/calls/checkers/ContractNotAllowedCallChecker
instanceKlass org/jetbrains/kotlin/resolve/calls/checkers/NamedFunAsExpressionChecker
instanceKlass org/jetbrains/kotlin/resolve/calls/checkers/NullableVarargArgumentCallChecker
instanceKlass org/jetbrains/kotlin/resolve/calls/checkers/ResultTypeWithNullableOperatorsChecker
instanceKlass org/jetbrains/kotlin/resolve/calls/checkers/UselessElvisCallChecker
instanceKlass org/jetbrains/kotlin/resolve/calls/checkers/LambdaWithSuspendModifierCallChecker
instanceKlass org/jetbrains/kotlin/resolve/checkers/PrimitiveNumericComparisonCallChecker
instanceKlass org/jetbrains/kotlin/resolve/calls/checkers/ImplicitNothingAsTypeParameterCallChecker
instanceKlass org/jetbrains/kotlin/resolve/calls/checkers/AssigningNamedArgumentToVarargChecker
instanceKlass org/jetbrains/kotlin/resolve/calls/checkers/UnderscoreUsageChecker
instanceKlass org/jetbrains/kotlin/resolve/calls/checkers/CallableReferenceCompatibilityChecker
instanceKlass org/jetbrains/kotlin/resolve/checkers/MissingDependencyClassChecker
instanceKlass org/jetbrains/kotlin/resolve/calls/checkers/DslScopeViolationCallChecker
instanceKlass org/jetbrains/kotlin/resolve/calls/checkers/BuilderFunctionsCallChecker
instanceKlass org/jetbrains/kotlin/resolve/calls/checkers/CoroutineSuspendCallChecker
instanceKlass org/jetbrains/kotlin/resolve/calls/checkers/ApiVersionCallChecker
instanceKlass org/jetbrains/kotlin/descriptors/ConstructorDescriptor
instanceKlass org/jetbrains/kotlin/descriptors/FunctionDescriptor
instanceKlass org/jetbrains/kotlin/descriptors/CallableMemberDescriptor
instanceKlass org/jetbrains/kotlin/descriptors/MemberDescriptor
instanceKlass org/jetbrains/kotlin/descriptors/CallableDescriptor
instanceKlass org/jetbrains/kotlin/descriptors/Substitutable
instanceKlass org/jetbrains/kotlin/descriptors/DeclarationDescriptorWithVisibility
instanceKlass org/jetbrains/kotlin/descriptors/DeclarationDescriptorNonRoot
instanceKlass org/jetbrains/kotlin/descriptors/DeclarationDescriptorWithSource
instanceKlass org/jetbrains/kotlin/descriptors/DeclarationDescriptor
instanceKlass org/jetbrains/kotlin/descriptors/ValidateableDescriptor
instanceKlass org/jetbrains/kotlin/descriptors/Named
instanceKlass org/jetbrains/kotlin/resolve/calls/checkers/ProtectedConstructorCallChecker
instanceKlass org/jetbrains/kotlin/resolve/calls/checkers/ConstructorHeaderCallChecker
instanceKlass org/jetbrains/kotlin/resolve/calls/checkers/OperatorCallChecker$Companion
instanceKlass org/jetbrains/kotlin/resolve/calls/checkers/OperatorCallChecker
instanceKlass org/jetbrains/kotlin/resolve/calls/checkers/InfixCallChecker
instanceKlass org/jetbrains/kotlin/resolve/calls/checkers/CallReturnsArrayOfNothingChecker
instanceKlass org/jetbrains/kotlin/psi/KtOperationExpression
instanceKlass org/jetbrains/kotlin/BlockExpressionElementType$Companion
instanceKlass org/jetbrains/kotlin/psi/stubs/KotlinScriptStub
instanceKlass org/jetbrains/kotlin/psi/stubs/KotlinPlaceHolderWithTextStub
instanceKlass org/jetbrains/kotlin/com/intellij/psi/LiteralTextEscaper
instanceKlass org/jetbrains/kotlin/com/intellij/psi/ContributedReferenceHost
instanceKlass org/jetbrains/kotlin/psi/stubs/KotlinCollectionLiteralExpressionStub
instanceKlass org/jetbrains/kotlin/psi/stubs/KotlinClassLiteralExpressionStub
instanceKlass org/jetbrains/kotlin/psi/KtDoubleColonExpression
instanceKlass org/jetbrains/kotlin/psi/stubs/KotlinConstantExpressionStub
instanceKlass org/jetbrains/kotlin/psi/stubs/elements/KtConstantExpressionElementType$Companion
instanceKlass org/jetbrains/kotlin/psi/stubs/KotlinContextReceiverStub
instanceKlass org/jetbrains/kotlin/psi/LambdaArgument
instanceKlass org/jetbrains/kotlin/psi/stubs/KotlinContractEffectStub
instanceKlass org/jetbrains/kotlin/psi/ValueArgumentName
instanceKlass org/jetbrains/kotlin/psi/stubs/KotlinValueArgumentStub
instanceKlass org/jetbrains/kotlin/psi/ValueArgument
instanceKlass org/jetbrains/kotlin/psi/stubs/KotlinEnumEntrySuperclassReferenceExpressionStub
instanceKlass org/jetbrains/kotlin/psi/KtQualifiedExpression
instanceKlass org/jetbrains/kotlin/psi/stubs/KotlinNameReferenceExpressionStub
instanceKlass org/jetbrains/kotlin/psi/stubs/KotlinTypeProjectionStub
instanceKlass org/jetbrains/kotlin/psi/KtSimpleNameExpression
instanceKlass org/jetbrains/kotlin/psi/KtReferenceExpression
instanceKlass org/jetbrains/kotlin/psi/stubs/impl/KotlinTypeBean
instanceKlass org/jetbrains/kotlin/psi/stubs/KotlinUserTypeStub
instanceKlass org/jetbrains/kotlin/psi/KtTypeElement
instanceKlass org/jetbrains/kotlin/psi/stubs/KotlinModifierListStub
instanceKlass org/jetbrains/kotlin/psi/stubs/KotlinImportAliasStub
instanceKlass org/jetbrains/kotlin/psi/KtImportInfo$ImportContent
instanceKlass org/jetbrains/kotlin/psi/KtImportInfo
instanceKlass org/jetbrains/kotlin/psi/stubs/KotlinImportDirectiveStub
instanceKlass org/jetbrains/kotlin/psi/stubs/KotlinAnnotationUseSiteTargetStub
instanceKlass org/jetbrains/kotlin/psi/KtCallElement
instanceKlass org/jetbrains/kotlin/psi/stubs/KotlinAnnotationEntryStub
instanceKlass org/jetbrains/kotlin/psi/stubs/KotlinTypeParameterStub
instanceKlass org/jetbrains/kotlin/psi/stubs/KotlinParameterStub
instanceKlass org/jetbrains/kotlin/psi/stubs/KotlinConstructorStub
instanceKlass org/jetbrains/kotlin/psi/KtAnonymousInitializer
instanceKlass org/jetbrains/kotlin/psi/stubs/KotlinPlaceHolderStub
instanceKlass org/jetbrains/kotlin/psi/stubs/KotlinObjectStub
instanceKlass org/jetbrains/kotlin/psi/stubs/KotlinTypeAliasStub
instanceKlass org/jetbrains/kotlin/psi/stubs/KotlinBackingFieldStub
instanceKlass org/jetbrains/kotlin/psi/stubs/KotlinPropertyAccessorStub
instanceKlass org/jetbrains/kotlin/psi/KtVariableDeclaration
instanceKlass org/jetbrains/kotlin/psi/KtValVarKeywordOwner
instanceKlass org/jetbrains/kotlin/psi/stubs/KotlinPropertyStub
instanceKlass org/jetbrains/kotlin/psi/stubs/KotlinFunctionStub
instanceKlass org/jetbrains/kotlin/psi/stubs/KotlinCallableStubBase
instanceKlass  @bci org/jetbrains/kotlin/psi/stubs/elements/KtStubElementType <init> (Ljava/lang/String;Ljava/lang/Class;Ljava/lang/Class;)V 125 <appendix> member <vmtarget> ; # org/jetbrains/kotlin/psi/stubs/elements/KtStubElementType$$Lambda+0x000000010036c8e0
instanceKlass org/jetbrains/kotlin/com/intellij/psi/impl/source/SubstrateRef
instanceKlass org/jetbrains/kotlin/psi/stubs/KotlinClassStub
instanceKlass org/jetbrains/kotlin/psi/stubs/KotlinClassOrObjectStub
instanceKlass org/jetbrains/kotlin/psi/stubs/KotlinStubWithFqName
instanceKlass org/jetbrains/kotlin/com/intellij/psi/stubs/NamedStub
instanceKlass org/jetbrains/kotlin/psi/stubs/KotlinClassifierStub
instanceKlass org/jetbrains/kotlin/psi/stubs/elements/KtStubElementTypes
instanceKlass org/jetbrains/kotlin/com/intellij/psi/tree/IReparseableElementTypeBase
instanceKlass org/jetbrains/kotlin/com/intellij/psi/tree/ICompositeElementType
instanceKlass org/jetbrains/kotlin/KtNodeTypes
instanceKlass org/jetbrains/kotlin/com/intellij/psi/tree/IReparseableLeafElementType
instanceKlass org/jetbrains/kotlin/com/intellij/psi/TokenType
instanceKlass org/jetbrains/kotlin/com/intellij/psi/tree/TokenSet
instanceKlass org/jetbrains/kotlin/com/intellij/lang/PsiParser
instanceKlass org/jetbrains/kotlin/kdoc/lexer/KDocTokens
instanceKlass org/jetbrains/kotlin/lexer/KtTokens
instanceKlass org/jetbrains/kotlin/resolve/calls/checkers/DeprecatedCallChecker
instanceKlass org/jetbrains/kotlin/resolve/checkers/TrailingCommaCallChecker
instanceKlass org/jetbrains/kotlin/resolve/calls/checkers/SafeCallChecker
instanceKlass org/jetbrains/kotlin/resolve/calls/checkers/SynchronizedByValueChecker
instanceKlass org/jetbrains/kotlin/resolve/calls/checkers/InlineCheckerWrapper
instanceKlass org/jetbrains/kotlin/resolve/calls/checkers/CapturingInClosureChecker
instanceKlass org/jetbrains/kotlin/resolve/calls/checkers/CallChecker
instanceKlass org/jetbrains/kotlin/resolve/checkers/StubForBuilderInferenceParameterTypeChecker
instanceKlass org/jetbrains/kotlin/resolve/checkers/ActualTypealiasToSpecialAnnotationChecker
instanceKlass org/jetbrains/kotlin/resolve/checkers/VolatileAnnotationChecker
instanceKlass org/jetbrains/kotlin/resolve/checkers/EnumEntriesRedeclarationChecker
instanceKlass org/jetbrains/kotlin/resolve/checkers/DataObjectContentChecker
instanceKlass org/jetbrains/kotlin/resolve/calls/checkers/UnsupportedUntilRangeDeclarationChecker
instanceKlass org/jetbrains/kotlin/resolve/checkers/CyclicAnnotationsChecker
instanceKlass org/jetbrains/kotlin/resolve/checkers/ValueParameterUsageInDefaultArgumentChecker
instanceKlass org/jetbrains/kotlin/resolve/checkers/SubtypingBetweenContextReceiversChecker
instanceKlass org/jetbrains/kotlin/resolve/checkers/ContextualDeclarationChecker
instanceKlass org/jetbrains/kotlin/resolve/checkers/EnumCompanionInEnumConstructorCallChecker
instanceKlass org/jetbrains/kotlin/psi/KtPureClassOrObject
instanceKlass org/jetbrains/kotlin/psi/KtClassLikeDeclaration
instanceKlass org/jetbrains/kotlin/resolve/checkers/SuspendFunctionAsSupertypeChecker
instanceKlass org/jetbrains/kotlin/resolve/checkers/SealedInterfaceAllowedChecker
instanceKlass org/jetbrains/kotlin/resolve/checkers/SealedInheritorInSameModuleChecker
instanceKlass org/jetbrains/kotlin/types/KotlinType
instanceKlass org/jetbrains/kotlin/resolve/checkers/SealedInheritorInSamePackageChecker
instanceKlass org/jetbrains/kotlin/resolve/checkers/PrivateInlineFunctionsReturningAnonymousObjectsChecker
instanceKlass org/jetbrains/kotlin/resolve/checkers/ContractDescriptionBlockChecker
instanceKlass org/jetbrains/kotlin/resolve/checkers/DeprecatedSinceKotlinAnnotationChecker
instanceKlass org/jetbrains/kotlin/resolve/checkers/DeprecationInheritanceChecker
instanceKlass org/jetbrains/kotlin/resolve/checkers/FunInterfaceDeclarationChecker
instanceKlass org/jetbrains/kotlin/resolve/checkers/MissingDependencySupertypeChecker$ForDeclarations
instanceKlass org/jetbrains/kotlin/psi/KtDeclarationWithInitializer
instanceKlass org/jetbrains/kotlin/resolve/checkers/TrailingCommaDeclarationChecker
instanceKlass org/jetbrains/kotlin/resolve/checkers/TailrecFunctionChecker
instanceKlass org/jetbrains/kotlin/resolve/checkers/ExplicitApiDeclarationChecker$Companion
instanceKlass org/jetbrains/kotlin/resolve/checkers/ExplicitApiDeclarationChecker
instanceKlass org/jetbrains/kotlin/resolve/checkers/LocalVariableTypeParametersChecker
instanceKlass org/jetbrains/kotlin/resolve/checkers/ResultClassInReturnTypeChecker
instanceKlass org/jetbrains/kotlin/resolve/checkers/ReservedMembersAndConstructsForValueClass$Companion
instanceKlass org/jetbrains/kotlin/resolve/checkers/ReservedMembersAndConstructsForValueClass
instanceKlass org/jetbrains/kotlin/resolve/checkers/AnnotationClassTargetAndRetentionChecker
instanceKlass org/jetbrains/kotlin/resolve/checkers/InnerClassInsideValueClass
instanceKlass org/jetbrains/kotlin/resolve/checkers/PropertiesWithBackingFieldsInsideValueClass
instanceKlass org/jetbrains/kotlin/resolve/checkers/MultiFieldValueClassAnnotationsChecker
instanceKlass org/jetbrains/kotlin/resolve/checkers/ValueClassDeclarationChecker
instanceKlass org/jetbrains/kotlin/util/OperatorNameConventions
instanceKlass org/jetbrains/kotlin/resolve/checkers/SuspendLimitationsChecker
instanceKlass org/jetbrains/kotlin/resolve/checkers/KClassWithIncorrectTypeArgumentChecker
instanceKlass org/jetbrains/kotlin/resolve/checkers/DelegationChecker
instanceKlass org/jetbrains/kotlin/resolve/checkers/DynamicReceiverChecker
instanceKlass org/jetbrains/kotlin/resolve/checkers/ReifiedTypeParameterAnnotationChecker
instanceKlass org/jetbrains/kotlin/resolve/RequireKotlinConstants
instanceKlass org/jetbrains/kotlin/resolve/AnnotationsKt
instanceKlass org/jetbrains/kotlin/resolve/checkers/KotlinVersionStringAnnotationValueChecker
instanceKlass org/jetbrains/kotlin/resolve/checkers/InfixModifierChecker
instanceKlass org/jetbrains/kotlin/psi/KtAnnotationsContainer
instanceKlass org/jetbrains/kotlin/descriptors/annotations/Annotated
instanceKlass org/jetbrains/kotlin/resolve/checkers/InlineParameterChecker
instanceKlass org/jetbrains/kotlin/resolve/checkers/UnderscoreChecker
instanceKlass org/jetbrains/kotlin/resolve/checkers/ConstModifierChecker
instanceKlass org/jetbrains/kotlin/psi/KtFunction
instanceKlass org/jetbrains/kotlin/psi/KtDeclarationWithBody
instanceKlass org/jetbrains/kotlin/psi/KtCallableDeclaration
instanceKlass org/jetbrains/kotlin/psi/KtTypeParameterListOwner
instanceKlass org/jetbrains/kotlin/psi/KtNamedDeclaration
instanceKlass org/jetbrains/kotlin/psi/KtStatementExpression
instanceKlass org/jetbrains/kotlin/psi/KtNamed
instanceKlass org/jetbrains/kotlin/psi/KtDeclaration
instanceKlass org/jetbrains/kotlin/psi/KtModifierListOwner
instanceKlass org/jetbrains/kotlin/psi/KtExpression
instanceKlass org/jetbrains/kotlin/com/intellij/psi/StubBasedPsiElement
instanceKlass org/jetbrains/kotlin/resolve/checkers/DataClassDeclarationChecker
instanceKlass org/jetbrains/kotlin/resolve/checkers/ExpectActualClassifiersAreInBetaChecker
instanceKlass org/jetbrains/kotlin/resolve/checkers/ActualClassifierMustHasTheSameMembersAsNonFinalExpectClassifierChecker
instanceKlass org/jetbrains/kotlin/resolve/checkers/ExpectActualInTheSameModuleChecker
instanceKlass org/jetbrains/kotlin/resolve/checkers/DeclarationChecker
instanceKlass org/jetbrains/kotlin/resolve/PlatformConfiguratorBaseKt
instanceKlass org/jetbrains/kotlin/container/ComponentRegistry
instanceKlass org/jetbrains/kotlin/com/intellij/util/containers/MultiMap
instanceKlass org/jetbrains/kotlin/container/ComponentStorage
instanceKlass org/jetbrains/kotlin/container/ValueResolver
instanceKlass  @bci org/jetbrains/kotlin/container/StorageComponentContainer <init> (Ljava/lang/String;Lorg/jetbrains/kotlin/container/StorageComponentContainer;)V 18 <appendix> member <vmtarget> ; # org/jetbrains/kotlin/container/StorageComponentContainer$$Lambda+0x0000000100331f60
instanceKlass org/jetbrains/kotlin/container/ComponentResolveContext
instanceKlass org/jetbrains/kotlin/container/ValueResolveContext
instanceKlass org/jetbrains/kotlin/container/DslKt
instanceKlass  @bci org/jetbrains/kotlin/resolve/PlatformConfiguratorBase <init> (Lorg/jetbrains/kotlin/types/DynamicTypesSettings;Ljava/util/List;Ljava/util/List;Ljava/util/List;Ljava/util/List;Ljava/util/List;Ljava/util/List;Ljava/util/List;Lorg/jetbrains/kotlin/resolve/IdentifierChecker;Lorg/jetbrains/kotlin/resolve/OverloadFilter;Lorg/jetbrains/kotlin/builtins/PlatformToKotlinClassMapper;Lorg/jetbrains/kotlin/builtins/PlatformSpecificCastChecker;Lorg/jetbrains/kotlin/resolve/lazy/DelegationFilter;Lorg/jetbrains/kotlin/resolve/OverridesBackwardCompatibilityHelper;Lorg/jetbrains/kotlin/resolve/DeclarationReturnTypeSanitizer;)V 154 <appendix> member <vmtarget> ; # org/jetbrains/kotlin/resolve/PlatformConfiguratorBase$$Lambda+0x0000000100331458
instanceKlass org/jetbrains/kotlin/container/StorageComponentContainer
instanceKlass org/jetbrains/kotlin/container/ComponentProvider
instanceKlass org/jetbrains/kotlin/container/ComponentContainer
instanceKlass org/jetbrains/kotlin/resolve/PlatformConfiguratorBase
instanceKlass org/jetbrains/kotlin/resolve/PlatformConfigurator
instanceKlass  @bci org/jetbrains/kotlin/resolve/DefaultImportProvider <init> ()V 21 <appendix> member <vmtarget> ; # org/jetbrains/kotlin/resolve/DefaultImportProvider$$Lambda+0x0000000100330218
instanceKlass org/jetbrains/kotlin/resolve/DefaultImportProvider$DefaultImportsKey
instanceKlass org/jetbrains/kotlin/resolve/DefaultImportProvider
instanceKlass org/jetbrains/kotlin/fir/scopes/FirDefaultImportProviderHolder
instanceKlass org/jetbrains/kotlin/fir/scopes/impl/FirDelegatedMembersFilter
instanceKlass org/jetbrains/kotlin/fir/analysis/FirOverridesBackwardCompatibilityHelper
instanceKlass org/jetbrains/kotlin/fir/scopes/FirPlatformClassMapper
instanceKlass org/jetbrains/kotlin/fir/resolve/calls/overloads/ConeCallConflictResolverFactory
instanceKlass org/jetbrains/kotlin/fir/FirVisibilityChecker
instanceKlass org/jetbrains/kotlin/fir/session/FirSessionFactoryHelper
instanceKlass org/jetbrains/kotlin/fir/FirPlatformSpecificCastChecker
instanceKlass org/jetbrains/kotlin/fir/types/FirMissingDependencyStorage$cache$1
instanceKlass org/jetbrains/kotlin/fir/types/FirMissingDependencyStorage
instanceKlass org/jetbrains/kotlin/fir/analysis/checkers/expression/FirGenericArrayClassLiteralSupport$Disabled
instanceKlass org/jetbrains/kotlin/fir/analysis/checkers/expression/FirGenericArrayClassLiteralSupport
instanceKlass org/jetbrains/kotlin/fir/analysis/checkers/FirPrimaryConstructorSuperTypeCheckerPlatformComponent
instanceKlass  @bci org/jetbrains/kotlin/fir/declarations/FirAnnotationsPlatformSpecificSupportComponent <init> ()V 32 <appendix> member <vmtarget> ; # org/jetbrains/kotlin/fir/declarations/FirAnnotationsPlatformSpecificSupportComponent$$Lambda+0x000000010032cbb8
instanceKlass  @bci org/jetbrains/kotlin/fir/declarations/FirAnnotationsPlatformSpecificSupportComponent <init> ()V 19 <appendix> member <vmtarget> ; # org/jetbrains/kotlin/fir/declarations/FirAnnotationsPlatformSpecificSupportComponent$$Lambda+0x000000010032c980
instanceKlass  @bci org/jetbrains/kotlin/fir/declarations/FirAnnotationsPlatformSpecificSupportComponent <init> ()V 6 <appendix> member <vmtarget> ; # org/jetbrains/kotlin/fir/declarations/FirAnnotationsPlatformSpecificSupportComponent$$Lambda+0x000000010032c748
instanceKlass org/jetbrains/kotlin/fir/declarations/FirAnnotationsPlatformSpecificSupportComponent
instanceKlass org/jetbrains/kotlin/fir/resolve/calls/overloads/FirDeclarationOverloadabilityHelperImpl
instanceKlass org/jetbrains/kotlin/fir/declarations/FirDeclarationOverloadabilityHelper
instanceKlass org/jetbrains/kotlin/fir/scopes/impl/FirAbstractOverrideChecker
instanceKlass org/jetbrains/kotlin/fir/scopes/FirOverrideChecker
instanceKlass  @bci org/jetbrains/kotlin/fir/scopes/impl/FirEnumEntriesSupport <init> (Lorg/jetbrains/kotlin/fir/FirSession;)V 17 <appendix> member <vmtarget> ; # org/jetbrains/kotlin/fir/scopes/impl/FirEnumEntriesSupport$$Lambda+0x000000010032b550
instanceKlass org/jetbrains/kotlin/fir/scopes/impl/FirEnumEntriesSupport
instanceKlass org/jetbrains/kotlin/fir/types/FirTypeUtilsKt
instanceKlass kotlin/jvm/internal/TypeIntrinsics
instanceKlass org/jetbrains/kotlin/fir/MutableOrEmptyList$Companion
instanceKlass org/jetbrains/kotlin/fir/MutableOrEmptyList
instanceKlass org/jetbrains/kotlin/fir/builder/FirBuilderDslKt
instanceKlass org/jetbrains/kotlin/fir/types/TypeUtilsKt
instanceKlass org/jetbrains/kotlin/fir/types/ConeDynamicType$Companion
instanceKlass org/jetbrains/kotlin/types/model/DynamicTypeMarker
instanceKlass org/jetbrains/kotlin/types/model/FlexibleTypeMarker
instanceKlass org/jetbrains/kotlin/fir/types/builder/FirResolvedTypeRefBuilder
instanceKlass org/jetbrains/kotlin/fir/builder/FirAnnotationContainerBuilder
instanceKlass org/jetbrains/kotlin/fir/scopes/impl/FirDynamicMembersStorage$special$$inlined$createCache$3
instanceKlass org/jetbrains/kotlin/fir/scopes/impl/FirDynamicMembersStorage$special$$inlined$createCache$2
instanceKlass org/jetbrains/kotlin/fir/scopes/impl/FirDynamicMembersStorage$special$$inlined$createCache$1
instanceKlass org/jetbrains/kotlin/fir/scopes/impl/FirDynamicMembersStorage
instanceKlass org/jetbrains/kotlin/fir/scopes/FirOverrideService
instanceKlass  @bci org/jetbrains/kotlin/fir/resolve/FirSamConstructorStorage <init> (Lorg/jetbrains/kotlin/fir/FirSession;)V 15 <appendix> argL0 ; # org/jetbrains/kotlin/fir/resolve/FirSamConstructorStorage$$Lambda+0x0000000100327aa8
instanceKlass org/jetbrains/kotlin/mpp/SimpleFunctionSymbolMarker
instanceKlass org/jetbrains/kotlin/mpp/FunctionSymbolMarker
instanceKlass org/jetbrains/kotlin/mpp/CallableSymbolMarker
instanceKlass org/jetbrains/kotlin/fir/resolve/FirSamResolver
instanceKlass org/jetbrains/kotlin/fir/resolve/FirSamConstructorStorage
instanceKlass  @bci org/jetbrains/kotlin/fir/scopes/impl/FirGeneratedMemberDeclarationsStorage <init> (Lorg/jetbrains/kotlin/fir/FirSession;)V 49 <appendix> member <vmtarget> ; # org/jetbrains/kotlin/fir/scopes/impl/FirGeneratedMemberDeclarationsStorage$$Lambda+0x0000000100326728
instanceKlass org/jetbrains/kotlin/fir/scopes/impl/FirGeneratedMemberDeclarationsStorage$ClassifierStorage
instanceKlass  @bci org/jetbrains/kotlin/fir/scopes/impl/FirGeneratedMemberDeclarationsStorage <init> (Lorg/jetbrains/kotlin/fir/FirSession;)V 32 <appendix> member <vmtarget> ; # org/jetbrains/kotlin/fir/scopes/impl/FirGeneratedMemberDeclarationsStorage$$Lambda+0x00000001003262d0
instanceKlass org/jetbrains/kotlin/fir/scopes/impl/FirGeneratedMemberDeclarationsStorage$CallableStorage
instanceKlass org/jetbrains/kotlin/fir/scopes/impl/FirGeneratedMemberDeclarationsStorage$StorageContext
instanceKlass org/jetbrains/kotlin/fir/symbols/FirBasedSymbol
instanceKlass org/jetbrains/kotlin/mpp/ClassLikeSymbolMarker
instanceKlass org/jetbrains/kotlin/mpp/ClassifierSymbolMarker
instanceKlass org/jetbrains/kotlin/mpp/DeclarationSymbolMarker
instanceKlass org/jetbrains/kotlin/fir/scopes/impl/FirGeneratedMemberDeclarationsStorage
instanceKlass org/jetbrains/kotlin/fir/scopes/impl/FirSynthesizedStorage$special$$inlined$createCache$1
instanceKlass org/jetbrains/kotlin/fir/scopes/impl/FirSynthesizedStorage
instanceKlass org/jetbrains/kotlin/fir/scopes/impl/FirIntersectionOverrideStorage$special$$inlined$createCache$1
instanceKlass org/jetbrains/kotlin/fir/scopes/impl/FirIntersectionOverrideStorage
instanceKlass org/jetbrains/kotlin/fir/scopes/impl/FirSubstitutionOverrideStorage$special$$inlined$createCache$1
instanceKlass org/jetbrains/kotlin/fir/scopes/impl/FirSubstitutionOverrideStorage
instanceKlass org/jetbrains/kotlin/fir/resolve/FirDefaultParametersResolver
instanceKlass  @bci org/jetbrains/kotlin/fir/types/FirCorrespondingSupertypesCache <init> (Lorg/jetbrains/kotlin/fir/FirSession;)V 29 <appendix> member <vmtarget> ; # org/jetbrains/kotlin/fir/types/FirCorrespondingSupertypesCache$$Lambda+0x0000000100323750
instanceKlass org/jetbrains/kotlin/types/TypeCheckerState
instanceKlass org/jetbrains/kotlin/fir/types/FirCorrespondingSupertypesCache
instanceKlass org/jetbrains/kotlin/fir/scopes/impl/FirDeclaredMemberScopeProvider$nestedClassifierCache$1
instanceKlass  @bci org/jetbrains/kotlin/fir/scopes/impl/FirDeclaredMemberScopeProvider <init> (Lorg/jetbrains/kotlin/fir/FirSession;)V 24 <appendix> member <vmtarget> ; # org/jetbrains/kotlin/fir/scopes/impl/FirDeclaredMemberScopeProvider$$Lambda+0x0000000100322e80
instanceKlass org/jetbrains/kotlin/fir/scopes/FirScope
instanceKlass org/jetbrains/kotlin/fir/scopes/impl/FirDeclaredMemberScopeProvider$DeclaredMemberScopeContext
instanceKlass org/jetbrains/kotlin/fir/expressions/FirStatement
instanceKlass org/jetbrains/kotlin/fir/declarations/FirTypeParameterRefsOwner
instanceKlass org/jetbrains/kotlin/fir/declarations/FirControlFlowGraphOwner
instanceKlass org/jetbrains/kotlin/fir/scopes/impl/FirDeclaredMemberScopeProvider
instanceKlass org/jetbrains/kotlin/fir/resolve/inference/InferenceComponents$ConstraintSystemFactory
instanceKlass org/jetbrains/kotlin/resolve/calls/inference/components/PostponedArgumentInputTypesResolver$Companion
instanceKlass org/jetbrains/kotlin/resolve/calls/inference/components/PostponedArgumentInputTypesResolver
instanceKlass org/jetbrains/kotlin/resolve/calls/inference/components/VariableFixationFinder
instanceKlass org/jetbrains/kotlin/resolve/calls/inference/components/ResultTypeResolver
instanceKlass org/jetbrains/kotlin/resolve/calls/inference/components/ConstraintInjector
instanceKlass org/jetbrains/kotlin/fir/resolve/inference/ConeConstraintSystemUtilContext
instanceKlass org/jetbrains/kotlin/resolve/calls/inference/components/ConstraintSystemUtilContext
instanceKlass org/jetbrains/kotlin/resolve/calls/inference/components/ConstraintIncorporator
instanceKlass org/jetbrains/kotlin/resolve/calls/inference/components/TrivialConstraintTypeInferenceOracle$Companion
instanceKlass org/jetbrains/kotlin/resolve/calls/inference/components/TrivialConstraintTypeInferenceOracle
instanceKlass org/jetbrains/kotlin/fir/types/TypeComponentsKt
instanceKlass org/jetbrains/kotlin/fir/resolve/inference/InferenceComponents
instanceKlass org/jetbrains/kotlin/fir/FirLanguageSettingsComponentKt
instanceKlass org/jetbrains/kotlin/types/AbstractTypeApproximator$Companion
instanceKlass org/jetbrains/kotlin/types/AbstractTypeApproximator
instanceKlass org/jetbrains/kotlin/fir/types/TypeComponents$typeContext$1
instanceKlass org/jetbrains/kotlin/fir/types/ConeInferenceContext
instanceKlass org/jetbrains/kotlin/types/model/TypeSystemInferenceExtensionContext
instanceKlass org/jetbrains/kotlin/types/model/TypeSystemCommonSuperTypesContext
instanceKlass org/jetbrains/kotlin/types/model/TypeSystemTypeFactoryContext
instanceKlass org/jetbrains/kotlin/types/model/TypeSystemBuiltInsContext
instanceKlass org/jetbrains/kotlin/fir/types/ConeTypeContext
instanceKlass org/jetbrains/kotlin/types/model/TypeCheckerProviderContext
instanceKlass org/jetbrains/kotlin/types/TypeSystemCommonBackendContext
instanceKlass org/jetbrains/kotlin/types/model/TypeSystemContext
instanceKlass org/jetbrains/kotlin/types/model/TypeSystemOptimizationContext
instanceKlass org/jetbrains/kotlin/fir/types/TypeComponents
instanceKlass org/jetbrains/kotlin/fir/FirLanguageSettingsComponent
instanceKlass org/jetbrains/kotlin/fir/extensions/predicate/PredicateVisitor
instanceKlass org/jetbrains/kotlin/fir/extensions/FirPredicateBasedProviderImpl$Cache
instanceKlass org/jetbrains/kotlin/fir/extensions/FirRegisteredPluginAnnotationsKt
instanceKlass org/jetbrains/kotlin/fir/extensions/FirPredicateBasedProvider
instanceKlass org/jetbrains/kotlin/fir/extensions/AbstractFirRegisteredPluginAnnotations$special$$inlined$createCache$1
instanceKlass org/jetbrains/kotlin/util/AbstractArrayMapOwner$AbstractArrayMapAccessor
instanceKlass org/jetbrains/kotlin/fir/caches/FirCachesFactoryKt
instanceKlass org/jetbrains/kotlin/fir/extensions/FirRegisteredPluginAnnotations
instanceKlass org/jetbrains/kotlin/fir/FirExceptionHandler
instanceKlass org/jetbrains/kotlin/fir/symbols/FirLazyDeclarationResolver
instanceKlass org/jetbrains/kotlin/fir/declarations/SealedClassInheritorsProvider
instanceKlass org/jetbrains/kotlin/fir/types/ConeNullability$Companion
instanceKlass org/jetbrains/kotlin/name/StandardClassIds$Annotations
instanceKlass  @bci org/jetbrains/kotlin/fir/util/ConeTypeRegistry customComputeIfAbsent (Ljava/util/concurrent/ConcurrentHashMap;Ljava/lang/String;Lkotlin/jvm/functions/Function1;)I 21 <appendix> member <vmtarget> ; # org/jetbrains/kotlin/fir/util/ConeTypeRegistry$$Lambda+0x0000000100310000
instanceKlass  @bci org/jetbrains/kotlin/util/TypeRegistry getId (Ljava/lang/String;)I 13 <appendix> member <vmtarget> ; # org/jetbrains/kotlin/util/TypeRegistry$$Lambda+0x000000010030c400
instanceKlass org/jetbrains/kotlin/fir/types/CompilerConeAttributes
instanceKlass org/jetbrains/kotlin/fir/types/ConeAttribute
instanceKlass org/jetbrains/kotlin/types/model/AnnotationMarker
instanceKlass org/jetbrains/kotlin/fir/symbols/ConeClassifierLookupTag
instanceKlass org/jetbrains/kotlin/types/model/TypeConstructorMarker
instanceKlass org/jetbrains/kotlin/fir/types/TypeConstructionUtilsKt
instanceKlass org/jetbrains/kotlin/fir/types/ConeTypeProjection$Companion
instanceKlass org/jetbrains/kotlin/types/model/TypeArgumentListMarker
instanceKlass org/jetbrains/kotlin/types/model/SimpleTypeMarker
instanceKlass org/jetbrains/kotlin/types/model/KotlinTypeMarker
instanceKlass org/jetbrains/kotlin/fir/types/ConeTypeProjection
instanceKlass org/jetbrains/kotlin/types/model/TypeArgumentMarker
instanceKlass org/jetbrains/kotlin/name/StandardClassIdsKt
instanceKlass org/jetbrains/kotlin/name/StandardClassIds
instanceKlass org/jetbrains/kotlin/fir/FirPureAbstractElement
instanceKlass org/jetbrains/kotlin/fir/FirAnnotationContainer
instanceKlass org/jetbrains/kotlin/fir/FirElement
instanceKlass org/jetbrains/kotlin/mpp/TypeRefMarker
instanceKlass org/jetbrains/kotlin/fir/BuiltinTypes
instanceKlass org/jetbrains/kotlin/util/ArrayMapImpl$Companion
instanceKlass  @bci org/jetbrains/kotlin/fir/resolve/calls/tower/ScopeTowerLevel processPropertiesByName (Lorg/jetbrains/kotlin/fir/resolve/calls/candidate/CallInfo;Lorg/jetbrains/kotlin/fir/resolve/calls/tower/TowerScopeLevel$TowerScopeLevelProcessor;)Lorg/jetbrains/kotlin/fir/resolve/calls/tower/ProcessResult; 77 <appendix> form vmentry <vmtarget> ; # java/lang/invoke/LambdaForm$DMH+0x000000010030c000
instanceKlass  @bci org/jetbrains/kotlin/fir/session/FirJvmSessionFactory createLibrarySession (Lorg/jetbrains/kotlin/name/Name;Lorg/jetbrains/kotlin/fir/java/FirProjectSessionProvider;Lorg/jetbrains/kotlin/fir/deserialization/ModuleDataProvider;Lorg/jetbrains/kotlin/fir/session/environment/AbstractProjectEnvironment;Ljava/util/List;Lorg/jetbrains/kotlin/fir/session/environment/AbstractProjectFileSearchScope;Lorg/jetbrains/kotlin/load/kotlin/PackagePartProvider;Lorg/jetbrains/kotlin/config/LanguageVersionSettings;Lorg/jetbrains/kotlin/fir/session/FirSharableJavaComponents;Lkotlin/jvm/functions/Function1;)Lorg/jetbrains/kotlin/fir/FirSession; 93 <appendix> member <vmtarget> ; # org/jetbrains/kotlin/fir/session/FirJvmSessionFactory$$Lambda+0x0000000100309278
instanceKlass org/jetbrains/kotlin/fir/resolve/providers/FirSymbolProvider
instanceKlass  @bci org/jetbrains/kotlin/fir/session/FirJvmSessionFactory createLibrarySession (Lorg/jetbrains/kotlin/name/Name;Lorg/jetbrains/kotlin/fir/java/FirProjectSessionProvider;Lorg/jetbrains/kotlin/fir/deserialization/ModuleDataProvider;Lorg/jetbrains/kotlin/fir/session/environment/AbstractProjectEnvironment;Ljava/util/List;Lorg/jetbrains/kotlin/fir/session/environment/AbstractProjectFileSearchScope;Lorg/jetbrains/kotlin/load/kotlin/PackagePartProvider;Lorg/jetbrains/kotlin/config/LanguageVersionSettings;Lorg/jetbrains/kotlin/fir/session/FirSharableJavaComponents;Lkotlin/jvm/functions/Function1;)Lorg/jetbrains/kotlin/fir/FirSession; 79 <appendix> argL0 ; # org/jetbrains/kotlin/fir/session/FirJvmSessionFactory$$Lambda+0x00000001003088e0
instanceKlass org/jetbrains/kotlin/fir/scopes/FirScopeProvider
instanceKlass  @bci org/jetbrains/kotlin/fir/session/FirJvmSessionFactory createLibrarySession (Lorg/jetbrains/kotlin/name/Name;Lorg/jetbrains/kotlin/fir/java/FirProjectSessionProvider;Lorg/jetbrains/kotlin/fir/deserialization/ModuleDataProvider;Lorg/jetbrains/kotlin/fir/session/environment/AbstractProjectEnvironment;Ljava/util/List;Lorg/jetbrains/kotlin/fir/session/environment/AbstractProjectFileSearchScope;Lorg/jetbrains/kotlin/load/kotlin/PackagePartProvider;Lorg/jetbrains/kotlin/config/LanguageVersionSettings;Lorg/jetbrains/kotlin/fir/session/FirSharableJavaComponents;Lkotlin/jvm/functions/Function1;)Lorg/jetbrains/kotlin/fir/FirSession; 74 <appendix> member <vmtarget> ; # org/jetbrains/kotlin/fir/session/FirJvmSessionFactory$$Lambda+0x0000000100308230
instanceKlass  @bci org/jetbrains/kotlin/cli/common/FirSessionConstructionUtilsKt prepareJvmSessions (Ljava/util/List;Lorg/jetbrains/kotlin/config/CompilerConfiguration;Lorg/jetbrains/kotlin/fir/session/environment/AbstractProjectEnvironment;Lorg/jetbrains/kotlin/name/Name;Ljava/util/List;Lorg/jetbrains/kotlin/fir/session/environment/AbstractProjectFileSearchScope;Lorg/jetbrains/kotlin/fir/DependencyListForCliModule;Lkotlin/jvm/functions/Function1;Lkotlin/jvm/functions/Function1;Lkotlin/jvm/functions/Function2;Lkotlin/jvm/functions/Function1;)Ljava/util/List; 330 <appendix> argL0 ; # org/jetbrains/kotlin/cli/common/FirSessionConstructionUtilsKt$$Lambda+0x0000000100308000
instanceKlass org/jetbrains/kotlin/protobuf/SmallSortedMap$Entry
instanceKlass org/jetbrains/kotlin/protobuf/FieldSet$1
instanceKlass org/jetbrains/kotlin/metadata/ProtoBuf$Annotation$ArgumentOrBuilder
instanceKlass org/jetbrains/kotlin/protobuf/AbstractMessageLite$Builder
instanceKlass org/jetbrains/kotlin/protobuf/GeneratedMessageLite$1
instanceKlass org/jetbrains/kotlin/metadata/ProtoBuf$QualifiedNameTable$QualifiedName$Kind$1
instanceKlass org/jetbrains/kotlin/metadata/ProtoBuf$QualifiedNameTable$QualifiedNameOrBuilder
instanceKlass org/jetbrains/kotlin/metadata/jvm/deserialization/ModuleMappingKt
instanceKlass org/jetbrains/kotlin/protobuf/UnmodifiableLazyStringList$2
instanceKlass org/jetbrains/kotlin/metadata/jvm/deserialization/PackageParts
instanceKlass org/jetbrains/kotlin/protobuf/Utf8
instanceKlass org/jetbrains/kotlin/metadata/jvm/JvmModuleProtoBuf$PackagePartsOrBuilder
instanceKlass org/jetbrains/kotlin/load/kotlin/JvmPackagePartProviderBase$ModuleMappingInfo
instanceKlass org/jetbrains/kotlin/protobuf/WireFormat
instanceKlass org/jetbrains/kotlin/protobuf/CodedOutputStream
instanceKlass org/jetbrains/kotlin/protobuf/CodedInputStream
instanceKlass org/jetbrains/kotlin/metadata/jvm/JvmModuleProtoBuf$ModuleOrBuilder
instanceKlass org/jetbrains/kotlin/protobuf/ExtensionRegistryLite$ObjectIntPair
instanceKlass org/jetbrains/kotlin/metadata/ProtoBuf$TypeParameter$Variance$1
instanceKlass org/jetbrains/kotlin/metadata/ProtoBuf$TypeParameterOrBuilder
instanceKlass org/jetbrains/kotlin/metadata/ProtoBuf$EnumEntryOrBuilder
instanceKlass org/jetbrains/kotlin/metadata/ProtoBuf$Annotation$Argument$Value$Type$1
instanceKlass org/jetbrains/kotlin/protobuf/Internal$EnumLiteMap
instanceKlass org/jetbrains/kotlin/metadata/ProtoBuf$Annotation$Argument$ValueOrBuilder
instanceKlass org/jetbrains/kotlin/metadata/ProtoBuf$ValueParameterOrBuilder
instanceKlass org/jetbrains/kotlin/metadata/ProtoBuf$PropertyOrBuilder
instanceKlass org/jetbrains/kotlin/metadata/ProtoBuf$ContractOrBuilder
instanceKlass org/jetbrains/kotlin/metadata/ProtoBuf$FunctionOrBuilder
instanceKlass org/jetbrains/kotlin/metadata/ProtoBuf$ConstructorOrBuilder
instanceKlass org/jetbrains/kotlin/metadata/ProtoBuf$AnnotationOrBuilder
instanceKlass org/jetbrains/kotlin/metadata/ProtoBuf$TypeOrBuilder
instanceKlass org/jetbrains/kotlin/metadata/ProtoBuf$ClassOrBuilder
instanceKlass org/jetbrains/kotlin/protobuf/Internal$EnumLite
instanceKlass org/jetbrains/kotlin/protobuf/GeneratedMessageLite$ExtensionDescriptor
instanceKlass org/jetbrains/kotlin/protobuf/GeneratedMessageLite$GeneratedExtension
instanceKlass java/lang/Long$LongCache
instanceKlass org/jetbrains/kotlin/metadata/ProtoBuf$VersionRequirementTableOrBuilder
instanceKlass org/jetbrains/kotlin/metadata/ProtoBuf$TypeTableOrBuilder
instanceKlass org/jetbrains/kotlin/protobuf/SmallSortedMap$EmptySet$2
instanceKlass org/jetbrains/kotlin/protobuf/SmallSortedMap$EmptySet$1
instanceKlass org/jetbrains/kotlin/protobuf/SmallSortedMap$EmptySet
instanceKlass org/jetbrains/kotlin/protobuf/LazyFieldLite
instanceKlass org/jetbrains/kotlin/protobuf/FieldSet
instanceKlass org/jetbrains/kotlin/metadata/ProtoBuf$PackageOrBuilder
instanceKlass org/jetbrains/kotlin/protobuf/GeneratedMessageLite$ExtendableMessageOrBuilder
instanceKlass org/jetbrains/kotlin/metadata/builtins/BuiltInsProtoBuf
instanceKlass org/jetbrains/kotlin/metadata/deserialization/VersionSpecificBehaviorKt
instanceKlass jdk/internal/util/ByteArray
instanceKlass org/jetbrains/kotlin/utils/MetadataHelpersKt
instanceKlass org/jetbrains/kotlin/utils/DeserializationHelpersKt
instanceKlass org/jetbrains/kotlin/load/kotlin/ModuleMappingUtilKt
instanceKlass  @bci org/jetbrains/kotlin/cli/jvm/compiler/JvmPackagePartProviderKt tryLoadModuleMapping (Lkotlin/jvm/functions/Function0;Ljava/lang/String;Ljava/lang/String;Lorg/jetbrains/kotlin/resolve/CompilerDeserializationConfiguration;Lorg/jetbrains/kotlin/cli/common/messages/MessageCollector;)Lorg/jetbrains/kotlin/metadata/jvm/deserialization/ModuleMapping; 52 <appendix> member <vmtarget> ; # org/jetbrains/kotlin/cli/jvm/compiler/JvmPackagePartProviderKt$$Lambda+0x00000001002f3298
instanceKlass org/jetbrains/kotlin/com/intellij/util/containers/ShareableKey
instanceKlass org/jetbrains/kotlin/com/intellij/util/io/ResourceHandle
instanceKlass org/jetbrains/kotlin/metadata/ProtoBuf$QualifiedNameTableOrBuilder
instanceKlass org/jetbrains/kotlin/protobuf/ByteString$ByteIterator
instanceKlass org/jetbrains/kotlin/protobuf/ByteString
instanceKlass org/jetbrains/kotlin/protobuf/ExtensionRegistryLite
instanceKlass org/jetbrains/kotlin/protobuf/AbstractParser
instanceKlass org/jetbrains/kotlin/protobuf/MessageLite$Builder
instanceKlass org/jetbrains/kotlin/protobuf/Parser
instanceKlass org/jetbrains/kotlin/protobuf/LazyStringList
instanceKlass org/jetbrains/kotlin/protobuf/ProtocolStringList
instanceKlass org/jetbrains/kotlin/protobuf/FieldSet$FieldDescriptorLite
instanceKlass org/jetbrains/kotlin/protobuf/AbstractMessageLite
instanceKlass org/jetbrains/kotlin/protobuf/MessageLite
instanceKlass org/jetbrains/kotlin/metadata/ProtoBuf$StringTableOrBuilder
instanceKlass org/jetbrains/kotlin/protobuf/MessageLiteOrBuilder
instanceKlass org/jetbrains/kotlin/metadata/deserialization/NameResolverImpl
instanceKlass org/jetbrains/kotlin/metadata/deserialization/NameResolver
instanceKlass org/jetbrains/kotlin/metadata/jvm/deserialization/BinaryModuleData
instanceKlass org/jetbrains/kotlin/metadata/jvm/deserialization/JvmMetadataVersion$Companion
instanceKlass org/jetbrains/kotlin/metadata/deserialization/BinaryVersion$Companion
instanceKlass org/jetbrains/kotlin/metadata/deserialization/BinaryVersion
instanceKlass org/jetbrains/kotlin/metadata/jvm/deserialization/ModuleMapping$Companion
instanceKlass org/jetbrains/kotlin/metadata/jvm/deserialization/ModuleMapping
instanceKlass org/jetbrains/kotlin/cli/jvm/compiler/JvmPackagePartProviderKt
instanceKlass  @bci org/jetbrains/kotlin/cli/jvm/compiler/JvmPackagePartProvider addRoots (Ljava/util/List;Lorg/jetbrains/kotlin/cli/common/messages/MessageCollector;)V 146 <appendix> member <vmtarget> ; # org/jetbrains/kotlin/cli/jvm/compiler/JvmPackagePartProvider$$Lambda+0x00000001002ebf68
instanceKlass  @bci org/jetbrains/kotlin/com/intellij/openapi/vfs/VfsUtilCore <clinit> ()V 8 <appendix> argL0 ; # org/jetbrains/kotlin/com/intellij/openapi/vfs/VfsUtilCore$$Lambda+0x00000001002ebd38
instanceKlass org/jetbrains/kotlin/com/intellij/openapi/vfs/VirtualFileVisitor
instanceKlass org/jetbrains/kotlin/com/intellij/openapi/vfs/VfsUtilCore
instanceKlass sun/net/www/MessageHeader
instanceKlass sun/net/www/protocol/jar/JarFileFactory
instanceKlass sun/net/www/protocol/jar/URLJarFile$URLJarFileCloseController
instanceKlass org/jetbrains/kotlin/config/KotlinCompilerVersion
instanceKlass org/jetbrains/kotlin/resolve/CompilerDeserializationConfiguration
instanceKlass org/jetbrains/kotlin/serialization/deserialization/DeserializationConfiguration
instanceKlass  @bci org/jetbrains/kotlin/load/kotlin/JvmPackagePartProviderBase <init> ()V 6 <appendix> member <vmtarget> ; # org/jetbrains/kotlin/load/kotlin/JvmPackagePartProviderBase$$Lambda+0x00000001002ea370
instanceKlass org/jetbrains/kotlin/load/kotlin/JvmPackagePartProviderBase$Companion
instanceKlass org/jetbrains/kotlin/load/kotlin/JvmPackagePartProviderBase
instanceKlass org/jetbrains/kotlin/load/kotlin/PackageAndMetadataPartProvider
instanceKlass org/jetbrains/kotlin/serialization/deserialization/MetadataPartProvider
instanceKlass org/jetbrains/kotlin/fir/session/environment/AbstractProjectFileSearchScope$ANY
instanceKlass org/jetbrains/kotlin/fir/session/environment/AbstractProjectFileSearchScope$EMPTY
instanceKlass org/jetbrains/kotlin/cli/jvm/compiler/VfsBasedProjectEnvironmentKt
instanceKlass org/jetbrains/kotlin/fir/session/FirAbstractSessionFactory
instanceKlass org/jetbrains/kotlin/fir/FirSessionProvider
instanceKlass org/jetbrains/kotlin/config/LanguageFeature$Companion
instanceKlass kotlin/jvm/internal/Ref$ObjectRef
instanceKlass org/jetbrains/kotlin/fir/scopes/jvm/JvmMappedScope$FirMappedSymbolStorage$special$$inlined$createCache$1
instanceKlass org/jetbrains/kotlin/fir/scopes/jvm/JvmMappedScope$FirMappedSymbolStorage
instanceKlass org/jetbrains/kotlin/fir/caches/NullableMap
instanceKlass org/jetbrains/kotlin/fir/caches/FirCache
instanceKlass org/jetbrains/kotlin/fir/java/enhancement/FirEnhancedSymbolsStorage$special$$inlined$createCache$1
instanceKlass org/jetbrains/kotlin/fir/java/enhancement/FirEnhancedSymbolsStorage
instanceKlass org/jetbrains/kotlin/fir/caches/FirCachesFactory
instanceKlass org/jetbrains/kotlin/fir/session/ComponentsContainersKt
instanceKlass org/jetbrains/kotlin/fir/session/FirSharableJavaComponents
instanceKlass  @bci org/jetbrains/kotlin/cli/jvm/compiler/pipeline/JvmCompilerPipelineKt compileModuleToAnalyzedFir (Lorg/jetbrains/kotlin/cli/jvm/compiler/pipeline/ModuleCompilerInput;Lorg/jetbrains/kotlin/cli/jvm/compiler/VfsBasedProjectEnvironment;Ljava/util/List;Lorg/jetbrains/kotlin/fir/session/environment/AbstractProjectFileSearchScope;Lorg/jetbrains/kotlin/diagnostics/impl/BaseDiagnosticsCollector;)Lorg/jetbrains/kotlin/fir/pipeline/FirResult; 277 <appendix> member <vmtarget> ; # org/jetbrains/kotlin/cli/jvm/compiler/pipeline/JvmCompilerPipelineKt$$Lambda+0x00000001002e5bd8
instanceKlass org/jetbrains/kotlin/fir/session/IncrementalCompilationContext
instanceKlass  @bci org/jetbrains/kotlin/cli/common/FirSessionConstructionUtilsKt getFileBelongsToModuleForLt (Lorg/jetbrains/kotlin/cli/common/GroupedKtSources;)Lkotlin/jvm/functions/Function2; 7 <appendix> member <vmtarget> ; # org/jetbrains/kotlin/cli/common/FirSessionConstructionUtilsKt$$Lambda+0x00000001002e5780
instanceKlass  @bci org/jetbrains/kotlin/cli/jvm/compiler/pipeline/JvmCompilerPipelineKt compileModuleToAnalyzedFir (Lorg/jetbrains/kotlin/cli/jvm/compiler/pipeline/ModuleCompilerInput;Lorg/jetbrains/kotlin/cli/jvm/compiler/VfsBasedProjectEnvironment;Ljava/util/List;Lorg/jetbrains/kotlin/fir/session/environment/AbstractProjectFileSearchScope;Lorg/jetbrains/kotlin/diagnostics/impl/BaseDiagnosticsCollector;)Lorg/jetbrains/kotlin/fir/pipeline/FirResult; 259 <appendix> argL0 ; # org/jetbrains/kotlin/cli/jvm/compiler/pipeline/JvmCompilerPipelineKt$$Lambda+0x00000001002e5550
instanceKlass  @bci org/jetbrains/kotlin/cli/common/FirSessionConstructionUtilsKt isCommonSourceForLt (Lorg/jetbrains/kotlin/cli/common/GroupedKtSources;)Lkotlin/jvm/functions/Function1; 7 <appendix> member <vmtarget> ; # org/jetbrains/kotlin/cli/common/FirSessionConstructionUtilsKt$$Lambda+0x00000001002e5318
instanceKlass  @bci org/jetbrains/kotlin/cli/common/FirSessionConstructionUtilsKt <clinit> ()V 8 <appendix> argL0 ; # org/jetbrains/kotlin/cli/common/FirSessionConstructionUtilsKt$$Lambda+0x00000001002e50e8
instanceKlass  @bci org/jetbrains/kotlin/cli/common/FirSessionConstructionUtilsKt <clinit> ()V 0 <appendix> argL0 ; # org/jetbrains/kotlin/cli/common/FirSessionConstructionUtilsKt$$Lambda+0x00000001002e4eb8
instanceKlass org/jetbrains/kotlin/psi/KtDeclarationContainer
instanceKlass org/jetbrains/kotlin/psi/KtAnnotated
instanceKlass org/jetbrains/kotlin/psi/KtElement
instanceKlass org/jetbrains/kotlin/psi/KtPureElement
instanceKlass org/jetbrains/kotlin/com/intellij/psi/PsiClassOwner
instanceKlass org/jetbrains/kotlin/cli/common/FirSessionConstructionUtilsKt
instanceKlass org/jetbrains/kotlin/fir/deserialization/ModuleDataProvider
instanceKlass org/jetbrains/kotlin/fir/deserialization/LibraryPathFilter
instanceKlass org/jetbrains/kotlin/cli/jvm/config/JvmModulePathRoot
instanceKlass kotlin/collections/MapWithDefault
instanceKlass org/jetbrains/kotlin/fir/DependencyListForCliModule$Builder
instanceKlass org/jetbrains/kotlin/fir/DependencyListForCliModule$Companion
instanceKlass org/jetbrains/kotlin/fir/DependencyListForCliModule
instanceKlass org/jetbrains/kotlin/container/DataStructuresKt
instanceKlass  @bci org/jetbrains/kotlin/fir/FirModuleDataImpl <init> (Lorg/jetbrains/kotlin/name/Name;Ljava/util/List;Ljava/util/List;Ljava/util/List;Lorg/jetbrains/kotlin/platform/TargetPlatform;Lorg/jetbrains/kotlin/fir/FirModuleCapabilities;Z)V 91 <appendix> argL0 ; # org/jetbrains/kotlin/fir/FirModuleDataImpl$$Lambda+0x00000001002da9c8
instanceKlass org/jetbrains/kotlin/fir/FirModuleData
instanceKlass org/jetbrains/kotlin/util/ArrayMap
instanceKlass org/jetbrains/kotlin/util/TypeRegistry
instanceKlass org/jetbrains/kotlin/util/AbstractArrayMapOwner
instanceKlass org/jetbrains/kotlin/fir/BinaryModuleData$Companion
instanceKlass org/jetbrains/kotlin/fir/BinaryModuleData
instanceKlass org/jetbrains/kotlin/fir/FirSessionComponent
instanceKlass org/jetbrains/kotlin/fir/extensions/FirExtension
instanceKlass org/jetbrains/kotlin/fir/extensions/FirExtensionRegistrar$Companion
instanceKlass org/jetbrains/kotlin/com/intellij/util/keyFMap/PairElementsFMap
instanceKlass org/jetbrains/kotlin/cli/jvm/compiler/PsiBasedProjectFileSearchScope
instanceKlass org/jetbrains/kotlin/fir/session/environment/AbstractProjectFileSearchScope
instanceKlass org/jetbrains/kotlin/diagnostics/DiagnosticReporter
instanceKlass  @bci org/jetbrains/kotlin/cli/jvm/compiler/FirKotlinToJvmBytecodeCompiler createPendingReporter (Lorg/jetbrains/kotlin/cli/common/messages/MessageCollector;)Lorg/jetbrains/kotlin/diagnostics/impl/PendingDiagnosticsCollectorWithSuppress; 10 <appendix> member <vmtarget> ; # org/jetbrains/kotlin/cli/jvm/compiler/FirKotlinToJvmBytecodeCompiler$$Lambda+0x00000001002d7048
instanceKlass  @cpi org/jetbrains/kotlin/cli/jvm/compiler/FirKotlinToJvmBytecodeCompiler 552 form vmentry <vmtarget> ; # java/lang/invoke/LambdaForm$DMH+0x00000001002d8000
instanceKlass org/jetbrains/kotlin/diagnostics/DiagnosticReporterFactory
instanceKlass org/jetbrains/kotlin/resolve/konan/platform/KonanPlatform
instanceKlass org/jetbrains/kotlin/konan/target/KonanTarget$Companion
instanceKlass org/jetbrains/kotlin/konan/target/KonanTarget
instanceKlass org/jetbrains/kotlin/konan/util/Named
instanceKlass org/jetbrains/kotlin/platform/konan/NativePlatforms
instanceKlass org/jetbrains/kotlin/platform/wasm/WasmTarget$Companion
instanceKlass org/jetbrains/kotlin/platform/wasm/WasmPlatforms
instanceKlass org/jetbrains/kotlin/js/resolve/JsPlatform
instanceKlass org/jetbrains/kotlin/platform/js/JsPlatforms
instanceKlass org/jetbrains/kotlin/resolve/jvm/platform/JvmPlatform
instanceKlass org/jetbrains/kotlin/platform/TargetPlatformKt
instanceKlass org/jetbrains/kotlin/platform/TargetPlatformVersion$NoVersion
instanceKlass org/jetbrains/kotlin/platform/jvm/JvmPlatforms
instanceKlass org/jetbrains/kotlin/platform/SimplePlatform
instanceKlass org/jetbrains/kotlin/platform/TargetPlatform
instanceKlass org/jetbrains/kotlin/analyzer/common/CommonPlatform
instanceKlass org/jetbrains/kotlin/resolve/TargetPlatform
instanceKlass org/jetbrains/kotlin/platform/CommonPlatforms
instanceKlass org/jetbrains/kotlin/modules/TargetId
instanceKlass org/jetbrains/kotlin/modules/TargetIdKt
instanceKlass org/jetbrains/kotlin/cli/jvm/compiler/pipeline/ModuleCompilerInput
instanceKlass org/jetbrains/kotlin/cli/common/GroupedKtSources
instanceKlass org/jetbrains/kotlin/com/intellij/openapi/util/io/FileUtil$2
instanceKlass org/jetbrains/kotlin/com/intellij/openapi/util/io/FileUtil$1
instanceKlass org/jetbrains/kotlin/com/intellij/openapi/util/io/FileUtilRt$SymlinkResolver
instanceKlass gnu/trove/TObjectHashingStrategy
instanceKlass gnu/trove/Equality
instanceKlass org/jetbrains/kotlin/KtVirtualFileSourceFile
instanceKlass kotlin/io/FileTreeWalk$WalkState
instanceKlass kotlin/collections/AbstractIterator
instanceKlass kotlin/io/FileTreeWalk
instanceKlass org/jetbrains/kotlin/com/intellij/openapi/util/io/NioFiles$1
instanceKlass org/jetbrains/kotlin/com/intellij/openapi/util/io/NioFiles
instanceKlass kotlin/io/FilePathComponents
instanceKlass kotlin/io/FilesKt__FilePathComponentsKt
instanceKlass  @bci org/jetbrains/kotlin/extensions/PreprocessedFileCreator <init> (Lorg/jetbrains/kotlin/com/intellij/openapi/project/Project;)V 17 <appendix> member <vmtarget> ; # org/jetbrains/kotlin/extensions/PreprocessedFileCreator$$Lambda+0x00000001002c7c78
instanceKlass org/jetbrains/kotlin/extensions/PreprocessedFileCreator
instanceKlass  @bci org/jetbrains/kotlin/cli/common/GroupedKtSourcesKt collectSources (Lorg/jetbrains/kotlin/config/CompilerConfiguration;Lorg/jetbrains/kotlin/com/intellij/openapi/project/Project;Lorg/jetbrains/kotlin/cli/common/messages/MessageCollector;)Lorg/jetbrains/kotlin/cli/common/GroupedKtSources; 106 <adapter> ; # java/lang/invoke/LambdaForm$MH+0x00000001002c8c00
# instanceKlass java/lang/invoke/LambdaForm$DMH+0x00000001002c8800
instanceKlass  @bci org/jetbrains/kotlin/cli/common/GroupedKtSourcesKt collectSources (Lorg/jetbrains/kotlin/config/CompilerConfiguration;Lorg/jetbrains/kotlin/com/intellij/openapi/project/Project;Lorg/jetbrains/kotlin/cli/common/messages/MessageCollector;)Lorg/jetbrains/kotlin/cli/common/GroupedKtSources; 106 <appendix> form vmentry <vmtarget> ; # java/lang/invoke/LambdaForm$DMH+0x00000001002c8400
instanceKlass  @bci org/jetbrains/kotlin/cli/common/GroupedKtSourcesKt collectSources (Lorg/jetbrains/kotlin/config/CompilerConfiguration;Lorg/jetbrains/kotlin/com/intellij/openapi/project/Project;Lorg/jetbrains/kotlin/cli/common/messages/MessageCollector;)Lorg/jetbrains/kotlin/cli/common/GroupedKtSources; 106 <appendix> member <vmtarget> ; # org/jetbrains/kotlin/cli/common/GroupedKtSourcesKt$$Lambda+0x00000001002c7618
instanceKlass  @cpi org/jetbrains/kotlin/cli/common/GroupedKtSourcesKt 106 form vmentry <vmtarget> ; # java/lang/invoke/LambdaForm$DMH+0x00000001002c8000
instanceKlass kotlin/jvm/internal/Ref$BooleanRef
instanceKlass  @bci org/jetbrains/kotlin/cli/common/GroupedKtSourcesKt <clinit> ()V 0 <appendix> argL0 ; # org/jetbrains/kotlin/cli/common/GroupedKtSourcesKt$$Lambda+0x00000001002c7158
instanceKlass org/jetbrains/kotlin/KtSourceFile
instanceKlass org/jetbrains/kotlin/cli/common/GroupedKtSourcesKt
instanceKlass org/jetbrains/kotlin/cli/jvm/compiler/CoreEnvironmentUtilsKt
instanceKlass org/jetbrains/kotlin/cli/jvm/compiler/FirKotlinToJvmBytecodeCompiler
instanceKlass org/jetbrains/kotlin/cli/jvm/index/SingleJavaFileRootsIndex
instanceKlass  @bci org/jetbrains/kotlin/cli/jvm/compiler/pipeline/JvmCompilerPipelineKt createProjectEnvironment (Lorg/jetbrains/kotlin/config/CompilerConfiguration;Lorg/jetbrains/kotlin/com/intellij/openapi/Disposable;Lorg/jetbrains/kotlin/cli/jvm/compiler/EnvironmentConfigFiles;Lorg/jetbrains/kotlin/cli/common/messages/MessageCollector;)Lorg/jetbrains/kotlin/cli/jvm/compiler/VfsBasedProjectEnvironment; 903 <appendix> member <vmtarget> ; # org/jetbrains/kotlin/cli/jvm/compiler/pipeline/JvmCompilerPipelineKt$$Lambda+0x00000001002c5af0
instanceKlass org/jetbrains/kotlin/load/kotlin/PackagePartProvider
instanceKlass org/jetbrains/kotlin/cli/jvm/compiler/VfsBasedProjectEnvironment
instanceKlass org/jetbrains/kotlin/fir/session/environment/AbstractProjectEnvironment
instanceKlass org/jetbrains/kotlin/cli/jvm/compiler/JavaLanguageLevelKt$EntriesMappings
instanceKlass org/jetbrains/kotlin/cli/jvm/compiler/JavaLanguageLevelKt
instanceKlass org/jetbrains/kotlin/cli/jvm/compiler/CliVirtualFileFinderFactory
instanceKlass org/jetbrains/kotlin/load/kotlin/VirtualFileFinderFactory
instanceKlass org/jetbrains/kotlin/load/kotlin/MetadataFinderFactory
instanceKlass  @bci org/jetbrains/kotlin/cli/jvm/modules/CliJavaModuleResolver <init> (Lorg/jetbrains/kotlin/cli/jvm/modules/JavaModuleGraph;Ljava/util/List;Ljava/util/List;Lorg/jetbrains/kotlin/com/intellij/openapi/project/Project;)V 217 <appendix> member <vmtarget> ; # org/jetbrains/kotlin/cli/jvm/modules/CliJavaModuleResolver$$Lambda+0x00000001002c4438
instanceKlass org/jetbrains/kotlin/load/kotlin/VirtualFileFinder
instanceKlass org/jetbrains/kotlin/load/kotlin/KotlinClassFinder
instanceKlass org/jetbrains/kotlin/serialization/deserialization/KotlinMetadataFinder
instanceKlass org/jetbrains/kotlin/cli/jvm/modules/CliJavaModuleResolver$Companion
instanceKlass org/jetbrains/kotlin/cli/jvm/modules/CliJavaModuleResolver
instanceKlass org/jetbrains/kotlin/resolve/jvm/modules/JavaModuleResolver
instanceKlass org/jetbrains/kotlin/load/java/JavaModuleAnnotationsProvider
instanceKlass  @bci org/jetbrains/kotlin/cli/jvm/index/JvmDependenciesDynamicCompoundIndex getIndexedRoots ()Lkotlin/sequences/Sequence; 10 <appendix> argL0 ; # org/jetbrains/kotlin/cli/jvm/index/JvmDependenciesDynamicCompoundIndex$$Lambda+0x00000001002c2b40
instanceKlass  @bci org/jetbrains/kotlin/cli/jvm/index/JvmDependenciesIndexImpl <init> (Ljava/util/List;)V 62 <appendix> member <vmtarget> ; # org/jetbrains/kotlin/cli/jvm/index/JvmDependenciesIndexImpl$$Lambda+0x00000001002c2908
instanceKlass  @bci org/jetbrains/kotlin/cli/jvm/index/JvmDependenciesIndexImpl <init> (Ljava/util/List;)V 49 <appendix> member <vmtarget> ; # org/jetbrains/kotlin/cli/jvm/index/JvmDependenciesIndexImpl$$Lambda+0x00000001002c1898
instanceKlass  @bci org/jetbrains/kotlin/cli/jvm/index/JvmDependenciesIndexImpl <init> (Ljava/util/List;)V 36 <appendix> member <vmtarget> ; # org/jetbrains/kotlin/cli/jvm/index/JvmDependenciesIndexImpl$$Lambda+0x00000001002c1660
instanceKlass org/jetbrains/kotlin/cli/jvm/index/JvmDependenciesIndexImpl$Cache
instanceKlass  @bci org/jetbrains/kotlin/cli/jvm/index/JvmDependenciesIndexImpl <init> (Ljava/util/List;)V 23 <appendix> member <vmtarget> ; # org/jetbrains/kotlin/cli/jvm/index/JvmDependenciesIndexImpl$$Lambda+0x00000001002c1208
instanceKlass org/jetbrains/kotlin/cli/jvm/index/JvmDependenciesIndexImpl
instanceKlass java/util/concurrent/locks/ReentrantReadWriteLock$WriteLock
instanceKlass java/util/concurrent/locks/ReentrantReadWriteLock$ReadLock
instanceKlass java/util/concurrent/locks/ReentrantReadWriteLock
instanceKlass java/util/concurrent/locks/ReadWriteLock
instanceKlass org/jetbrains/kotlin/cli/jvm/index/JvmDependenciesDynamicCompoundIndex
instanceKlass org/jetbrains/kotlin/cli/jvm/index/JvmDependenciesIndex
instanceKlass org/jetbrains/kotlin/cli/jvm/compiler/ClasspathRootsResolver$RootsAndModules
instanceKlass kotlin/sequences/FlatteningSequence$iterator$1
instanceKlass kotlin/sequences/FlatteningSequence
instanceKlass kotlin/collections/ArraysKt___ArraysKt$asSequence$$inlined$Sequence$1
instanceKlass kotlin/collections/CollectionsKt___CollectionsKt$asSequence$$inlined$Sequence$1
instanceKlass kotlin/sequences/EmptySequence
instanceKlass kotlin/sequences/DropTakeSequence
instanceKlass org/jetbrains/kotlin/cli/jvm/index/JavaRoot$RootTypes
instanceKlass org/jetbrains/kotlin/cli/jvm/index/JavaRoot
instanceKlass org/jetbrains/kotlin/cli/jvm/compiler/jarfs/ZipImplementationKt$WhenMappings
instanceKlass org/jetbrains/kotlin/cli/jvm/config/JavaSourceRoot
instanceKlass org/jetbrains/kotlin/com/intellij/util/text/CharArrayExternalizable
instanceKlass org/jetbrains/kotlin/com/intellij/util/text/ImmutableCharSequence
instanceKlass org/jetbrains/kotlin/com/intellij/util/text/CharArrayUtil
instanceKlass java/util/concurrent/ExecutorService
instanceKlass java/util/concurrent/BlockingQueue
instanceKlass org/jetbrains/kotlin/com/intellij/util/ConcurrencyUtil
instanceKlass java/io/RandomAccessFile$1
instanceKlass org/jetbrains/kotlin/cli/jvm/compiler/jarfs/ZipEntryDescription
instanceKlass org/jetbrains/kotlin/cli/jvm/compiler/jarfs/ByteArrayCharSequence
instanceKlass org/jetbrains/kotlin/cli/jvm/compiler/jarfs/ZipImplementationKt
# instanceKlass java/lang/invoke/LambdaForm$MH+0x00000001002bc000
# instanceKlass java/lang/invoke/LambdaForm$MH+0x00000001002bbc00
# instanceKlass java/lang/invoke/LambdaForm$DMH+0x00000001002bb800
# instanceKlass java/lang/invoke/LambdaForm$DMH+0x00000001002bb400
# instanceKlass java/lang/invoke/LambdaForm$DMH+0x00000001002bb000
instanceKlass java/lang/invoke/MethodHandleImpl$ArrayAccessor
instanceKlass java/lang/invoke/MethodHandleImpl$LoopClauses
instanceKlass java/lang/invoke/MethodHandleImpl$CasesHolder
# instanceKlass java/lang/invoke/LambdaForm$MH+0x00000001002bac00
# instanceKlass java/lang/invoke/LambdaForm$MH+0x00000001002ba800
# instanceKlass java/lang/invoke/LambdaForm$MH+0x00000001002ba400
# instanceKlass java/lang/invoke/LambdaForm$MH+0x00000001002ba000
# instanceKlass java/lang/invoke/LambdaForm$MH+0x00000001002b9c00
# instanceKlass java/lang/invoke/LambdaForm$MH+0x00000001002b9800
# instanceKlass java/lang/invoke/LambdaForm$BMH+0x00000001002b9400
# instanceKlass java/lang/invoke/LambdaForm$DMH+0x00000001002b9000
# instanceKlass java/lang/invoke/LambdaForm$MH+0x00000001002b8c00
# instanceKlass java/lang/invoke/LambdaForm$DMH+0x00000001002b8800
# instanceKlass java/lang/invoke/LambdaForm$DMH+0x00000001002b8400
instanceKlass java/lang/foreign/MemorySegment
instanceKlass sun/nio/ch/Util$4
instanceKlass sun/nio/ch/Util
instanceKlass sun/nio/ch/IOStatus
instanceKlass sun/nio/ch/FileChannelImpl$Unmapper
instanceKlass jdk/internal/access/foreign/UnmapperProxy
instanceKlass sun/nio/ch/NativeThread
instanceKlass java/nio/channels/spi/AbstractInterruptibleChannel$1
instanceKlass sun/nio/ch/Interruptible
instanceKlass  @bci jdk/internal/misc/ExtendedMapMode <clinit> ()V 0 <appendix> argL0 ; # jdk/internal/misc/ExtendedMapMode$$Lambda+0x00000001001cdc98
instanceKlass jdk/internal/misc/ExtendedMapMode
instanceKlass java/nio/channels/FileChannel$MapMode
instanceKlass sun/nio/ch/NativeThreadSet
instanceKlass sun/nio/ch/IOUtil
instanceKlass sun/nio/ch/NativeDispatcher
instanceKlass org/jetbrains/kotlin/com/intellij/openapi/util/Pair
instanceKlass org/jetbrains/kotlin/cli/jvm/modules/JavaModuleGraph
instanceKlass org/jetbrains/kotlin/cli/jvm/compiler/ClasspathRootsResolver$Companion
instanceKlass org/jetbrains/kotlin/cli/jvm/compiler/ClasspathRootsResolver
instanceKlass  @bci org/jetbrains/kotlin/cli/jvm/compiler/pipeline/JvmCompilerPipelineKt createProjectEnvironment (Lorg/jetbrains/kotlin/config/CompilerConfiguration;Lorg/jetbrains/kotlin/com/intellij/openapi/Disposable;Lorg/jetbrains/kotlin/cli/jvm/compiler/EnvironmentConfigFiles;Lorg/jetbrains/kotlin/cli/common/messages/MessageCollector;)Lorg/jetbrains/kotlin/cli/jvm/compiler/VfsBasedProjectEnvironment; 261 <appendix> member <vmtarget> ; # org/jetbrains/kotlin/cli/jvm/compiler/pipeline/JvmCompilerPipelineKt$$Lambda+0x00000001002b6c98
instanceKlass  @bci org/jetbrains/kotlin/cli/jvm/modules/CliJavaModuleFinder <init> (Ljava/io/File;Lorg/jetbrains/kotlin/cli/common/messages/MessageCollector;Lorg/jetbrains/kotlin/resolve/jvm/KotlinCliJavaFileManager;Lorg/jetbrains/kotlin/com/intellij/openapi/project/Project;Ljava/lang/Integer;)V 241 <appendix> member <vmtarget> ; # org/jetbrains/kotlin/cli/jvm/modules/CliJavaModuleFinder$$Lambda+0x00000001002b6a60
instanceKlass  @bci org/jetbrains/kotlin/cli/jvm/modules/CliJavaModuleFinder <init> (Ljava/io/File;Lorg/jetbrains/kotlin/cli/common/messages/MessageCollector;Lorg/jetbrains/kotlin/resolve/jvm/KotlinCliJavaFileManager;Lorg/jetbrains/kotlin/com/intellij/openapi/project/Project;Ljava/lang/Integer;)V 228 <appendix> member <vmtarget> ; # org/jetbrains/kotlin/cli/jvm/modules/CliJavaModuleFinder$$Lambda+0x00000001002b6828
instanceKlass org/jetbrains/kotlin/resolve/jvm/modules/JavaModule$Root
instanceKlass  @bci org/jetbrains/kotlin/cli/jvm/modules/CliJavaModuleFinder <init> (Ljava/io/File;Lorg/jetbrains/kotlin/cli/common/messages/MessageCollector;Lorg/jetbrains/kotlin/resolve/jvm/KotlinCliJavaFileManager;Lorg/jetbrains/kotlin/com/intellij/openapi/project/Project;Ljava/lang/Integer;)V 201 <appendix> member <vmtarget> ; # org/jetbrains/kotlin/cli/jvm/modules/CliJavaModuleFinder$$Lambda+0x00000001002b63d0
instanceKlass  @bci org/jetbrains/kotlin/cli/jvm/modules/CliJavaModuleFinder <init> (Ljava/io/File;Lorg/jetbrains/kotlin/cli/common/messages/MessageCollector;Lorg/jetbrains/kotlin/resolve/jvm/KotlinCliJavaFileManager;Lorg/jetbrains/kotlin/com/intellij/openapi/project/Project;Ljava/lang/Integer;)V 188 <appendix> member <vmtarget> ; # org/jetbrains/kotlin/cli/jvm/modules/CliJavaModuleFinder$$Lambda+0x00000001002b6198
instanceKlass  @bci org/jetbrains/kotlin/cli/jvm/modules/CliJavaModuleFinder <init> (Ljava/io/File;Lorg/jetbrains/kotlin/cli/common/messages/MessageCollector;Lorg/jetbrains/kotlin/resolve/jvm/KotlinCliJavaFileManager;Lorg/jetbrains/kotlin/com/intellij/openapi/project/Project;Ljava/lang/Integer;)V 175 <appendix> member <vmtarget> ; # org/jetbrains/kotlin/cli/jvm/modules/CliJavaModuleFinder$$Lambda+0x00000001002b5f60
instanceKlass  @bci org/jetbrains/kotlin/cli/jvm/modules/CliJavaModuleFinder <init> (Ljava/io/File;Lorg/jetbrains/kotlin/cli/common/messages/MessageCollector;Lorg/jetbrains/kotlin/resolve/jvm/KotlinCliJavaFileManager;Lorg/jetbrains/kotlin/com/intellij/openapi/project/Project;Ljava/lang/Integer;)V 162 <appendix> member <vmtarget> ; # org/jetbrains/kotlin/cli/jvm/modules/CliJavaModuleFinder$$Lambda+0x00000001002b5d28
instanceKlass org/jetbrains/kotlin/cli/jvm/modules/CliJavaModuleFinder
instanceKlass org/jetbrains/kotlin/resolve/jvm/modules/JavaModuleFinder
instanceKlass  @bci org/jetbrains/kotlin/com/intellij/openapi/util/KeyedExtensionCollector buildExtensions (Ljava/lang/String;Ljava/lang/Object;)Lorg/jetbrains/kotlin/kotlinx/collections/immutable/PersistentList; 48 <appendix> member <vmtarget> ; # org/jetbrains/kotlin/com/intellij/openapi/util/KeyedExtensionCollector$$Lambda+0x00000001002b5678
instanceKlass org/jetbrains/kotlin/com/intellij/openapi/util/KeyedExtensionCollector$MyExtensionPointListener
instanceKlass org/jetbrains/kotlin/resolve/jvm/KotlinJavaPsiFacade$2
instanceKlass org/jetbrains/kotlin/resolve/jvm/KotlinJavaPsiFacade$1
instanceKlass  @bci org/jetbrains/kotlin/resolve/jvm/KotlinJavaPsiFacade <init> (Lorg/jetbrains/kotlin/com/intellij/openapi/project/Project;)V 47 <appendix> member <vmtarget> ; # org/jetbrains/kotlin/resolve/jvm/KotlinJavaPsiFacade$$Lambda+0x00000001002b4120
instanceKlass  @cpi org/jetbrains/kotlin/resolve/jvm/KotlinJavaPsiFacade 121 form vmentry <vmtarget> ; # java/lang/invoke/LambdaForm$DMH+0x00000001002b8000
instanceKlass org/jetbrains/kotlin/com/intellij/psi/PsiModifierList
instanceKlass org/jetbrains/kotlin/resolve/jvm/NotFoundPackagesCachingStrategy$Default
instanceKlass  @bci org/jetbrains/kotlin/com/intellij/psi/PsiElement <clinit> ()V 7 <appendix> argL0 ; # org/jetbrains/kotlin/com/intellij/psi/PsiElement$$Lambda+0x00000001002af268
instanceKlass  @bci org/jetbrains/kotlin/com/intellij/psi/impl/ElementBase <clinit> ()V 16 <appendix> argL0 ; # org/jetbrains/kotlin/com/intellij/psi/impl/ElementBase$$Lambda+0x00000001002aedf0
instanceKlass  @bci org/jetbrains/kotlin/com/intellij/psi/impl/ElementBase <clinit> ()V 8 <appendix> argL0 ; # org/jetbrains/kotlin/com/intellij/psi/impl/ElementBase$$Lambda+0x00000001002aebc0
instanceKlass org/jetbrains/kotlin/com/intellij/psi/impl/ElementBase$ElementIconRequest
instanceKlass org/jetbrains/kotlin/load/java/structure/JavaClass
instanceKlass org/jetbrains/kotlin/load/java/structure/JavaTypeParameterListOwner
instanceKlass org/jetbrains/kotlin/load/java/structure/JavaModifierListOwner
instanceKlass org/jetbrains/kotlin/load/java/structure/JavaClassifier
instanceKlass org/jetbrains/kotlin/load/java/structure/JavaNamedElement
instanceKlass org/jetbrains/kotlin/load/java/structure/JavaAnnotationOwner
instanceKlass org/jetbrains/kotlin/load/java/structure/JavaElement
instanceKlass org/jetbrains/kotlin/resolve/jvm/KotlinJavaPsiFacade$KotlinPsiElementFinderWrapperImpl
instanceKlass org/jetbrains/kotlin/resolve/jvm/KotlinJavaPsiFacade$KotlinPsiElementFinderWrapper
instanceKlass org/jetbrains/kotlin/resolve/jvm/NotFoundPackagesCachingStrategy
instanceKlass org/jetbrains/kotlin/resolve/jvm/KotlinJavaPsiFacade
instanceKlass org/jetbrains/kotlin/load/java/structure/impl/source/JavaElementSourceFactory
instanceKlass org/jetbrains/kotlin/cli/common/CliModuleVisibilityManagerImpl
instanceKlass org/jetbrains/kotlin/load/kotlin/ModuleVisibilityManager
instanceKlass org/jetbrains/kotlin/compiler/plugin/CompilerPluginRegistrarKt
instanceKlass  @bci org/jetbrains/kotlin/cli/jvm/compiler/KotlinCoreEnvironment$Companion registerExtensionsFromPlugins$cli_base (Lorg/jetbrains/kotlin/com/intellij/mock/MockProject;Lorg/jetbrains/kotlin/config/CompilerConfiguration;)V 292 <appendix> argL0 ; # org/jetbrains/kotlin/cli/jvm/compiler/KotlinCoreEnvironment$Companion$$Lambda+0x00000001002aac38
instanceKlass org/jetbrains/kotlin/compiler/plugin/CompilerPluginRegistrar$ExtensionStorage
instanceKlass java/util/Collections$UnmodifiableCollection$1
instanceKlass org/jetbrains/kotlin/resolve/diagnostics/DiagnosticSuppressor
instanceKlass org/jetbrains/kotlin/fir/extensions/FirAnalysisHandlerExtension
instanceKlass org/jetbrains/kotlin/resolve/extensions/AssignResolutionAltererExtension
instanceKlass org/jetbrains/kotlin/extensions/AnnotationBasedExtension
instanceKlass org/jetbrains/kotlin/types/DefaultTypeAttributeTranslator
instanceKlass org/jetbrains/kotlin/types/extensions/TypeAttributeTranslators
instanceKlass org/jetbrains/kotlin/extensions/TypeAttributeTranslatorExtension
instanceKlass org/jetbrains/kotlin/types/TypeAttributeTranslator
instanceKlass org/jetbrains/kotlin/fir/extensions/FirExtensionRegistrarAdapter
instanceKlass org/jetbrains/kotlin/serialization/DescriptorSerializerPlugin
instanceKlass org/jetbrains/kotlin/extensions/internal/CallResolutionInterceptorExtension
instanceKlass org/jetbrains/kotlin/extensions/internal/CandidateInterceptor
instanceKlass org/jetbrains/kotlin/extensions/internal/TypeResolutionInterceptorExtension
instanceKlass org/jetbrains/kotlin/extensions/internal/TypeResolutionInterceptor
instanceKlass org/jetbrains/kotlin/cli/common/extensions/ShellExtension
instanceKlass org/jetbrains/kotlin/cli/common/extensions/ScriptEvaluationExtension
instanceKlass org/jetbrains/kotlin/backend/common/extensions/IrGenerationExtension
instanceKlass org/jetbrains/kotlin/ir/linkage/IrDeserializer$IrLinkerExtension
instanceKlass org/jetbrains/kotlin/resolve/extensions/ExtraImportsProviderExtension
instanceKlass org/jetbrains/kotlin/extensions/ProcessSourcesBeforeCompilingExtension
instanceKlass org/jetbrains/kotlin/extensions/CollectAdditionalSourcesExtension
instanceKlass org/jetbrains/kotlin/extensions/CompilerConfigurationExtension
instanceKlass org/jetbrains/kotlin/js/translate/extensions/JsSyntheticTranslateExtension
instanceKlass org/jetbrains/kotlin/extensions/PreprocessedVirtualFileFactoryExtension
instanceKlass org/jetbrains/kotlin/extensions/DeclarationAttributeAltererExtension
instanceKlass org/jetbrains/kotlin/extensions/StorageComponentContainerContributor
instanceKlass org/jetbrains/kotlin/resolve/jvm/extensions/PackageFragmentProviderExtension
instanceKlass org/jetbrains/kotlin/resolve/jvm/extensions/AnalysisHandlerExtension
instanceKlass org/jetbrains/kotlin/resolve/extensions/AnalysisHandlerExtension
instanceKlass org/jetbrains/kotlin/codegen/extensions/ClassFileFactoryFinalizerExtension
instanceKlass org/jetbrains/kotlin/backend/jvm/extensions/ClassGeneratorExtension
instanceKlass org/jetbrains/kotlin/codegen/extensions/ClassBuilderInterceptorExtension
instanceKlass org/jetbrains/kotlin/resolve/jvm/extensions/SyntheticJavaResolveExtension
instanceKlass org/jetbrains/kotlin/resolve/extensions/SyntheticResolveExtension
instanceKlass org/jetbrains/kotlin/extensions/ProjectExtensionDescriptor
instanceKlass org/jetbrains/kotlin/codegen/extensions/ExpressionCodegenExtension
instanceKlass  @bci jdk/internal/reflect/MethodHandleIntegerFieldAccessorImpl setInt (Ljava/lang/Object;I)V 29 <adapter> ; # java/lang/invoke/LambdaForm$MH+0x00000001002a4400
instanceKlass java/util/Random
instanceKlass java/util/random/RandomGenerator
instanceKlass java/nio/file/FileVisitor
instanceKlass java/nio/file/DirectoryStream$Filter
instanceKlass org/jetbrains/kotlin/com/intellij/openapi/util/io/FileUtilRt
instanceKlass org/jetbrains/kotlin/com/intellij/openapi/vfs/PersistentFSConstants
instanceKlass  @bci org/jetbrains/kotlin/cli/jvm/compiler/KotlinCoreApplicationEnvironment getFastJarFileSystem ()Lorg/jetbrains/kotlin/cli/jvm/compiler/jarfs/FastJarFileSystem; 45 <appendix> member <vmtarget> ; # org/jetbrains/kotlin/cli/jvm/compiler/KotlinCoreApplicationEnvironment$$Lambda+0x00000001002a1258
instanceKlass  @bci org/jetbrains/kotlin/com/intellij/util/containers/SLRUMap <init> (IILorg/jetbrains/kotlin/com/intellij/util/containers/hash/EqualityPolicy;)V 55 <appendix> member <vmtarget> ; # org/jetbrains/kotlin/com/intellij/util/containers/SLRUMap$$Lambda+0x00000001002a1020
instanceKlass org/jetbrains/kotlin/com/intellij/util/containers/LinkedCustomHashMap$Entry
instanceKlass  @bci org/jetbrains/kotlin/com/intellij/util/containers/SLRUMap <init> (IILorg/jetbrains/kotlin/com/intellij/util/containers/hash/EqualityPolicy;)V 37 <appendix> member <vmtarget> ; # org/jetbrains/kotlin/com/intellij/util/containers/SLRUMap$$Lambda+0x00000001002a0b90
instanceKlass  @cpi org/jetbrains/kotlin/com/intellij/util/containers/SLRUMap 67 form vmentry <vmtarget> ; # java/lang/invoke/LambdaForm$DMH+0x00000001002a4000
instanceKlass org/jetbrains/kotlin/com/intellij/util/containers/LinkedCustomHashMap$RemoveCallback
instanceKlass org/jetbrains/kotlin/com/intellij/util/containers/LinkedCustomHashMap
instanceKlass org/jetbrains/kotlin/com/intellij/util/containers/SLRUMap
instanceKlass org/jetbrains/kotlin/com/intellij/util/io/FileAccessorCache
instanceKlass org/jetbrains/kotlin/com/intellij/util/containers/hash/EqualityPolicy
instanceKlass  @bci org/jetbrains/kotlin/cli/jvm/compiler/jarfs/FastJarFileSystem <init> (Lkotlin/jvm/functions/Function1;)V 16 <appendix> member <vmtarget> ; # org/jetbrains/kotlin/cli/jvm/compiler/jarfs/FastJarFileSystem$$Lambda+0x000000010029f6f0
instanceKlass  @bci org/jetbrains/kotlin/cli/jvm/compiler/jarfs/FastJarFileSystem <init> (Lkotlin/jvm/functions/Function1;)V 11 <appendix> member <vmtarget> ; # org/jetbrains/kotlin/cli/jvm/compiler/jarfs/FastJarFileSystem$$Lambda+0x000000010029f4b8
instanceKlass  @bci org/jetbrains/kotlin/fir/analysis/checkers/FirConflictsHelpersKt collectClassMembers (Lorg/jetbrains/kotlin/fir/analysis/checkers/FirDeclarationCollector;Lorg/jetbrains/kotlin/fir/symbols/impl/FirRegularClassSymbol;)V 69 <bsm> form vmentry <vmtarget> ; # java/lang/invoke/LambdaForm$DMH+0x0000000100294400
instanceKlass org/jetbrains/kotlin/cli/jvm/compiler/jarfs/FastJarHandler
instanceKlass  @bci org/jetbrains/kotlin/cli/jvm/compiler/jarfs/FastJarFileSystemKt prepareCleanerCallback ()Lkotlin/jvm/functions/Function1; 119 <appendix> member <vmtarget> ; # org/jetbrains/kotlin/cli/jvm/compiler/jarfs/FastJarFileSystemKt$$Lambda+0x000000010029f060
instanceKlass org/jetbrains/kotlin/cli/jvm/compiler/jarfs/FastJarFileSystemKt
instanceKlass org/jetbrains/kotlin/cli/jvm/compiler/jarfs/FastJarFileSystem$Companion
instanceKlass  @bci org/jetbrains/kotlin/com/intellij/lang/jvm/facade/JvmFacadeImpl <init> (Lorg/jetbrains/kotlin/com/intellij/openapi/project/Project;)V 53 <appendix> member <vmtarget> ; # org/jetbrains/kotlin/com/intellij/lang/jvm/facade/JvmFacadeImpl$$Lambda+0x000000010029e6f0
instanceKlass org/jetbrains/kotlin/com/intellij/psi/impl/source/DummyHolderFactory$DefaultFactory
instanceKlass org/jetbrains/kotlin/com/intellij/psi/impl/source/DummyHolderFactory
instanceKlass org/jetbrains/kotlin/com/intellij/psi/PsiImportHolder
instanceKlass org/jetbrains/kotlin/com/intellij/psi/impl/source/PsiFileWithStubSupport
instanceKlass org/jetbrains/kotlin/com/intellij/psi/impl/PsiFileEx
instanceKlass org/jetbrains/kotlin/com/intellij/openapi/ui/Queryable
instanceKlass org/jetbrains/kotlin/com/intellij/psi/impl/source/JavaDummyHolderFactory
instanceKlass  @bci org/jetbrains/kotlin/com/intellij/psi/impl/JavaPsiFacadeImpl <init> (Lorg/jetbrains/kotlin/com/intellij/openapi/project/Project;)V 92 <appendix> member <vmtarget> ; # org/jetbrains/kotlin/com/intellij/psi/impl/JavaPsiFacadeImpl$$Lambda+0x0000000100298f78
instanceKlass  @bci org/jetbrains/kotlin/com/intellij/psi/impl/JavaPsiFacadeImpl <init> (Lorg/jetbrains/kotlin/com/intellij/openapi/project/Project;)V 55 <appendix> member <vmtarget> ; # org/jetbrains/kotlin/com/intellij/psi/impl/JavaPsiFacadeImpl$$Lambda+0x0000000100298d40
instanceKlass org/jetbrains/kotlin/com/intellij/lang/jvm/facade/JvmFacadeImpl
instanceKlass org/jetbrains/kotlin/com/intellij/lang/jvm/facade/JvmFacade
instanceKlass org/jetbrains/kotlin/com/intellij/util/containers/ConcurrentRefValueHashMap$ValueReference
instanceKlass org/jetbrains/kotlin/com/intellij/util/containers/ConcurrentRefValueHashMap
instanceKlass org/jetbrains/kotlin/com/intellij/psi/impl/source/HolderFactory
instanceKlass org/jetbrains/kotlin/com/intellij/psi/PsiConstantEvaluationHelper
instanceKlass org/jetbrains/kotlin/com/intellij/psi/JavaPsiFacade
instanceKlass org/jetbrains/kotlin/cli/jvm/compiler/MockInferredAnnotationsManager$Companion
instanceKlass org/jetbrains/kotlin/com/intellij/codeInsight/InferredAnnotationsManager
instanceKlass org/jetbrains/kotlin/com/intellij/codeInsight/ExternalAnnotationsListener
instanceKlass org/jetbrains/kotlin/com/intellij/codeInsight/ExternalAnnotationsManager
instanceKlass org/jetbrains/kotlin/com/intellij/util/Processor
instanceKlass org/jetbrains/kotlin/asJava/finder/JavaElementFinder$Companion
instanceKlass org/jetbrains/kotlin/resolve/jvm/KotlinFinderMarker
instanceKlass org/jetbrains/kotlin/asJava/KotlinAsJavaSupport$Companion
instanceKlass org/jetbrains/kotlin/asJava/KotlinAsJavaSupport
instanceKlass  @bci org/jetbrains/kotlin/asJava/classes/ImplUtilsKt <clinit> ()V 0 <appendix> argL0 ; # org/jetbrains/kotlin/asJava/classes/ImplUtilsKt$$Lambda+0x00000001002932c8
instanceKlass org/jetbrains/kotlin/asJava/classes/ImplUtilsKt
instanceKlass  @bci org/jetbrains/kotlin/cli/jvm/compiler/CliLightClassGenerationSupport <init> (Lorg/jetbrains/kotlin/cli/jvm/compiler/CliTraceHolder;Lorg/jetbrains/kotlin/com/intellij/openapi/project/Project;)V 28 <appendix> member <vmtarget> ; # org/jetbrains/kotlin/cli/jvm/compiler/CliLightClassGenerationSupport$$Lambda+0x0000000100292e78
instanceKlass org/jetbrains/kotlin/cli/jvm/compiler/CliLightClassGenerationSupport$CliLightClassSupport
instanceKlass org/jetbrains/kotlin/asJava/classes/KtUltraLightSupport
instanceKlass org/jetbrains/kotlin/asJava/LightClassGenerationSupport$Companion
instanceKlass org/jetbrains/kotlin/asJava/LightClassGenerationSupport
instanceKlass org/jetbrains/kotlin/resolve/jvm/JvmCodeAnalyzerInitializer
instanceKlass org/jetbrains/kotlin/resolve/CodeAnalyzerInitializer
instanceKlass org/jetbrains/kotlin/com/intellij/psi/impl/JvmPsiConversionHelperImpl
instanceKlass org/jetbrains/kotlin/com/intellij/psi/JvmPsiConversionHelper
instanceKlass  @bci java/util/stream/Collectors castingIdentity ()Ljava/util/function/Function; 0 <appendix> argL0 ; # java/util/stream/Collectors$$Lambda+0x00000001001ca080
instanceKlass java/util/stream/Collectors
instanceKlass java/util/stream/Collector
instanceKlass  @bci org/jetbrains/kotlin/it/unimi/dsi/fastutil/objects/ObjectOpenHashSet <clinit> ()V 10 <appendix> argL0 ; # org/jetbrains/kotlin/it/unimi/dsi/fastutil/objects/ObjectOpenHashSet$$Lambda+0x00000001002915e8
instanceKlass java/util/function/BinaryOperator
instanceKlass  @bci org/jetbrains/kotlin/it/unimi/dsi/fastutil/objects/ObjectOpenHashSet <clinit> ()V 5 <appendix> argL0 ; # org/jetbrains/kotlin/it/unimi/dsi/fastutil/objects/ObjectOpenHashSet$$Lambda+0x00000001002913a8
instanceKlass  @cpi org/jetbrains/kotlin/it/unimi/dsi/fastutil/objects/ObjectArrayList 445 form vmentry <vmtarget> ; # java/lang/invoke/LambdaForm$DMH+0x0000000100294000
instanceKlass java/util/function/BiConsumer
instanceKlass  @bci org/jetbrains/kotlin/it/unimi/dsi/fastutil/objects/ObjectOpenHashSet <clinit> ()V 0 <appendix> argL0 ; # org/jetbrains/kotlin/it/unimi/dsi/fastutil/objects/ObjectOpenHashSet$$Lambda+0x0000000100291178
instanceKlass org/jetbrains/kotlin/it/unimi/dsi/fastutil/objects/ObjectSpliterator
instanceKlass org/jetbrains/kotlin/it/unimi/dsi/fastutil/objects/ObjectIterator
instanceKlass org/jetbrains/kotlin/com/intellij/util/containers/Interner
instanceKlass org/jetbrains/kotlin/utils/PlatformUtilsKt
instanceKlass org/jetbrains/kotlin/load/java/structure/impl/classFiles/BinaryClassSignatureParser
instanceKlass org/jetbrains/kotlin/com/intellij/openapi/util/RecursionManager$2
instanceKlass org/jetbrains/kotlin/com/intellij/util/containers/SoftKeySoftValueHashMap
instanceKlass  @bci org/jetbrains/kotlin/com/intellij/psi/search/ProjectScope <clinit> ()V 54 <appendix> argL0 ; # org/jetbrains/kotlin/com/intellij/psi/search/ProjectScope$$Lambda+0x000000010028deb8
instanceKlass  @bci org/jetbrains/kotlin/com/intellij/psi/search/ProjectScope <clinit> ()V 41 <appendix> argL0 ; # org/jetbrains/kotlin/com/intellij/psi/search/ProjectScope$$Lambda+0x000000010028dc68
instanceKlass  @bci org/jetbrains/kotlin/com/intellij/psi/search/ProjectScope <clinit> ()V 28 <appendix> argL0 ; # org/jetbrains/kotlin/com/intellij/psi/search/ProjectScope$$Lambda+0x000000010028da18
instanceKlass  @bci org/jetbrains/kotlin/com/intellij/psi/search/ProjectScope <clinit> ()V 15 <appendix> argL0 ; # org/jetbrains/kotlin/com/intellij/psi/search/ProjectScope$$Lambda+0x000000010028d7c8
instanceKlass  @bci org/jetbrains/kotlin/com/intellij/psi/search/ProjectScope <clinit> ()V 2 <appendix> argL0 ; # org/jetbrains/kotlin/com/intellij/psi/search/ProjectScope$$Lambda+0x000000010028d330
instanceKlass org/jetbrains/kotlin/com/intellij/psi/search/ProjectScope
instanceKlass org/jetbrains/kotlin/cli/jvm/compiler/KotlinCliJavaFileManagerImpl$Companion
instanceKlass org/jetbrains/kotlin/com/intellij/core/CoreJavaFileManager
instanceKlass org/jetbrains/kotlin/resolve/jvm/KotlinCliJavaFileManager
instanceKlass org/jetbrains/kotlin/com/intellij/psi/controlFlow/ControlFlowFactory$1
instanceKlass  @bci org/jetbrains/kotlin/com/intellij/util/containers/ConcurrentWeakKeySoftValueHashMap <clinit> ()V 0 <appendix> argL0 ; # org/jetbrains/kotlin/com/intellij/util/containers/ConcurrentWeakKeySoftValueHashMap$$Lambda+0x000000010028c100
instanceKlass org/jetbrains/kotlin/com/intellij/util/containers/ConcurrentWeakKeySoftValueHashMap$HardKey
instanceKlass org/jetbrains/kotlin/com/intellij/util/containers/ConcurrentWeakKeySoftValueHashMap$KeyReference
instanceKlass org/jetbrains/kotlin/com/intellij/util/containers/ConcurrentWeakKeySoftValueHashMap
instanceKlass org/jetbrains/kotlin/com/intellij/psi/controlFlow/ControlFlow
instanceKlass org/jetbrains/kotlin/com/intellij/psi/controlFlow/ControlFlowFactory
instanceKlass org/jetbrains/kotlin/com/intellij/psi/codeStyle/SuggestedNameInfo
instanceKlass org/jetbrains/kotlin/com/intellij/psi/codeStyle/JavaCodeStyleManager
instanceKlass org/jetbrains/kotlin/com/intellij/core/CoreJavaFileCodeStyleFacade
instanceKlass org/jetbrains/kotlin/com/intellij/psi/codeStyle/JavaFileCodeStyleFacade
instanceKlass org/jetbrains/kotlin/com/intellij/psi/codeStyle/CodeStyleSettingsFacade
instanceKlass org/jetbrains/kotlin/com/intellij/psi/codeStyle/JavaCodeStyleSettingsFacade
instanceKlass org/jetbrains/kotlin/com/intellij/psi/impl/source/resolve/JavaResolveCache$1
instanceKlass org/jetbrains/kotlin/com/intellij/psi/impl/source/resolve/JavaResolveCache
instanceKlass org/jetbrains/kotlin/com/intellij/util/lang/JavaVersion
instanceKlass  @bci org/jetbrains/kotlin/com/intellij/AbstractBundle getLazyMessage (Ljava/lang/String;[Ljava/lang/Object;)Ljava/util/function/Supplier; 34 <appendix> member <vmtarget> ; # org/jetbrains/kotlin/com/intellij/AbstractBundle$$Lambda+0x0000000100280400
instanceKlass sun/util/locale/LanguageTag
instanceKlass java/util/ResourceBundle$Control
instanceKlass org/jetbrains/kotlin/com/intellij/AbstractBundle
instanceKlass org/jetbrains/kotlin/com/intellij/core/JavaPsiBundle
instanceKlass org/jetbrains/kotlin/com/intellij/openapi/roots/LanguageLevelProjectExtension$LanguageLevelChangeListener
instanceKlass org/jetbrains/kotlin/com/intellij/openapi/roots/LanguageLevelProjectExtension
instanceKlass  @bci org/jetbrains/kotlin/com/intellij/openapi/util/RecursionManager <clinit> ()V 8 <appendix> argL0 ; # org/jetbrains/kotlin/com/intellij/openapi/util/RecursionManager$$Lambda+0x0000000100281000
instanceKlass org/jetbrains/kotlin/com/intellij/openapi/util/RecursionManager$CalculationStack
instanceKlass org/jetbrains/kotlin/com/intellij/openapi/util/RecursionGuard
instanceKlass org/jetbrains/kotlin/com/intellij/openapi/util/RecursionGuard$StackStamp
instanceKlass org/jetbrains/kotlin/com/intellij/openapi/util/RecursionManager
instanceKlass org/jetbrains/kotlin/com/intellij/psi/PsiInferenceHelper
instanceKlass org/jetbrains/kotlin/com/intellij/psi/scope/processor/FilterScopeProcessor
instanceKlass org/jetbrains/kotlin/com/intellij/psi/scope/PsiScopeProcessor
instanceKlass org/jetbrains/kotlin/com/intellij/psi/scope/NameHint
instanceKlass org/jetbrains/kotlin/com/intellij/psi/scope/ElementClassHint
instanceKlass org/jetbrains/kotlin/com/intellij/psi/impl/source/resolve/PsiResolveHelperImpl
instanceKlass org/jetbrains/kotlin/com/intellij/psi/PsiResolveHelper
instanceKlass org/jetbrains/kotlin/com/intellij/psi/impl/JavaPsiImplementationHelper
instanceKlass org/jetbrains/kotlin/com/intellij/psi/impl/PsiElementFactoryImpl$1
instanceKlass  @bci org/jetbrains/kotlin/com/intellij/psi/impl/PsiElementFactoryImpl <clinit> ()V 25 <appendix> argL0 ; # org/jetbrains/kotlin/com/intellij/psi/impl/PsiElementFactoryImpl$$Lambda+0x0000000100286368
instanceKlass  @bci org/jetbrains/kotlin/com/intellij/psi/PsiType <clinit> ()V 135 <appendix> argL0 ; # org/jetbrains/kotlin/com/intellij/psi/PsiType$$Lambda+0x0000000100286138
instanceKlass org/jetbrains/kotlin/com/intellij/psi/TypeAnnotationProvider$1
instanceKlass org/jetbrains/kotlin/com/intellij/psi/TypeAnnotationProvider$Static
instanceKlass org/jetbrains/kotlin/com/intellij/psi/TypeAnnotationProvider
instanceKlass  @bci org/jetbrains/kotlin/com/intellij/psi/PsiAnnotation <clinit> ()V 7 <appendix> argL0 ; # org/jetbrains/kotlin/com/intellij/psi/PsiAnnotation$$Lambda+0x0000000100285270
instanceKlass org/jetbrains/kotlin/com/intellij/psi/PsiAnnotation
instanceKlass org/jetbrains/kotlin/com/intellij/lang/jvm/types/JvmPrimitiveTypeKind
instanceKlass org/jetbrains/kotlin/com/intellij/lang/jvm/JvmAnnotation
instanceKlass org/jetbrains/kotlin/com/intellij/psi/PsiTypes
instanceKlass  @bci org/jetbrains/kotlin/com/intellij/psi/impl/PsiJavaParserFacadeImpl <clinit> ()V 132 <appendix> argL0 ; # org/jetbrains/kotlin/com/intellij/psi/impl/PsiJavaParserFacadeImpl$$Lambda+0x000000010027fa20
instanceKlass  @bci org/jetbrains/kotlin/com/intellij/psi/impl/PsiJavaParserFacadeImpl <clinit> ()V 124 <appendix> argL0 ; # org/jetbrains/kotlin/com/intellij/psi/impl/PsiJavaParserFacadeImpl$$Lambda+0x000000010027f7e0
instanceKlass  @bci org/jetbrains/kotlin/com/intellij/psi/impl/PsiJavaParserFacadeImpl <clinit> ()V 116 <appendix> argL0 ; # org/jetbrains/kotlin/com/intellij/psi/impl/PsiJavaParserFacadeImpl$$Lambda+0x000000010027f5a0
instanceKlass  @bci org/jetbrains/kotlin/com/intellij/psi/impl/PsiJavaParserFacadeImpl <clinit> ()V 108 <appendix> argL0 ; # org/jetbrains/kotlin/com/intellij/psi/impl/PsiJavaParserFacadeImpl$$Lambda+0x000000010027f360
instanceKlass  @bci org/jetbrains/kotlin/com/intellij/psi/impl/PsiJavaParserFacadeImpl <clinit> ()V 100 <appendix> argL0 ; # org/jetbrains/kotlin/com/intellij/psi/impl/PsiJavaParserFacadeImpl$$Lambda+0x000000010027f120
instanceKlass  @bci org/jetbrains/kotlin/com/intellij/psi/impl/PsiJavaParserFacadeImpl <clinit> ()V 92 <appendix> argL0 ; # org/jetbrains/kotlin/com/intellij/psi/impl/PsiJavaParserFacadeImpl$$Lambda+0x000000010027eee0
instanceKlass  @bci org/jetbrains/kotlin/com/intellij/psi/impl/PsiJavaParserFacadeImpl <clinit> ()V 84 <appendix> argL0 ; # org/jetbrains/kotlin/com/intellij/psi/impl/PsiJavaParserFacadeImpl$$Lambda+0x000000010027eca0
instanceKlass  @bci org/jetbrains/kotlin/com/intellij/psi/impl/PsiJavaParserFacadeImpl <clinit> ()V 76 <appendix> argL0 ; # org/jetbrains/kotlin/com/intellij/psi/impl/PsiJavaParserFacadeImpl$$Lambda+0x000000010027ea60
instanceKlass  @bci org/jetbrains/kotlin/com/intellij/psi/impl/PsiJavaParserFacadeImpl <clinit> ()V 68 <appendix> argL0 ; # org/jetbrains/kotlin/com/intellij/psi/impl/PsiJavaParserFacadeImpl$$Lambda+0x000000010027e820
instanceKlass  @bci org/jetbrains/kotlin/com/intellij/psi/impl/PsiJavaParserFacadeImpl <clinit> ()V 60 <appendix> argL0 ; # org/jetbrains/kotlin/com/intellij/psi/impl/PsiJavaParserFacadeImpl$$Lambda+0x000000010027e5e0
instanceKlass  @bci org/jetbrains/kotlin/com/intellij/psi/impl/PsiJavaParserFacadeImpl <clinit> ()V 52 <appendix> argL0 ; # org/jetbrains/kotlin/com/intellij/psi/impl/PsiJavaParserFacadeImpl$$Lambda+0x000000010027e3a0
instanceKlass  @bci org/jetbrains/kotlin/com/intellij/psi/impl/PsiJavaParserFacadeImpl <clinit> ()V 44 <appendix> argL0 ; # org/jetbrains/kotlin/com/intellij/psi/impl/PsiJavaParserFacadeImpl$$Lambda+0x000000010027e160
instanceKlass  @bci org/jetbrains/kotlin/com/intellij/psi/impl/PsiJavaParserFacadeImpl <clinit> ()V 36 <appendix> argL0 ; # org/jetbrains/kotlin/com/intellij/psi/impl/PsiJavaParserFacadeImpl$$Lambda+0x000000010027df20
instanceKlass  @bci org/jetbrains/kotlin/com/intellij/psi/impl/PsiJavaParserFacadeImpl <clinit> ()V 28 <appendix> argL0 ; # org/jetbrains/kotlin/com/intellij/psi/impl/PsiJavaParserFacadeImpl$$Lambda+0x000000010027dce0
instanceKlass  @cpi org/jetbrains/kotlin/com/intellij/psi/impl/PsiJavaParserFacadeImpl 670 form vmentry <vmtarget> ; # java/lang/invoke/LambdaForm$DMH+0x0000000100280000
instanceKlass org/jetbrains/kotlin/com/intellij/lang/java/parser/JavaParserUtil$ParserWrapper
instanceKlass org/jetbrains/kotlin/com/intellij/psi/PsiImportStatementBase
instanceKlass org/jetbrains/kotlin/com/intellij/psi/PsiTypeElement
instanceKlass org/jetbrains/kotlin/com/intellij/psi/PsiReferenceExpression
instanceKlass org/jetbrains/kotlin/com/intellij/psi/PsiExpression
instanceKlass org/jetbrains/kotlin/com/intellij/psi/PsiCaseLabelElement
instanceKlass org/jetbrains/kotlin/com/intellij/psi/PsiAnnotationMemberValue
instanceKlass org/jetbrains/kotlin/com/intellij/psi/PsiJavaCodeReferenceElement
instanceKlass org/jetbrains/kotlin/com/intellij/psi/PsiQualifiedReferenceElement
instanceKlass org/jetbrains/kotlin/com/intellij/psi/PsiQualifiedReference
instanceKlass org/jetbrains/kotlin/com/intellij/psi/PsiJavaReference
instanceKlass org/jetbrains/kotlin/com/intellij/psi/PsiPolyVariantReference
instanceKlass org/jetbrains/kotlin/com/intellij/lang/jvm/types/JvmReferenceType
instanceKlass org/jetbrains/kotlin/com/intellij/lang/jvm/types/JvmPrimitiveType
instanceKlass org/jetbrains/kotlin/com/intellij/psi/PsiType
instanceKlass org/jetbrains/kotlin/com/intellij/psi/PsiAnnotationOwner
instanceKlass org/jetbrains/kotlin/com/intellij/lang/jvm/types/JvmType
instanceKlass org/jetbrains/kotlin/com/intellij/lang/java/parser/BasicJavaParserUtil$ParserWrapper
instanceKlass org/jetbrains/kotlin/com/intellij/psi/impl/PsiJavaParserFacadeImpl
instanceKlass org/jetbrains/kotlin/com/intellij/psi/PsiElementFactory
instanceKlass org/jetbrains/kotlin/com/intellij/psi/PsiJavaParserFacade
instanceKlass org/jetbrains/kotlin/com/intellij/psi/JVMElementFactory
instanceKlass org/jetbrains/kotlin/com/intellij/lang/injection/InjectedLanguageManager
instanceKlass org/jetbrains/kotlin/com/intellij/mock/MockDumbUtil
instanceKlass org/jetbrains/kotlin/com/intellij/openapi/project/DumbUtil
instanceKlass org/jetbrains/kotlin/com/intellij/psi/search/impl/VirtualFileEnumeration
instanceKlass org/jetbrains/kotlin/com/intellij/psi/search/impl/VirtualFileEnumerationAware
instanceKlass org/jetbrains/kotlin/com/intellij/psi/search/SearchScope
instanceKlass org/jetbrains/kotlin/com/intellij/psi/search/ProjectAwareFileFilter
instanceKlass org/jetbrains/kotlin/com/intellij/psi/PsiDirectory
instanceKlass org/jetbrains/kotlin/com/intellij/psi/impl/file/PsiDirectoryFactory
instanceKlass org/jetbrains/kotlin/com/intellij/psi/util/CachedValue
instanceKlass org/jetbrains/kotlin/com/intellij/psi/util/ParameterizedCachedValue
instanceKlass org/jetbrains/kotlin/com/intellij/psi/impl/PsiCachedValuesFactory
instanceKlass org/jetbrains/kotlin/com/intellij/psi/util/CachedValueProvider
instanceKlass org/jetbrains/kotlin/com/intellij/psi/util/CachedValuesManager
instanceKlass org/jetbrains/kotlin/com/intellij/psi/impl/source/tree/TreeElementVisitor
instanceKlass org/jetbrains/kotlin/com/intellij/psi/PsiFileFactory
instanceKlass org/jetbrains/kotlin/com/intellij/psi/impl/PsiToDocumentSynchronizer
instanceKlass  @bci org/jetbrains/kotlin/com/intellij/openapi/editor/event/DocumentListener <clinit> ()V 7 <appendix> argL0 ; # org/jetbrains/kotlin/com/intellij/openapi/editor/event/DocumentListener$$Lambda+0x0000000100270f88
instanceKlass org/jetbrains/kotlin/com/intellij/psi/PsiRecursiveVisitor
instanceKlass org/jetbrains/kotlin/com/intellij/psi/PsiElementVisitor
instanceKlass org/jetbrains/kotlin/com/intellij/openapi/editor/event/DocumentListener
instanceKlass org/jetbrains/kotlin/com/intellij/psi/PsiDocumentManager
instanceKlass org/jetbrains/kotlin/com/intellij/core/MockDocumentCommitProcessor
instanceKlass org/jetbrains/kotlin/com/intellij/psi/impl/DocumentCommitProcessor
instanceKlass org/jetbrains/kotlin/com/intellij/psi/SmartPointerManager
instanceKlass org/jetbrains/kotlin/com/intellij/psi/impl/file/impl/FileManagerImpl$1
instanceKlass  @bci org/jetbrains/kotlin/com/intellij/psi/impl/file/impl/FileManagerImpl <init> (Lorg/jetbrains/kotlin/com/intellij/psi/impl/PsiManagerImpl;Lorg/jetbrains/kotlin/com/intellij/openapi/util/NotNullLazyValue;)V 93 <appendix> member <vmtarget> ; # org/jetbrains/kotlin/com/intellij/psi/impl/file/impl/FileManagerImpl$$Lambda+0x000000010026d230
instanceKlass  @bci org/jetbrains/kotlin/com/intellij/psi/impl/file/impl/FileManagerImpl <init> (Lorg/jetbrains/kotlin/com/intellij/psi/impl/PsiManagerImpl;Lorg/jetbrains/kotlin/com/intellij/openapi/util/NotNullLazyValue;)V 52 <appendix> argL0 ; # org/jetbrains/kotlin/com/intellij/psi/impl/file/impl/FileManagerImpl$$Lambda+0x000000010026d000
instanceKlass org/jetbrains/kotlin/com/intellij/openapi/util/Comparing
instanceKlass org/jetbrains/kotlin/com/intellij/openapi/fileTypes/CharsetUtil
instanceKlass org/jetbrains/kotlin/com/intellij/util/LocalTimeCounter
instanceKlass  @bci org/jetbrains/kotlin/com/intellij/openapi/extensions/impl/ExtensionPointImpl addExtensionPointListener (Lorg/jetbrains/kotlin/com/intellij/openapi/extensions/ExtensionPointListener;ZLorg/jetbrains/kotlin/com/intellij/openapi/Disposable;)V 50 <appendix> member <vmtarget> ; # org/jetbrains/kotlin/com/intellij/openapi/extensions/impl/ExtensionPointImpl$$Lambda+0x000000010026f560
instanceKlass org/jetbrains/kotlin/com/intellij/openapi/extensions/ExtensionPointPriorityListener
instanceKlass org/jetbrains/kotlin/com/intellij/openapi/extensions/ExtensionPointUtil$1
instanceKlass org/jetbrains/kotlin/com/intellij/openapi/extensions/ExtensionPointUtil
instanceKlass  @bci org/jetbrains/kotlin/com/intellij/openapi/vfs/DeprecatedVirtualFileSystem startEventPropagation ()V 33 <appendix> member <vmtarget> ; # org/jetbrains/kotlin/com/intellij/openapi/vfs/DeprecatedVirtualFileSystem$$Lambda+0x000000010026ec80
instanceKlass  @bci org/jetbrains/kotlin/com/intellij/openapi/vfs/VirtualFile <clinit> ()V 7 <appendix> argL0 ; # org/jetbrains/kotlin/com/intellij/openapi/vfs/VirtualFile$$Lambda+0x000000010026ea50
instanceKlass org/jetbrains/kotlin/com/intellij/openapi/vfs/NonPhysicalFileSystem
instanceKlass org/jetbrains/kotlin/com/intellij/openapi/vfs/VirtualFileWithAssignedFileType
instanceKlass org/jetbrains/kotlin/com/intellij/psi/impl/file/impl/FileManagerImpl
instanceKlass  @bci org/jetbrains/kotlin/com/intellij/openapi/util/NotNullLazyValue createValue (Lorg/jetbrains/kotlin/com/intellij/openapi/util/NotNullFactory;)Lorg/jetbrains/kotlin/com/intellij/openapi/util/NotNullLazyValue; 14 <appendix> member <vmtarget> ; # org/jetbrains/kotlin/com/intellij/openapi/util/NotNullLazyValue$$Lambda+0x000000010026a7a8
instanceKlass  @cpi org/jetbrains/kotlin/com/intellij/openapi/util/NotNullLazyValue 90 form vmentry <vmtarget> ; # java/lang/invoke/LambdaForm$DMH+0x000000010026c000
instanceKlass  @bci org/jetbrains/kotlin/com/intellij/psi/impl/PsiManagerImpl <init> (Lorg/jetbrains/kotlin/com/intellij/openapi/project/Project;)V 56 <appendix> member <vmtarget> ; # org/jetbrains/kotlin/com/intellij/psi/impl/PsiManagerImpl$$Lambda+0x000000010026a530
instanceKlass org/jetbrains/kotlin/com/intellij/openapi/util/NotNullFactory
instanceKlass org/jetbrains/kotlin/com/intellij/openapi/util/Factory
instanceKlass org/jetbrains/kotlin/com/intellij/openapi/vfs/VirtualFileFilter$2
instanceKlass org/jetbrains/kotlin/com/intellij/openapi/vfs/VirtualFileFilter$1
instanceKlass org/jetbrains/kotlin/com/intellij/openapi/vfs/VirtualFileFilter
instanceKlass  @bci org/jetbrains/kotlin/com/intellij/openapi/util/LowMemoryWatcher register (Ljava/lang/Runnable;Lorg/jetbrains/kotlin/com/intellij/openapi/util/LowMemoryWatcher$LowMemoryWatcherType;Lorg/jetbrains/kotlin/com/intellij/openapi/Disposable;)V 36 <appendix> member <vmtarget> ; # org/jetbrains/kotlin/com/intellij/openapi/util/LowMemoryWatcher$$Lambda+0x0000000100269858
instanceKlass org/jetbrains/kotlin/com/intellij/openapi/util/LowMemoryWatcher
instanceKlass  @bci org/jetbrains/kotlin/com/intellij/psi/impl/source/resolve/ResolveCache <init> (Lorg/jetbrains/kotlin/com/intellij/openapi/project/Project;)V 47 <appendix> member <vmtarget> ; # org/jetbrains/kotlin/com/intellij/psi/impl/source/resolve/ResolveCache$$Lambda+0x0000000100268fa0
instanceKlass org/jetbrains/kotlin/com/intellij/psi/impl/source/resolve/ResolveCache$1
instanceKlass org/jetbrains/kotlin/com/intellij/psi/impl/AnyPsiChangeListener
instanceKlass org/jetbrains/kotlin/com/intellij/psi/impl/file/impl/FileManager
instanceKlass org/jetbrains/kotlin/com/intellij/openapi/wm/ex/ProgressIndicatorEx
instanceKlass org/jetbrains/kotlin/com/intellij/psi/ResolveResult
instanceKlass org/jetbrains/kotlin/com/intellij/psi/impl/source/resolve/ResolveCache$StrongValueReference
instanceKlass org/jetbrains/kotlin/com/intellij/util/containers/ConcurrentWeakKeySoftValueHashMap$ValueReference
instanceKlass org/jetbrains/kotlin/com/intellij/psi/impl/source/resolve/ResolveCache$AbstractResolver
instanceKlass org/jetbrains/kotlin/com/intellij/psi/PsiReference
instanceKlass org/jetbrains/kotlin/com/intellij/psi/impl/source/resolve/ResolveCache
instanceKlass org/jetbrains/kotlin/com/intellij/psi/impl/PsiModificationTrackerImpl$1
instanceKlass org/jetbrains/kotlin/com/intellij/openapi/project/DumbService$DumbModeListener
instanceKlass org/jetbrains/kotlin/com/intellij/openapi/project/DumbService$Companion
instanceKlass org/jetbrains/kotlin/com/intellij/openapi/project/DumbService
instanceKlass org/jetbrains/kotlin/com/intellij/psi/util/PsiModificationTracker$Listener
instanceKlass  @bci org/jetbrains/kotlin/com/intellij/util/containers/ConcurrentFactoryMap createWeakMap (Lorg/jetbrains/kotlin/com/intellij/util/Function;)Ljava/util/concurrent/ConcurrentMap; 10 <appendix> argL0 ; # org/jetbrains/kotlin/com/intellij/util/containers/ConcurrentFactoryMap$$Lambda+0x0000000100263478
instanceKlass  @bci org/jetbrains/kotlin/com/intellij/psi/impl/PsiModificationTrackerImpl <init> (Lorg/jetbrains/kotlin/com/intellij/openapi/project/Project;)V 35 <appendix> argL0 ; # org/jetbrains/kotlin/com/intellij/psi/impl/PsiModificationTrackerImpl$$Lambda+0x0000000100263200
instanceKlass org/jetbrains/kotlin/com/intellij/psi/impl/PsiModificationTrackerImpl
instanceKlass org/jetbrains/kotlin/com/intellij/psi/util/PsiModificationTracker
instanceKlass org/jetbrains/kotlin/com/intellij/lang/jvm/facade/JvmElementProvider
instanceKlass org/jetbrains/kotlin/com/intellij/psi/PsiElementFinder
instanceKlass org/jetbrains/kotlin/com/intellij/psi/impl/PsiTreeChangePreprocessor
instanceKlass org/jetbrains/kotlin/com/intellij/openapi/roots/PackageIndex
instanceKlass org/jetbrains/kotlin/com/intellij/psi/impl/file/impl/JavaFileManager
instanceKlass org/jetbrains/kotlin/com/intellij/psi/impl/ResolveScopeManager
instanceKlass org/jetbrains/kotlin/com/intellij/openapi/roots/FileIndexFacade
instanceKlass org/jetbrains/kotlin/com/intellij/psi/search/ProjectScopeBuilder
instanceKlass org/jetbrains/kotlin/com/intellij/util/CachedValuesFactory
instanceKlass org/jetbrains/kotlin/com/intellij/openapi/project/Project
instanceKlass org/jetbrains/kotlin/com/intellij/core/CoreProjectEnvironment
instanceKlass org/jetbrains/kotlin/cli/jvm/compiler/KotlinCoreEnvironment$Companion$getOrCreateApplicationEnvironment$1$2
instanceKlass  @bci org/jetbrains/kotlin/cli/jvm/compiler/KotlinCoreEnvironment$Companion getOrCreateApplicationEnvironment (Lorg/jetbrains/kotlin/com/intellij/openapi/Disposable;Lorg/jetbrains/kotlin/config/CompilerConfiguration;Lorg/jetbrains/kotlin/cli/jvm/compiler/KotlinCoreApplicationEnvironmentMode;)Lorg/jetbrains/kotlin/cli/jvm/compiler/KotlinCoreApplicationEnvironment; 82 <appendix> argL0 ; # org/jetbrains/kotlin/cli/jvm/compiler/KotlinCoreEnvironment$Companion$$Lambda+0x0000000100264890
instanceKlass org/jetbrains/kotlin/com/intellij/pom/java/InternalPersistentJavaLanguageLevelReaderService$DefaultImpl
instanceKlass org/jetbrains/kotlin/com/intellij/pom/java/InternalPersistentJavaLanguageLevelReaderService
instanceKlass org/jetbrains/kotlin/com/intellij/openapi/vfs/VirtualFileSet
instanceKlass org/jetbrains/kotlin/com/intellij/openapi/vfs/CompactVirtualFileSetFactory
instanceKlass org/jetbrains/kotlin/com/intellij/openapi/vfs/VirtualFileSetFactoryKt
instanceKlass org/jetbrains/kotlin/com/intellij/openapi/vfs/VirtualFileSetFactory
instanceKlass org/jetbrains/kotlin/com/intellij/openapi/application/TransactionGuard
instanceKlass org/jetbrains/kotlin/com/intellij/psi/util/JavaClassSupers
instanceKlass org/jetbrains/kotlin/load/kotlin/KotlinBinaryClassCache$Companion
instanceKlass org/jetbrains/kotlin/load/kotlin/KotlinBinaryClassCache
instanceKlass org/jetbrains/kotlin/psi/stubs/KotlinFileStub
instanceKlass org/jetbrains/kotlin/parsing/KotlinParserDefinition$Companion
instanceKlass org/jetbrains/kotlin/parsing/KotlinCommonParserDefinition
instanceKlass  @bci org/jetbrains/kotlin/idea/KotlinFileType <init> ()V 8 <appendix> argL0 ; # org/jetbrains/kotlin/idea/KotlinFileType$$Lambda+0x000000010025dc98
instanceKlass sun/invoke/util/VerifyAccess$1
instanceKlass javax/swing/Icon
instanceKlass org/jetbrains/kotlin/com/intellij/util/keyFMap/OneElementFMap
instanceKlass org/jetbrains/kotlin/com/intellij/openapi/extensions/impl/ExtensionProcessingHelper
instanceKlass  @bci org/jetbrains/kotlin/com/intellij/lang/LanguageUtil matchingMetaLanguages (Lorg/jetbrains/kotlin/com/intellij/lang/Language;)Ljava/util/List; 94 <appendix> member <vmtarget> ; # org/jetbrains/kotlin/com/intellij/lang/LanguageUtil$$Lambda+0x000000010025cff0
instanceKlass  @cpi org/jetbrains/kotlin/com/intellij/lang/LanguageUtil 261 form vmentry <vmtarget> ; # java/lang/invoke/LambdaForm$DMH+0x0000000100260000
instanceKlass org/jetbrains/kotlin/com/intellij/openapi/extensions/impl/ExtensionsAreaImplKt
instanceKlass kotlinx/coroutines/IncompleteStateBox
instanceKlass kotlinx/coroutines/internal/LockFreeLinkedListNode
instanceKlass kotlin/coroutines/jvm/internal/CompletedContinuation
instanceKlass  @bci org/jetbrains/kotlin/com/intellij/openapi/util/BuildNumber <clinit> ()V 4 <appendix> argL0 ; # org/jetbrains/kotlin/com/intellij/openapi/util/BuildNumber$$Lambda+0x000000010025ba88
instanceKlass org/jetbrains/kotlin/com/intellij/openapi/util/BuildNumber
instanceKlass org/jetbrains/kotlin/com/intellij/ide/plugins/PluginManagerCore
instanceKlass org/jetbrains/kotlin/com/intellij/ide/plugins/PluginContentDescriptor$Companion
instanceKlass org/jetbrains/kotlin/com/intellij/ide/plugins/PluginContentDescriptor
instanceKlass org/jetbrains/kotlin/com/intellij/ide/plugins/IdeaPluginDescriptorImpl
instanceKlass org/jetbrains/kotlin/com/intellij/ide/plugins/IdeaPluginDescriptor
instanceKlass org/jetbrains/kotlin/org/codehaus/stax2/ri/typed/ValueDecoderFactory
instanceKlass org/jetbrains/kotlin/com/fasterxml/aalto/in/ByteBasedPNameTable$Bucket
instanceKlass org/jetbrains/kotlin/com/intellij/openapi/extensions/ExtensionPointDescriptor
instanceKlass org/jetbrains/kotlin/com/fasterxml/aalto/util/DataUtil
instanceKlass org/jetbrains/kotlin/com/fasterxml/aalto/in/ElementScope
instanceKlass org/jetbrains/kotlin/com/fasterxml/aalto/in/ByteBasedPNameFactory
instanceKlass org/jetbrains/kotlin/com/intellij/ide/plugins/ModuleDependenciesDescriptor$Companion
instanceKlass org/jetbrains/kotlin/com/intellij/ide/plugins/ModuleDependenciesDescriptor
instanceKlass org/jetbrains/kotlin/com/intellij/ide/plugins/ContainerDescriptor
instanceKlass org/jetbrains/kotlin/com/intellij/ide/plugins/RawPluginDescriptor
instanceKlass org/jetbrains/kotlin/com/fasterxml/aalto/util/BufferRecycler
instanceKlass org/jetbrains/kotlin/com/fasterxml/aalto/util/NameTable
instanceKlass org/jetbrains/kotlin/com/fasterxml/aalto/util/XmlCharTypes
instanceKlass org/jetbrains/kotlin/com/fasterxml/aalto/in/AttributeCollector
instanceKlass org/jetbrains/kotlin/com/fasterxml/aalto/util/TextBuilder
instanceKlass org/jetbrains/kotlin/com/fasterxml/aalto/in/FixedNsContext
instanceKlass org/jetbrains/kotlin/com/fasterxml/aalto/in/NsBinding
instanceKlass org/jetbrains/kotlin/com/fasterxml/aalto/in/PName
instanceKlass org/jetbrains/kotlin/org/codehaus/stax2/XMLStreamLocation2
instanceKlass org/jetbrains/kotlin/org/codehaus/stax2/typed/TypedValueDecoder
instanceKlass org/jetbrains/kotlin/com/fasterxml/aalto/stax/StreamReaderImpl
instanceKlass org/jetbrains/kotlin/org/codehaus/stax2/XMLStreamReader2
instanceKlass org/jetbrains/kotlin/org/codehaus/stax2/typed/TypedXMLStreamReader
instanceKlass javax/xml/stream/XMLStreamReader
instanceKlass org/jetbrains/kotlin/org/codehaus/stax2/LocationInfo
instanceKlass org/jetbrains/kotlin/com/fasterxml/aalto/in/XmlScanner
instanceKlass javax/xml/stream/XMLStreamConstants
instanceKlass javax/xml/namespace/NamespaceContext
instanceKlass javax/xml/stream/Location
instanceKlass org/jetbrains/kotlin/com/fasterxml/aalto/in/InputBootstrapper
instanceKlass org/jetbrains/kotlin/com/fasterxml/aalto/util/UriCanonicalizer
instanceKlass org/jetbrains/kotlin/com/fasterxml/aalto/in/ReaderConfig$EncodingContext
instanceKlass org/jetbrains/kotlin/com/fasterxml/aalto/impl/CommonConfig
instanceKlass org/jetbrains/kotlin/com/intellij/util/xml/dom/StaxFactory
instanceKlass kotlin/jvm/internal/SpreadBuilder
instanceKlass org/jetbrains/kotlin/com/intellij/ide/plugins/XmlReader
instanceKlass org/jetbrains/kotlin/com/intellij/ide/plugins/JavaZipFileDataLoader
instanceKlass org/jetbrains/kotlin/com/intellij/ide/plugins/DataLoader
instanceKlass kotlin/ResultKt
instanceKlass kotlinx/coroutines/internal/OpDescriptor
instanceKlass kotlinx/coroutines/DispatchedTaskKt
instanceKlass kotlinx/coroutines/CompletedExceptionally
instanceKlass kotlinx/coroutines/EventLoop_commonKt
instanceKlass kotlinx/coroutines/AbstractTimeSourceKt
instanceKlass kotlin/Result$Failure
instanceKlass kotlinx/coroutines/CompletionStateKt
instanceKlass kotlin/Result$Companion
instanceKlass kotlin/Result
instanceKlass kotlinx/coroutines/internal/ThreadContextKt
instanceKlass kotlinx/coroutines/internal/DispatchedContinuationKt
instanceKlass kotlinx/coroutines/scheduling/Task
instanceKlass kotlin/coroutines/jvm/internal/DebugProbesKt
instanceKlass kotlin/coroutines/intrinsics/IntrinsicsKt__IntrinsicsJvmKt
instanceKlass kotlinx/coroutines/intrinsics/CancellableKt
instanceKlass kotlinx/coroutines/CoroutineStart$WhenMappings
instanceKlass kotlin/coroutines/CombinedContext
instanceKlass kotlinx/coroutines/Job$DefaultImpls
instanceKlass kotlin/coroutines/CoroutineContext$DefaultImpls
instanceKlass kotlinx/coroutines/NonDisposableHandle
instanceKlass kotlinx/coroutines/ChildHandle
instanceKlass kotlinx/coroutines/DisposableHandle
instanceKlass kotlinx/coroutines/Job$Key
instanceKlass kotlinx/coroutines/Empty
instanceKlass kotlinx/coroutines/Incomplete
instanceKlass kotlinx/coroutines/JobSupportKt
instanceKlass kotlinx/coroutines/JobSupport
instanceKlass kotlinx/coroutines/selects/SelectClause0
instanceKlass kotlinx/coroutines/ParentJob
instanceKlass kotlinx/coroutines/ChildJob
instanceKlass kotlinx/coroutines/Job
instanceKlass kotlin/coroutines/ContinuationInterceptor$DefaultImpls
instanceKlass kotlinx/coroutines/DefaultExecutorKt
instanceKlass kotlinx/coroutines/internal/LimitedDispatcherKt
instanceKlass java/util/concurrent/atomic/AtomicReferenceArray
instanceKlass kotlinx/coroutines/internal/LockFreeTaskQueueCore$Companion
instanceKlass kotlinx/coroutines/internal/LockFreeTaskQueueCore
instanceKlass java/util/concurrent/atomic/AtomicIntegerFieldUpdater$AtomicIntegerFieldUpdaterImpl$1
instanceKlass java/util/concurrent/atomic/AtomicIntegerFieldUpdater
instanceKlass kotlinx/coroutines/internal/ResizableAtomicArray
instanceKlass kotlinx/coroutines/internal/LockFreeTaskQueue
instanceKlass kotlinx/coroutines/internal/Symbol
instanceKlass kotlinx/coroutines/scheduling/CoroutineScheduler$Companion
instanceKlass kotlinx/coroutines/scheduling/CoroutineScheduler
instanceKlass java/util/concurrent/Executor
instanceKlass kotlinx/coroutines/scheduling/TaskContextImpl
instanceKlass kotlinx/coroutines/scheduling/TaskContext
instanceKlass kotlinx/coroutines/scheduling/SchedulerTimeSource
instanceKlass kotlinx/coroutines/internal/SystemPropsKt__SystemProps_commonKt
instanceKlass kotlinx/coroutines/scheduling/TasksKt
instanceKlass kotlinx/coroutines/Dispatchers
instanceKlass kotlinx/coroutines/internal/SystemPropsKt__SystemPropsKt
instanceKlass kotlinx/coroutines/internal/SystemPropsKt
instanceKlass kotlinx/coroutines/DebugKt
instanceKlass kotlinx/coroutines/CopyableThreadContextElement
instanceKlass kotlinx/coroutines/ThreadContextElement
instanceKlass kotlin/coroutines/CoroutineContext$Element$DefaultImpls
instanceKlass kotlinx/coroutines/CoroutineContextKt
instanceKlass kotlinx/coroutines/GlobalScope
instanceKlass kotlin/coroutines/AbstractCoroutineContextKey
instanceKlass kotlin/coroutines/AbstractCoroutineContextElement
instanceKlass kotlinx/coroutines/Delay
instanceKlass kotlinx/coroutines/EventLoopKt
instanceKlass kotlinx/coroutines/ThreadLocalEventLoop
instanceKlass kotlin/coroutines/ContinuationInterceptor$Key
instanceKlass kotlin/coroutines/CoroutineContext$Key
instanceKlass kotlin/coroutines/ContinuationInterceptor
instanceKlass kotlin/coroutines/CoroutineContext$Element
instanceKlass kotlin/coroutines/EmptyCoroutineContext
instanceKlass kotlin/coroutines/CoroutineContext
instanceKlass kotlinx/coroutines/BuildersKt__BuildersKt
instanceKlass kotlinx/coroutines/BuildersKt
instanceKlass kotlin/coroutines/jvm/internal/BaseContinuationImpl
instanceKlass kotlin/coroutines/jvm/internal/CoroutineStackFrame
instanceKlass kotlin/coroutines/Continuation
instanceKlass kotlin/coroutines/jvm/internal/SuspendFunction
instanceKlass  @bci org/jetbrains/kotlin/com/intellij/ide/plugins/DescriptorListLoadingContext <init> (Ljava/util/Set;Ljava/util/Set;Ljava/util/Map;Lkotlin/jvm/functions/Function0;ZZZZ)V 128 <appendix> member <vmtarget> ; # org/jetbrains/kotlin/com/intellij/ide/plugins/DescriptorListLoadingContext$$Lambda+0x0000000100240860
instanceKlass org/jetbrains/kotlin/com/intellij/ide/plugins/MyXmlInterner
instanceKlass org/jetbrains/kotlin/com/intellij/util/xml/dom/XmlInterner
instanceKlass org/jetbrains/kotlin/com/intellij/ide/plugins/DescriptorListLoadingContext
instanceKlass org/jetbrains/kotlin/com/intellij/ide/plugins/ReadModuleContext
instanceKlass org/jetbrains/kotlin/com/intellij/ide/plugins/PluginXmlPathResolver$Companion
instanceKlass org/jetbrains/kotlin/com/intellij/ide/plugins/PluginXmlPathResolver
instanceKlass org/jetbrains/kotlin/com/intellij/ide/plugins/PathResolver
instanceKlass org/jetbrains/kotlin/com/intellij/ide/plugins/PluginDescriptorLoader
instanceKlass org/jetbrains/kotlin/com/intellij/psi/JavaModuleSystem
instanceKlass org/jetbrains/kotlin/com/intellij/psi/impl/compiled/ClsCustomNavigationPolicy
instanceKlass org/jetbrains/kotlin/cli/jvm/compiler/IdeaExtensionPoints
instanceKlass org/jetbrains/kotlin/com/intellij/psi/impl/smartPointers/SmartPointerAnchorProvider
instanceKlass org/jetbrains/kotlin/com/intellij/codeInsight/runner/JavaMainMethodProvider
instanceKlass org/jetbrains/kotlin/com/intellij/openapi/util/NotNullLazyValue
instanceKlass  @bci org/jetbrains/kotlin/com/intellij/psi/augment/PsiAugmentProvider <clinit> ()V 17 <appendix> argL0 ; # org/jetbrains/kotlin/com/intellij/psi/augment/PsiAugmentProvider$$Lambda+0x000000010023d0a0
instanceKlass org/jetbrains/kotlin/com/intellij/psi/augment/PsiAugmentProvider
instanceKlass org/jetbrains/kotlin/com/intellij/psi/meta/MetaDataContributor
instanceKlass org/jetbrains/kotlin/com/intellij/psi/FileContextProvider
instanceKlass org/jetbrains/kotlin/cli/jvm/compiler/DummyJavaFileCodeStyleFacadeFactory
instanceKlass org/jetbrains/kotlin/com/intellij/psi/codeStyle/JavaFileCodeStyleFacadeFactory
instanceKlass  @bci org/jetbrains/kotlin/com/intellij/openapi/fileTypes/BinaryFileTypeDecompilers notifyDecompilerSetChange ()V 3 <appendix> argL0 ; # org/jetbrains/kotlin/com/intellij/openapi/fileTypes/BinaryFileTypeDecompilers$$Lambda+0x000000010023b7b8
instanceKlass  @bci org/jetbrains/kotlin/com/intellij/openapi/fileTypes/BinaryFileTypeDecompilers <init> ()V 11 <appendix> member <vmtarget> ; # org/jetbrains/kotlin/com/intellij/openapi/fileTypes/BinaryFileTypeDecompilers$$Lambda+0x000000010023b580
instanceKlass org/jetbrains/kotlin/com/intellij/psi/FileViewProvider
instanceKlass org/jetbrains/kotlin/com/intellij/psi/compiled/ClsStubBuilder
instanceKlass org/jetbrains/kotlin/com/intellij/psi/compiled/ClassFileDecompilers$Full
instanceKlass  @bci org/jetbrains/kotlin/com/intellij/psi/compiled/ClassFileDecompilers <init> ()V 21 <appendix> argL0 ; # org/jetbrains/kotlin/com/intellij/psi/compiled/ClassFileDecompilers$$Lambda+0x000000010023a858
instanceKlass java/util/TimSort
instanceKlass java/util/Arrays$LegacyMergeSort
instanceKlass  @bci org/jetbrains/kotlin/com/intellij/util/pico/CachingConstructorInjectionComponentAdapter getGreediestSatisfiableConstructor (Lorg/jetbrains/kotlin/org/picocontainer/ComponentAdapter;Lorg/jetbrains/kotlin/com/intellij/util/pico/DefaultPicoContainer;Ljava/lang/Class;)Ljava/lang/reflect/Constructor; 43 <appendix> argL0 ; # org/jetbrains/kotlin/com/intellij/util/pico/CachingConstructorInjectionComponentAdapter$$Lambda+0x000000010023a5b0
instanceKlass org/jetbrains/kotlin/com/intellij/openapi/components/Service
instanceKlass org/jetbrains/kotlin/com/intellij/psi/compiled/ClassFileDecompilers
instanceKlass org/jetbrains/kotlin/com/intellij/psi/compiled/ClassFileDecompilers$Decompiler
instanceKlass org/jetbrains/kotlin/com/intellij/psi/util/MethodSignature
instanceKlass org/jetbrains/kotlin/com/intellij/openapi/application/QueryExecutorBase
instanceKlass org/jetbrains/kotlin/com/intellij/util/QueryExecutor
instanceKlass org/jetbrains/kotlin/com/intellij/psi/search/searches/SuperMethodsSearch$1
instanceKlass org/jetbrains/kotlin/com/intellij/openapi/extensions/SmartExtensionPoint$1
instanceKlass org/jetbrains/kotlin/com/intellij/openapi/extensions/ExtensionPointAndAreaListener
instanceKlass org/jetbrains/kotlin/com/intellij/openapi/extensions/SmartExtensionPoint
instanceKlass org/jetbrains/kotlin/com/intellij/util/Query
instanceKlass org/jetbrains/kotlin/com/intellij/util/QueryFactory
instanceKlass  @bci org/jetbrains/kotlin/com/intellij/openapi/util/registry/Registry doGet (Ljava/lang/String;)Lorg/jetbrains/kotlin/com/intellij/openapi/util/registry/RegistryValue; 14 <appendix> member <vmtarget> ; # org/jetbrains/kotlin/com/intellij/openapi/util/registry/Registry$$Lambda+0x0000000100237188
instanceKlass org/jetbrains/kotlin/com/intellij/openapi/util/registry/RegistryValue
instanceKlass org/jetbrains/kotlin/com/intellij/openapi/util/registry/Registry$1
instanceKlass org/jetbrains/kotlin/com/intellij/openapi/util/registry/RegistryValueListener
instanceKlass org/jetbrains/kotlin/com/intellij/openapi/util/registry/Registry
instanceKlass org/jetbrains/kotlin/com/intellij/lang/folding/FoldingBuilderEx
instanceKlass org/jetbrains/kotlin/com/intellij/openapi/project/PossiblyDumbAware
instanceKlass org/jetbrains/kotlin/com/intellij/openapi/project/DumbAware
instanceKlass org/jetbrains/kotlin/com/intellij/lang/folding/FoldingBuilder
instanceKlass org/jetbrains/kotlin/com/intellij/codeInsight/folding/JavaCodeFoldingSettings
instanceKlass org/jetbrains/kotlin/com/intellij/psi/PsiParameter
instanceKlass org/jetbrains/kotlin/com/intellij/lang/jvm/JvmParameter
instanceKlass org/jetbrains/kotlin/com/intellij/psi/presentation/java/VariablePresentationProvider
instanceKlass org/jetbrains/kotlin/com/intellij/psi/PsiLocalVariable
instanceKlass org/jetbrains/kotlin/com/intellij/psi/presentation/java/FieldPresentationProvider
instanceKlass org/jetbrains/kotlin/com/intellij/psi/PsiField
instanceKlass org/jetbrains/kotlin/com/intellij/psi/PsiVariable
instanceKlass org/jetbrains/kotlin/com/intellij/lang/jvm/JvmField
instanceKlass org/jetbrains/kotlin/com/intellij/psi/presentation/java/MethodPresentationProvider
instanceKlass org/jetbrains/kotlin/com/intellij/psi/PsiMethod
instanceKlass org/jetbrains/kotlin/com/intellij/psi/PsiParameterListOwner
instanceKlass org/jetbrains/kotlin/com/intellij/lang/jvm/JvmMethod
instanceKlass org/jetbrains/kotlin/com/intellij/psi/presentation/java/ClassPresentationProvider
instanceKlass org/jetbrains/kotlin/com/intellij/psi/PsiClass
instanceKlass org/jetbrains/kotlin/com/intellij/psi/PsiTypeParameterListOwner
instanceKlass org/jetbrains/kotlin/com/intellij/psi/PsiJvmMember
instanceKlass org/jetbrains/kotlin/com/intellij/psi/PsiTarget
instanceKlass org/jetbrains/kotlin/com/intellij/psi/PsiNameIdentifierOwner
instanceKlass org/jetbrains/kotlin/com/intellij/psi/PsiDocCommentOwner
instanceKlass org/jetbrains/kotlin/com/intellij/psi/PsiMember
instanceKlass org/jetbrains/kotlin/com/intellij/psi/PsiJavaDocumentedElement
instanceKlass org/jetbrains/kotlin/com/intellij/pom/PomRenameableTarget
instanceKlass org/jetbrains/kotlin/com/intellij/pom/PomNamedTarget
instanceKlass org/jetbrains/kotlin/com/intellij/pom/PomTarget
instanceKlass org/jetbrains/kotlin/com/intellij/lang/jvm/JvmClass
instanceKlass org/jetbrains/kotlin/com/intellij/lang/jvm/JvmTypeParametersOwner
instanceKlass org/jetbrains/kotlin/com/intellij/lang/jvm/JvmMember
instanceKlass org/jetbrains/kotlin/com/intellij/lang/jvm/JvmTypeDeclaration
instanceKlass org/jetbrains/kotlin/com/intellij/navigation/ItemPresentation
instanceKlass org/jetbrains/kotlin/com/intellij/psi/presentation/java/PackagePresentationProvider
instanceKlass org/jetbrains/kotlin/com/intellij/navigation/ItemPresentationProvider
instanceKlass org/jetbrains/kotlin/com/intellij/psi/PsiPackage
instanceKlass org/jetbrains/kotlin/com/intellij/psi/PsiQualifiedNamedElement
instanceKlass org/jetbrains/kotlin/com/intellij/psi/PsiJvmModifiersOwner
instanceKlass org/jetbrains/kotlin/com/intellij/psi/PsiModifierListOwner
instanceKlass org/jetbrains/kotlin/com/intellij/lang/jvm/JvmModifiersOwner
instanceKlass org/jetbrains/kotlin/com/intellij/psi/PsiDirectoryContainer
instanceKlass org/jetbrains/kotlin/com/intellij/lang/jvm/JvmPackage
instanceKlass org/jetbrains/kotlin/com/intellij/lang/jvm/JvmNamedElement
instanceKlass org/jetbrains/kotlin/com/intellij/lang/jvm/JvmAnnotatedElement
instanceKlass org/jetbrains/kotlin/com/intellij/lang/jvm/JvmElement
instanceKlass org/jetbrains/kotlin/com/intellij/openapi/projectRoots/JavaVersionService
instanceKlass org/jetbrains/kotlin/com/intellij/psi/JavaDirectoryService
instanceKlass org/jetbrains/kotlin/com/intellij/psi/PsiSubstitutor
instanceKlass org/jetbrains/kotlin/com/intellij/psi/PsiSubstitutorFactory
instanceKlass  @bci org/jetbrains/kotlin/com/intellij/openapi/util/ModificationTracker <clinit> ()V 10 <appendix> argL0 ; # org/jetbrains/kotlin/com/intellij/openapi/util/ModificationTracker$$Lambda+0x000000010022d688
instanceKlass org/jetbrains/kotlin/com/intellij/openapi/util/ModificationTracker$1
instanceKlass org/jetbrains/kotlin/com/intellij/psi/impl/file/PsiPackageImplementationHelper
instanceKlass  @bci org/jetbrains/kotlin/com/intellij/openapi/extensions/impl/ExtensionPointImpl doRegisterExtension (Ljava/lang/Object;Lorg/jetbrains/kotlin/com/intellij/openapi/extensions/LoadingOrder;Lorg/jetbrains/kotlin/com/intellij/openapi/extensions/PluginDescriptor;Lorg/jetbrains/kotlin/com/intellij/openapi/Disposable;)V 166 <appendix> member <vmtarget> ; # org/jetbrains/kotlin/com/intellij/openapi/extensions/impl/ExtensionPointImpl$$Lambda+0x000000010022fb10
instanceKlass  @bci org/jetbrains/kotlin/com/intellij/openapi/extensions/impl/ExtensionPointImpl$ObjectComponentAdapter <init> (Ljava/lang/Object;Lorg/jetbrains/kotlin/com/intellij/openapi/extensions/PluginDescriptor;Lorg/jetbrains/kotlin/com/intellij/openapi/extensions/LoadingOrder;)V 36 <appendix> member <vmtarget> ; # org/jetbrains/kotlin/com/intellij/openapi/extensions/impl/ExtensionPointImpl$ObjectComponentAdapter$$Lambda+0x000000010022f8d8
instanceKlass kotlin/internal/ProgressionUtilKt
instanceKlass kotlin/ranges/IntRange$Companion
instanceKlass kotlin/ranges/IntProgression$Companion
instanceKlass kotlin/ranges/IntProgression
instanceKlass kotlin/ranges/OpenEndRange
instanceKlass kotlin/ranges/ClosedRange
instanceKlass kotlin/text/DelimitedRangesSequence$iterator$1
instanceKlass kotlin/sequences/TransformingSequence$iterator$1
instanceKlass kotlin/sequences/FilteringSequence$iterator$1
instanceKlass kotlin/sequences/FilteringSequence
instanceKlass kotlin/sequences/TransformingSequence
instanceKlass kotlin/text/DelimitedRangesSequence
instanceKlass org/jetbrains/kotlin/com/intellij/openapi/extensions/LoadingOrder$Companion
instanceKlass org/jetbrains/kotlin/com/intellij/openapi/extensions/LoadingOrder
instanceKlass org/jetbrains/kotlin/com/intellij/codeInsight/JavaContainerProvider
instanceKlass org/jetbrains/kotlin/com/intellij/codeInsight/ContainerProvider
instanceKlass org/jetbrains/kotlin/com/intellij/psi/impl/PsiExpressionEvaluator
instanceKlass org/jetbrains/kotlin/com/intellij/psi/impl/ConstantExpressionEvaluator
instanceKlass org/jetbrains/kotlin/com/intellij/util/diff/FlyweightCapableTreeStructure
instanceKlass org/jetbrains/kotlin/com/intellij/psi/stubs/IndexSink
instanceKlass  @bci org/jetbrains/kotlin/com/intellij/psi/tree/IStubFileElementType <clinit> ()V 4 <appendix> argL0 ; # org/jetbrains/kotlin/com/intellij/psi/tree/IStubFileElementType$$Lambda+0x0000000100229120
instanceKlass  @cpi org/jetbrains/kotlin/com/intellij/psi/tree/IStubFileElementType 233 form vmentry <vmtarget> ; # java/lang/invoke/LambdaForm$DMH+0x000000010022c400
# instanceKlass java/lang/invoke/LambdaForm$DMH+0x000000010022c000
instanceKlass org/jetbrains/kotlin/com/intellij/psi/impl/java/stubs/PsiJavaFileStub
instanceKlass org/jetbrains/kotlin/com/intellij/psi/stubs/PsiClassHolderFileStub
instanceKlass org/jetbrains/kotlin/com/intellij/psi/stubs/LightStubBuilder
instanceKlass org/jetbrains/kotlin/com/intellij/psi/stubs/PsiFileStub
instanceKlass org/jetbrains/kotlin/com/intellij/psi/stubs/StubElement
instanceKlass org/jetbrains/kotlin/com/intellij/psi/stubs/Stub
instanceKlass org/jetbrains/kotlin/com/intellij/psi/StubBuilder
instanceKlass org/jetbrains/kotlin/com/intellij/psi/stubs/StubSerializer
instanceKlass org/jetbrains/kotlin/com/intellij/psi/stubs/ObjectStubSerializer
instanceKlass org/jetbrains/kotlin/com/intellij/lang/java/JavaParserDefinition
instanceKlass org/jetbrains/kotlin/com/intellij/psi/javadoc/PsiDocToken
instanceKlass org/jetbrains/kotlin/com/intellij/psi/javadoc/PsiSnippetAttributeValue
instanceKlass org/jetbrains/kotlin/com/intellij/psi/PsiFragment
instanceKlass org/jetbrains/kotlin/com/intellij/psi/PsiLiteralValue
instanceKlass org/jetbrains/kotlin/com/intellij/psi/PsiKeyword
instanceKlass org/jetbrains/kotlin/com/intellij/psi/PsiIdentifier
instanceKlass org/jetbrains/kotlin/com/intellij/psi/PsiJavaToken
instanceKlass org/jetbrains/kotlin/com/intellij/psi/javadoc/PsiDocTagValue
instanceKlass org/jetbrains/kotlin/com/intellij/psi/impl/compiled/ClassFileStubBuilder
instanceKlass org/jetbrains/kotlin/com/intellij/psi/stubs/BinaryFileStubBuilder$CompositeBinaryFileStubBuilder
instanceKlass org/jetbrains/kotlin/com/intellij/psi/stubs/BinaryFileStubBuilder
instanceKlass org/jetbrains/kotlin/com/intellij/psi/ClassFileViewProviderFactory
instanceKlass org/jetbrains/kotlin/com/intellij/psi/FileViewProviderFactory
instanceKlass org/jetbrains/kotlin/com/intellij/openapi/util/Condition$3
instanceKlass org/jetbrains/kotlin/com/intellij/openapi/util/Condition$2
instanceKlass org/jetbrains/kotlin/com/intellij/openapi/util/Condition$1
instanceKlass org/jetbrains/kotlin/com/intellij/openapi/util/Condition
instanceKlass org/jetbrains/kotlin/com/intellij/openapi/util/Conditions
instanceKlass  @bci org/jetbrains/kotlin/com/intellij/psi/tree/IElementType <clinit> ()V 15 <appendix> argL0 ; # org/jetbrains/kotlin/com/intellij/psi/tree/IElementType$$Lambda+0x000000010021b8a0
instanceKlass  @cpi org/jetbrains/kotlin/cli/common/FirSessionConstructionUtilsKt 869 form vmentry <vmtarget> ; # java/lang/invoke/LambdaForm$DMH+0x000000010021c400
instanceKlass org/jetbrains/kotlin/com/intellij/psi/tree/IElementType$Predicate
instanceKlass  @bci org/jetbrains/kotlin/com/intellij/psi/tree/IElementType <clinit> ()V 7 <appendix> argL0 ; # org/jetbrains/kotlin/com/intellij/psi/tree/IElementType$$Lambda+0x000000010021b460
instanceKlass org/jetbrains/kotlin/com/intellij/lexer/Lexer
instanceKlass org/jetbrains/kotlin/com/intellij/openapi/fileTypes/PlainTextParserDefinition
instanceKlass  @bci org/jetbrains/kotlin/com/intellij/openapi/util/KeyedExtensionCollector addExplicitExtension (Ljava/lang/Object;Ljava/lang/Object;Lorg/jetbrains/kotlin/com/intellij/openapi/Disposable;)V 36 <appendix> member <vmtarget> ; # org/jetbrains/kotlin/com/intellij/openapi/util/KeyedExtensionCollector$$Lambda+0x0000000100219e58
instanceKlass org/jetbrains/kotlin/kotlinx/collections/immutable/implementations/immutableList/AbstractListIterator
instanceKlass org/jetbrains/kotlin/kotlinx/collections/immutable/internal/ListImplementation
instanceKlass  @bci org/jetbrains/kotlin/com/intellij/lang/LanguageUtil <clinit> ()V 0 <appendix> argL0 ; # org/jetbrains/kotlin/com/intellij/lang/LanguageUtil$$Lambda+0x0000000100219160
instanceKlass  @cpi org/jetbrains/kotlin/fir/declarations/Checks$Returns 103 form vmentry <vmtarget> ; # java/lang/invoke/LambdaForm$DMH+0x000000010021c000
instanceKlass org/jetbrains/kotlin/com/intellij/lang/LanguageUtil
instanceKlass org/jetbrains/kotlin/kotlinx/collections/immutable/implementations/immutableSet/TrieNodeIterator
instanceKlass org/jetbrains/kotlin/kotlinx/collections/immutable/implementations/immutableSet/PersistentHashSetIterator
instanceKlass org/jetbrains/kotlin/com/intellij/util/containers/ContainerUtil$9$1
instanceKlass org/jetbrains/kotlin/com/intellij/util/containers/ContainerUtil$9
instanceKlass org/jetbrains/kotlin/com/intellij/psi/PsiPlainText
instanceKlass org/jetbrains/kotlin/com/intellij/lang/ASTFactory$DefaultFactoryHolder
instanceKlass org/jetbrains/kotlin/com/intellij/ide/highlighter/ArchiveFileType
instanceKlass org/jetbrains/kotlin/kotlinx/collections/immutable/implementations/immutableSet/TrieNode$Companion
instanceKlass org/jetbrains/kotlin/kotlinx/collections/immutable/implementations/immutableSet/TrieNode
instanceKlass org/jetbrains/kotlin/kotlinx/collections/immutable/implementations/immutableSet/PersistentHashSet$Companion
instanceKlass kotlin/collections/AbstractSet$Companion
instanceKlass org/jetbrains/kotlin/kotlinx/collections/immutable/PersistentSet
instanceKlass org/jetbrains/kotlin/kotlinx/collections/immutable/ImmutableSet
instanceKlass org/jetbrains/kotlin/com/intellij/openapi/fileTypes/LanguageFileType
instanceKlass org/jetbrains/kotlin/com/intellij/ide/highlighter/JavaClassFileType
instanceKlass org/jetbrains/kotlin/com/intellij/DynamicBundle$LanguageBundleEP
instanceKlass org/jetbrains/kotlin/com/intellij/util/pico/CachingConstructorInjectionComponentAdapter
instanceKlass org/jetbrains/kotlin/com/intellij/openapi/application/ApplicationInfo
instanceKlass org/jetbrains/kotlin/com/intellij/util/graph/GraphAlgorithms
instanceKlass org/jetbrains/kotlin/com/intellij/util/messages/impl/MessagePublisher
instanceKlass org/jetbrains/kotlin/com/intellij/util/messages/impl/CompositeMessageBus$WhenMappings
instanceKlass  @bci org/jetbrains/kotlin/com/intellij/util/messages/impl/MessageBusImpl syncPublisher (Lorg/jetbrains/kotlin/com/intellij/util/messages/Topic;)Ljava/lang/Object; 60 <appendix> member <vmtarget> ; # org/jetbrains/kotlin/com/intellij/util/messages/impl/MessageBusImpl$$Lambda+0x0000000100211210
instanceKlass org/jetbrains/kotlin/com/intellij/openapi/command/impl/CoreCommandProcessor$1
instanceKlass org/jetbrains/kotlin/com/intellij/openapi/command/CommandListener
instanceKlass org/jetbrains/kotlin/com/intellij/openapi/command/CommandToken
instanceKlass org/jetbrains/kotlin/com/intellij/openapi/command/CommandProcessor
instanceKlass org/jetbrains/kotlin/com/intellij/codeInsight/folding/CodeFoldingSettings
instanceKlass  @bci org/jetbrains/kotlin/com/intellij/util/containers/Unsafe arrayBaseOffset (Ljava/lang/Class;)I 4 <adapter> ; # java/lang/invoke/LambdaForm$MH+0x000000010020fc00
instanceKlass  @bci org/jetbrains/kotlin/com/intellij/util/containers/Unsafe objectFieldOffset (Ljava/lang/reflect/Field;)J 4 <adapter> ; # java/lang/invoke/LambdaForm$MH+0x000000010020f800
# instanceKlass java/lang/invoke/LambdaForm$MH+0x000000010020f400
# instanceKlass java/lang/invoke/LambdaForm$BMH+0x000000010020f000
# instanceKlass java/lang/invoke/LambdaForm$DMH+0x000000010020ec00
# instanceKlass java/lang/invoke/LambdaForm$DMH+0x000000010020e800
# instanceKlass java/lang/invoke/LambdaForm$MH+0x000000010020e400
# instanceKlass java/lang/invoke/LambdaForm$DMH+0x000000010020e000
# instanceKlass java/lang/invoke/LambdaForm$MH+0x000000010020dc00
# instanceKlass java/lang/invoke/LambdaForm$MH+0x000000010020d800
# instanceKlass java/lang/invoke/LambdaForm$BMH+0x000000010020d400
# instanceKlass java/lang/invoke/LambdaForm$DMH+0x000000010020d000
# instanceKlass java/lang/invoke/LambdaForm$DMH+0x000000010020cc00
# instanceKlass java/lang/invoke/LambdaForm$MH+0x000000010020c800
# instanceKlass java/lang/invoke/LambdaForm$BMH+0x000000010020c400
# instanceKlass java/lang/invoke/LambdaForm$DMH+0x000000010020c000
# instanceKlass java/lang/invoke/LambdaForm$DMH+0x000000010020bc00
# instanceKlass java/lang/invoke/LambdaForm$MH+0x000000010020b800
# instanceKlass java/lang/invoke/LambdaForm$BMH+0x000000010020b400
# instanceKlass java/lang/invoke/LambdaForm$DMH+0x000000010020b000
# instanceKlass java/lang/invoke/LambdaForm$DMH+0x000000010020ac00
# instanceKlass java/lang/invoke/LambdaForm$MH+0x000000010020a800
# instanceKlass java/lang/invoke/LambdaForm$BMH+0x000000010020a400
# instanceKlass java/lang/invoke/LambdaForm$DMH+0x000000010020a000
# instanceKlass java/lang/invoke/LambdaForm$DMH+0x0000000100209c00
# instanceKlass java/lang/invoke/LambdaForm$MH+0x0000000100209800
# instanceKlass java/lang/invoke/LambdaForm$DMH+0x0000000100209400
# instanceKlass java/lang/invoke/LambdaForm$MH+0x0000000100209000
# instanceKlass java/lang/invoke/LambdaForm$BMH+0x0000000100208c00
# instanceKlass java/lang/invoke/LambdaForm$DMH+0x0000000100208800
# instanceKlass java/lang/invoke/LambdaForm$DMH+0x0000000100208400
instanceKlass org/jetbrains/kotlin/com/intellij/util/containers/Unsafe
instanceKlass org/jetbrains/kotlin/com/intellij/util/ConcurrentLongObjectHashMap$CounterCell
instanceKlass org/jetbrains/kotlin/com/intellij/util/ConcurrentLongObjectHashMap$Node
instanceKlass org/jetbrains/kotlin/com/intellij/util/containers/ConcurrentLongObjectMap$LongEntry
instanceKlass org/jetbrains/kotlin/com/intellij/util/ConcurrentLongObjectHashMap
instanceKlass org/jetbrains/kotlin/com/intellij/util/containers/ConcurrentLongObjectMap
instanceKlass org/jetbrains/kotlin/com/intellij/util/Java11Shim$Companion$INSTANCE$1
instanceKlass org/jetbrains/kotlin/com/intellij/util/Java11Shim$Companion
instanceKlass org/jetbrains/kotlin/com/intellij/util/Java11Shim
instanceKlass  @bci org/jetbrains/kotlin/com/intellij/openapi/progress/ProgressManager <clinit> ()V 0 <appendix> argL0 ; # org/jetbrains/kotlin/com/intellij/openapi/progress/ProgressManager$$Lambda+0x0000000100205038
instanceKlass  @cpi org/jetbrains/kotlin/com/intellij/openapi/progress/ProgressManager 238 form vmentry <vmtarget> ; # java/lang/invoke/LambdaForm$DMH+0x0000000100208000
instanceKlass java/util/concurrent/Future
instanceKlass org/jetbrains/kotlin/com/intellij/openapi/progress/PerformInBackgroundOption
instanceKlass org/jetbrains/kotlin/com/intellij/openapi/progress/ProgressIndicator
instanceKlass org/jetbrains/kotlin/com/intellij/openapi/progress/Task
instanceKlass org/jetbrains/kotlin/com/intellij/openapi/progress/TaskInfo
instanceKlass org/jetbrains/kotlin/com/intellij/openapi/progress/Progressive
instanceKlass org/jetbrains/kotlin/com/intellij/psi/PsiReferenceService
instanceKlass org/jetbrains/kotlin/com/intellij/psi/stubs/ObjectStubTree
instanceKlass org/jetbrains/kotlin/com/intellij/psi/PsiFile
instanceKlass org/jetbrains/kotlin/com/intellij/psi/PsiFileSystemItem
instanceKlass org/jetbrains/kotlin/com/intellij/psi/PsiCheckedRenameElement
instanceKlass org/jetbrains/kotlin/com/intellij/psi/PsiNamedElement
instanceKlass org/jetbrains/kotlin/com/intellij/psi/NavigatablePsiElement
instanceKlass org/jetbrains/kotlin/com/intellij/psi/stubs/StubTreeLoader
instanceKlass org/jetbrains/kotlin/com/intellij/psi/PsiReferenceProviderBean
instanceKlass org/jetbrains/kotlin/com/intellij/psi/PsiReferenceContributor
instanceKlass org/jetbrains/kotlin/com/intellij/codeInsight/highlighting/PassRunningAssert
instanceKlass org/jetbrains/kotlin/it/unimi/dsi/fastutil/doubles/Double2ObjectMap
instanceKlass org/jetbrains/kotlin/it/unimi/dsi/fastutil/doubles/Double2ObjectFunction
instanceKlass java/util/function/DoubleFunction
instanceKlass org/jetbrains/kotlin/com/intellij/psi/PsiReferenceRegistrar
instanceKlass org/jetbrains/kotlin/com/intellij/psi/PsiReferenceProvider
instanceKlass org/jetbrains/kotlin/com/intellij/psi/impl/source/resolve/reference/ReferenceProvidersRegistry
instanceKlass org/jetbrains/kotlin/com/intellij/lang/PsiBuilder
instanceKlass org/jetbrains/kotlin/com/intellij/openapi/util/UserDataHolderUnprotected
instanceKlass org/jetbrains/kotlin/com/intellij/lang/SyntaxTreeBuilder
instanceKlass org/jetbrains/kotlin/com/intellij/lang/PsiBuilderFactory
instanceKlass  @bci java/util/regex/Pattern Range (II)Ljava/util/regex/Pattern$CharPredicate; 23 <appendix> member <vmtarget> ; # java/util/regex/Pattern$$Lambda+0x00000001001c2d60
instanceKlass  @bci org/jetbrains/kotlin/com/intellij/openapi/util/text/StringUtil <clinit> ()V 24 <appendix> argL0 ; # org/jetbrains/kotlin/com/intellij/openapi/util/text/StringUtil$$Lambda+0x00000001001be408
instanceKlass  @bci org/jetbrains/kotlin/com/intellij/openapi/util/text/StringUtil <clinit> ()V 16 <appendix> argL0 ; # org/jetbrains/kotlin/com/intellij/openapi/util/text/StringUtil$$Lambda+0x00000001001be1b8
instanceKlass org/jetbrains/kotlin/com/intellij/openapi/util/text/StringUtilRt
instanceKlass org/jetbrains/kotlin/com/intellij/psi/impl/source/CharTableImpl
instanceKlass org/jetbrains/kotlin/com/intellij/psi/PsiLanguageInjectionHost
instanceKlass org/jetbrains/kotlin/com/intellij/psi/PsiComment
instanceKlass org/jetbrains/kotlin/com/intellij/model/psi/UrlReferenceHost
instanceKlass org/jetbrains/kotlin/com/intellij/model/psi/PsiExternalReferenceHost
instanceKlass org/jetbrains/kotlin/com/intellij/navigation/NavigationItem
instanceKlass org/jetbrains/kotlin/com/intellij/pom/Navigatable
instanceKlass org/jetbrains/kotlin/com/intellij/psi/PsiWhiteSpace
instanceKlass org/jetbrains/kotlin/com/intellij/psi/PsiElement
instanceKlass org/jetbrains/kotlin/com/intellij/psi/tree/ILazyParseableElementTypeBase
instanceKlass org/jetbrains/kotlin/com/intellij/psi/tree/IElementType
instanceKlass org/jetbrains/kotlin/com/intellij/lang/FileASTNode
instanceKlass org/jetbrains/kotlin/com/intellij/openapi/util/Iconable
instanceKlass org/jetbrains/kotlin/com/intellij/psi/impl/ReparseableASTNode
instanceKlass org/jetbrains/kotlin/com/intellij/lang/ASTNode
instanceKlass org/jetbrains/kotlin/com/intellij/util/CharTable
instanceKlass org/jetbrains/kotlin/com/intellij/lang/ASTFactory
instanceKlass org/jetbrains/kotlin/com/intellij/lang/DefaultASTFactory
instanceKlass org/jetbrains/kotlin/com/intellij/openapi/vfs/encoding/EncodingRegistry
instanceKlass java/util/Collections$UnmodifiableMap$UnmodifiableEntrySet$UnmodifiableEntry
instanceKlass java/util/Collections$UnmodifiableMap$UnmodifiableEntrySet$1
instanceKlass java/util/Collections$UnmodifiableCollection
instanceKlass org/jetbrains/kotlin/com/intellij/openapi/extensions/impl/ImplementationClassResolver
instanceKlass org/jetbrains/kotlin/com/intellij/serviceContainer/LazyExtensionInstance
instanceKlass org/jetbrains/kotlin/com/intellij/openapi/extensions/PluginAware
instanceKlass org/jetbrains/kotlin/com/intellij/util/KeyedLazyInstance
instanceKlass org/jetbrains/kotlin/com/intellij/openapi/vfs/impl/BulkVirtualFileListenerAdapter
instanceKlass org/jetbrains/kotlin/com/intellij/util/messages/impl/BaseBusConnection
instanceKlass org/jetbrains/kotlin/com/intellij/util/messages/impl/MessageBusImpl$MessageHandlerHolder
instanceKlass org/jetbrains/kotlin/com/intellij/util/messages/MessageBusConnection
instanceKlass org/jetbrains/kotlin/com/intellij/util/messages/SimpleMessageBusConnection
instanceKlass org/jetbrains/kotlin/com/intellij/openapi/vfs/impl/VirtualFileManagerImpl$LoggingListener
# instanceKlass java/lang/invoke/LambdaForm$MH+0x00000001001b4800
instanceKlass  @bci org/jetbrains/kotlin/com/intellij/util/ReflectionUtil findAssignableField (Ljava/lang/Class;Ljava/lang/Class;Ljava/lang/String;)Ljava/lang/reflect/Field; 20 <appendix> member <vmtarget> ; # org/jetbrains/kotlin/com/intellij/util/ReflectionUtil$$Lambda+0x00000001001b0218
instanceKlass  @cpi org/jetbrains/kotlin/com/intellij/util/ReflectionUtil 96 form vmentry <vmtarget> ; # java/lang/invoke/LambdaForm$DMH+0x00000001001b4400
instanceKlass  @cpi org/jetbrains/kotlin/fir/types/ConeTypeIntersector 185 form vmentry <vmtarget> ; # java/lang/invoke/LambdaForm$DMH+0x00000001001b4000
instanceKlass sun/misc/Unsafe
instanceKlass org/jetbrains/kotlin/com/intellij/util/ReflectionUtil
instanceKlass  @bci org/jetbrains/kotlin/com/intellij/util/EventDispatcher createMulticaster (Ljava/lang/Class;Ljava/util/Map;Ljava/util/function/Supplier;)Ljava/lang/Object; 54 <appendix> member <vmtarget> ; # org/jetbrains/kotlin/com/intellij/util/EventDispatcher$$Lambda+0x00000001001acc48
instanceKlass  @bci org/jetbrains/kotlin/com/intellij/util/EventDispatcher getMulticaster ()Ljava/util/EventListener; 19 <appendix> member <vmtarget> ; # org/jetbrains/kotlin/com/intellij/util/EventDispatcher$$Lambda+0x00000001001aca10
instanceKlass org/jetbrains/kotlin/com/intellij/openapi/vfs/newvfs/CachingVirtualFileSystem
instanceKlass org/jetbrains/kotlin/kotlinx/collections/immutable/implementations/immutableMap/TrieNode$ModificationResult
instanceKlass org/jetbrains/kotlin/kotlinx/collections/immutable/internal/CommonFunctionsKt
instanceKlass org/jetbrains/kotlin/kotlinx/collections/immutable/implementations/immutableList/SmallPersistentVector$Companion
instanceKlass org/jetbrains/kotlin/kotlinx/collections/immutable/PersistentList
instanceKlass org/jetbrains/kotlin/kotlinx/collections/immutable/PersistentCollection
instanceKlass org/jetbrains/kotlin/kotlinx/collections/immutable/ImmutableList
instanceKlass org/jetbrains/kotlin/kotlinx/collections/immutable/ImmutableCollection
instanceKlass org/jetbrains/kotlin/kotlinx/collections/immutable/implementations/immutableList/UtilsKt
instanceKlass org/jetbrains/kotlin/kotlinx/collections/immutable/implementations/immutableMap/TrieNodeKt
instanceKlass java/util/concurrent/atomic/AtomicBoolean
instanceKlass java/util/concurrent/atomic/AtomicLongFieldUpdater$CASUpdater$1
instanceKlass java/util/concurrent/atomic/AtomicLongFieldUpdater
instanceKlass org/jetbrains/kotlin/kotlinx/collections/immutable/implementations/immutableMap/TrieNode$Companion
instanceKlass org/jetbrains/kotlin/kotlinx/collections/immutable/implementations/immutableMap/TrieNode
instanceKlass org/jetbrains/kotlin/kotlinx/collections/immutable/implementations/immutableMap/PersistentHashMap$Companion
instanceKlass kotlin/collections/AbstractMap$Companion
instanceKlass kotlin/collections/AbstractMap
instanceKlass org/jetbrains/kotlin/kotlinx/collections/immutable/PersistentMap
instanceKlass org/jetbrains/kotlin/kotlinx/collections/immutable/ImmutableMap
instanceKlass org/jetbrains/kotlin/kotlinx/collections/immutable/ExtensionsKt
instanceKlass  @bci org/jetbrains/kotlin/com/intellij/openapi/application/CachedSingletonsRegistry lazy (Lkotlin/jvm/functions/Function0;)Ljava/util/function/Supplier; 16 <appendix> member <vmtarget> ; # org/jetbrains/kotlin/com/intellij/openapi/application/CachedSingletonsRegistry$$Lambda+0x00000001001aaee8
instanceKlass org/jetbrains/kotlin/com/intellij/openapi/application/CachedSingletonsRegistry
instanceKlass  @bci org/jetbrains/kotlin/com/intellij/openapi/vfs/VirtualFileManager <clinit> ()V 24 <appendix> argL0 ; # org/jetbrains/kotlin/com/intellij/openapi/vfs/VirtualFileManager$$Lambda+0x00000001001aaaa0
instanceKlass  @bci org/jetbrains/kotlin/com/intellij/openapi/vfs/VirtualFileManager <clinit> ()V 16 <appendix> argL0 ; # org/jetbrains/kotlin/com/intellij/openapi/vfs/VirtualFileManager$$Lambda+0x00000001001aa870
instanceKlass  @cpi org/jetbrains/kotlin/com/intellij/openapi/vfs/VirtualFileManager 135 form vmentry <vmtarget> ; # java/lang/invoke/LambdaForm$DMH+0x00000001001ac400
# instanceKlass java/lang/invoke/LambdaForm$DMH+0x00000001001ac000
instanceKlass org/jetbrains/kotlin/com/intellij/openapi/vfs/newvfs/BulkFileListener
instanceKlass org/jetbrains/kotlin/com/intellij/util/messages/Topic
instanceKlass org/jetbrains/kotlin/com/intellij/openapi/vfs/VirtualFileManager
instanceKlass org/jetbrains/kotlin/com/intellij/openapi/extensions/ExtensionPointListener$Companion
instanceKlass org/jetbrains/kotlin/com/intellij/openapi/util/EmptyRunnable
instanceKlass  @bci org/jetbrains/kotlin/com/intellij/openapi/extensions/impl/ExtensionPointImpl <clinit> ()V 24 <appendix> argL0 ; # org/jetbrains/kotlin/com/intellij/openapi/extensions/impl/ExtensionPointImpl$$Lambda+0x00000001001a9228
instanceKlass org/jetbrains/kotlin/com/intellij/openapi/extensions/impl/ExtensionComponentAdapter
instanceKlass org/jetbrains/kotlin/com/intellij/openapi/extensions/LoadingOrder$Orderable
instanceKlass org/jetbrains/kotlin/com/intellij/openapi/extensions/ExtensionPointAdapter
instanceKlass org/jetbrains/kotlin/com/intellij/openapi/extensions/ExtensionPointListener
instanceKlass org/jetbrains/kotlin/com/intellij/openapi/extensions/impl/ExtensionPointImpl
instanceKlass org/jetbrains/kotlin/com/intellij/openapi/extensions/ExtensionPoint
instanceKlass  @bci org/jetbrains/kotlin/com/intellij/openapi/extensions/PluginId getId (Ljava/lang/String;)Lorg/jetbrains/kotlin/com/intellij/openapi/extensions/PluginId; 12 <appendix> argL0 ; # org/jetbrains/kotlin/com/intellij/openapi/extensions/PluginId$$Lambda+0x00000001001a18d0
instanceKlass org/jetbrains/kotlin/com/intellij/openapi/extensions/PluginId
instanceKlass org/jetbrains/kotlin/com/intellij/openapi/extensions/DefaultPluginDescriptor
instanceKlass org/jetbrains/kotlin/com/intellij/openapi/vfs/VirtualFileManagerListener
instanceKlass  @bci org/jetbrains/kotlin/com/intellij/core/CoreApplicationEnvironment <init> (Lorg/jetbrains/kotlin/com/intellij/openapi/Disposable;Z)V 103 <appendix> argL0 ; # org/jetbrains/kotlin/com/intellij/core/CoreApplicationEnvironment$$Lambda+0x00000001001a3768
instanceKlass java/util/EventObject
instanceKlass org/jetbrains/kotlin/com/intellij/openapi/editor/ex/DocumentEx
instanceKlass org/jetbrains/kotlin/com/intellij/openapi/editor/Document
instanceKlass org/jetbrains/kotlin/com/intellij/openapi/fileEditor/FileDocumentManager
instanceKlass  @bci org/jetbrains/kotlin/cli/jvm/modules/CoreJrtFileSystem <init> ()V 11 <appendix> member <vmtarget> ; # org/jetbrains/kotlin/cli/jvm/modules/CoreJrtFileSystem$$Lambda+0x00000001001a2000
instanceKlass  @bci org/jetbrains/kotlin/cli/jvm/modules/CoreJrtFileSystem <init> ()V 6 <appendix> member <vmtarget> ; # org/jetbrains/kotlin/cli/jvm/modules/CoreJrtFileSystem$$Lambda+0x00000001001a7b88
instanceKlass  @bci org/jetbrains/kotlin/cli/jvm/modules/CoreJrtFileSystem <clinit> ()V 16 <appendix> member <vmtarget> ; # org/jetbrains/kotlin/cli/jvm/modules/CoreJrtFileSystem$$Lambda+0x00000001001a7458
instanceKlass  @cpi org/jetbrains/kotlin/fir/analysis/diagnostics/FirDiagnosticRenderers 807 form vmentry <vmtarget> ; # java/lang/invoke/LambdaForm$DMH+0x00000001001a0c00
instanceKlass  @bci org/jetbrains/kotlin/cli/jvm/modules/CoreJrtFileSystem <clinit> ()V 11 <appendix> argL0 ; # org/jetbrains/kotlin/cli/jvm/modules/CoreJrtFileSystem$$Lambda+0x00000001001a7228
instanceKlass org/jetbrains/kotlin/cli/jvm/modules/CoreJrtFileSystem$Companion
instanceKlass org/jetbrains/kotlin/com/intellij/util/containers/ConcurrentFactoryMap
instanceKlass  @bci org/jetbrains/kotlin/com/intellij/openapi/vfs/impl/jar/CoreJarFileSystem <init> ()V 6 <appendix> member <vmtarget> ; # org/jetbrains/kotlin/com/intellij/openapi/vfs/impl/jar/CoreJarFileSystem$$Lambda+0x00000001001a6188
instanceKlass org/jetbrains/kotlin/com/intellij/openapi/vfs/impl/ArchiveHandler
instanceKlass org/jetbrains/kotlin/com/intellij/util/Function
instanceKlass org/jetbrains/kotlin/com/intellij/util/EventDispatcher
instanceKlass org/jetbrains/kotlin/com/intellij/openapi/vfs/VirtualFileListener
instanceKlass org/jetbrains/kotlin/com/intellij/openapi/extensions/ExtensionPointName$Companion
instanceKlass org/jetbrains/kotlin/com/intellij/openapi/extensions/BaseExtensionPointName
instanceKlass java/util/EventListener
instanceKlass  @bci org/jetbrains/kotlin/com/intellij/util/ArrayUtil <clinit> ()V 95 <appendix> argL0 ; # org/jetbrains/kotlin/com/intellij/util/ArrayUtil$$Lambda+0x000000010019f1f8
instanceKlass  @bci org/jetbrains/kotlin/com/intellij/util/ArrayUtil <clinit> ()V 87 <appendix> argL0 ; # org/jetbrains/kotlin/com/intellij/util/ArrayUtil$$Lambda+0x000000010019efc8
instanceKlass  @cpi org/jetbrains/kotlin/diagnostics/KtDiagnosticRenderers 240 form vmentry <vmtarget> ; # java/lang/invoke/LambdaForm$DMH+0x00000001001a0800
instanceKlass org/jetbrains/kotlin/com/intellij/util/ArrayUtil
instanceKlass  @bci org/jetbrains/kotlin/com/intellij/util/SmartList resizeIfNecessary (I)[Ljava/lang/Object; 32 <appendix> argL0 ; # org/jetbrains/kotlin/com/intellij/util/SmartList$$Lambda+0x000000010019eb80
instanceKlass org/jetbrains/kotlin/com/intellij/util/ArrayFactory
instanceKlass  @bci org/jetbrains/kotlin/com/intellij/openapi/application/ApplicationManager setApplication (Lorg/jetbrains/kotlin/com/intellij/openapi/application/Application;Ljava/util/function/Supplier;Lorg/jetbrains/kotlin/com/intellij/openapi/Disposable;)V 42 <appendix> member <vmtarget> ; # org/jetbrains/kotlin/com/intellij/openapi/application/ApplicationManager$$Lambda+0x000000010019e738
instanceKlass  @cpi org/jetbrains/kotlin/com/intellij/openapi/application/ApplicationManager 106 form vmentry <vmtarget> ; # java/lang/invoke/LambdaForm$DMH+0x00000001001a0400
instanceKlass  @bci org/jetbrains/kotlin/com/intellij/core/CoreApplicationEnvironment <init> (Lorg/jetbrains/kotlin/com/intellij/openapi/Disposable;Z)V 59 <appendix> member <vmtarget> ; # org/jetbrains/kotlin/com/intellij/core/CoreApplicationEnvironment$$Lambda+0x000000010019e500
instanceKlass java/util/AbstractList$Itr
instanceKlass  @bci org/jetbrains/kotlin/com/intellij/openapi/extensions/Extensions setRootArea (Lorg/jetbrains/kotlin/com/intellij/openapi/extensions/impl/ExtensionsAreaImpl;Lorg/jetbrains/kotlin/com/intellij/openapi/Disposable;)V 26 <appendix> member <vmtarget> ; # org/jetbrains/kotlin/com/intellij/openapi/extensions/Extensions$$Lambda+0x000000010019e2c8
instanceKlass  @cpi org/jetbrains/kotlin/cli/jvm/compiler/VfsBasedProjectEnvironment 238 form vmentry <vmtarget> ; # java/lang/invoke/LambdaForm$DMH+0x00000001001a0000
instanceKlass org/jetbrains/kotlin/com/intellij/openapi/extensions/Extensions
instanceKlass org/jetbrains/kotlin/com/intellij/openapi/util/ObjectNode$ListNodeChildren
instanceKlass org/jetbrains/kotlin/com/intellij/openapi/util/Disposer$CheckedDisposableImpl
instanceKlass org/jetbrains/kotlin/com/intellij/openapi/util/CheckedDisposable
instanceKlass org/jetbrains/kotlin/com/intellij/openapi/extensions/impl/ExtensionsAreaImpl
instanceKlass org/jetbrains/kotlin/com/intellij/util/pico/DefaultPicoContainer$InstanceComponentAdapter
instanceKlass org/jetbrains/kotlin/com/intellij/util/pico/DefaultPicoContainer$LinkedHashSetWrapper
instanceKlass org/jetbrains/kotlin/org/picocontainer/ComponentAdapter
instanceKlass  @bci org/jetbrains/kotlin/com/intellij/util/messages/impl/RootBus <init> (Lorg/jetbrains/kotlin/com/intellij/util/messages/MessageBusOwner;)V 45 <appendix> argL0 ; # org/jetbrains/kotlin/com/intellij/util/messages/impl/RootBus$$Lambda+0x000000010019c178
instanceKlass org/jetbrains/kotlin/com/intellij/util/messages/impl/MessageQueue
instanceKlass org/jetbrains/kotlin/com/intellij/util/messages/impl/CompositeMessageBusKt
instanceKlass org/jetbrains/kotlin/com/intellij/openapi/util/Disposer$1
instanceKlass java/util/concurrent/ConcurrentLinkedQueue$Node
instanceKlass org/jetbrains/kotlin/com/intellij/util/messages/impl/MessageBusImpl$Companion
instanceKlass org/jetbrains/kotlin/com/intellij/util/messages/impl/MessageBusImpl
instanceKlass org/jetbrains/kotlin/com/intellij/util/messages/impl/MessageBusEx
instanceKlass org/jetbrains/kotlin/com/intellij/util/messages/MessageBusFactory
instanceKlass org/jetbrains/kotlin/com/intellij/util/keyFMap/DebugFMap
instanceKlass org/jetbrains/kotlin/com/intellij/util/keyFMap/EmptyFMap
instanceKlass org/jetbrains/kotlin/com/intellij/util/keyFMap/KeyFMap
instanceKlass org/jetbrains/kotlin/com/intellij/openapi/application/ModalityState
instanceKlass kotlinx/coroutines/CoroutineScope
instanceKlass org/jetbrains/kotlin/com/intellij/openapi/extensions/ExtensionsArea
instanceKlass org/jetbrains/kotlin/com/intellij/util/pico/DefaultPicoContainer
instanceKlass org/jetbrains/kotlin/com/intellij/util/messages/MessageBus
instanceKlass org/jetbrains/kotlin/com/intellij/openapi/fileTypes/UnknownFileType
instanceKlass org/jetbrains/kotlin/com/intellij/util/containers/FastUtilCaseInsensitiveStringHashingStrategy
instanceKlass org/jetbrains/kotlin/com/intellij/util/containers/FastUtilHashingStrategies$1
instanceKlass org/jetbrains/kotlin/com/intellij/util/containers/FastUtilHashingStrategies$SerializableHashStrategy
instanceKlass org/jetbrains/kotlin/com/intellij/util/containers/FastUtilCharSequenceHashingStrategy
instanceKlass org/jetbrains/kotlin/com/intellij/util/containers/FastUtilHashingStrategies
instanceKlass jdk/internal/math/FloatingDecimal$ASCIIToBinaryBuffer
instanceKlass jdk/internal/math/FloatingDecimal$PreparedASCIIToBinaryBuffer
instanceKlass jdk/internal/math/FloatingDecimal$ASCIIToBinaryConverter
instanceKlass jdk/internal/math/FloatingDecimal$BinaryToASCIIBuffer
instanceKlass jdk/internal/math/FloatingDecimal$ExceptionalBinaryToASCIIBuffer
instanceKlass jdk/internal/math/FloatingDecimal$BinaryToASCIIConverter
instanceKlass jdk/internal/math/FloatingDecimal
instanceKlass java/util/regex/ASCII
instanceKlass java/util/regex/IntHashSet
instanceKlass java/util/regex/Matcher
instanceKlass java/util/regex/MatchResult
instanceKlass org/jetbrains/kotlin/com/intellij/openapi/util/SystemInfoRt
instanceKlass org/jetbrains/kotlin/com/intellij/util/text/CharArrayCharSequence
instanceKlass org/jetbrains/kotlin/com/intellij/util/text/CharSequenceBackedByArray
instanceKlass org/jetbrains/kotlin/com/intellij/openapi/util/text/CharSequenceWithStringHash
instanceKlass org/jetbrains/kotlin/com/intellij/openapi/util/text/Strings
instanceKlass org/jetbrains/kotlin/com/intellij/util/text/StringKt
instanceKlass sun/nio/fs/WindowsChannelFactory$2
instanceKlass sun/nio/fs/WindowsChannelFactory$Flags
instanceKlass sun/nio/fs/WindowsChannelFactory$1
instanceKlass sun/nio/fs/WindowsChannelFactory
instanceKlass sun/nio/fs/WindowsSecurityDescriptor
instanceKlass java/nio/file/attribute/FileAttribute
instanceKlass java/nio/channels/spi/AbstractInterruptibleChannel
instanceKlass java/nio/channels/InterruptibleChannel
instanceKlass java/nio/channels/ScatteringByteChannel
instanceKlass java/nio/channels/GatheringByteChannel
instanceKlass java/nio/channels/SeekableByteChannel
instanceKlass java/nio/channels/ByteChannel
instanceKlass java/nio/channels/WritableByteChannel
instanceKlass java/nio/channels/ReadableByteChannel
instanceKlass java/nio/channels/Channel
instanceKlass java/nio/file/FileChannelLinesSpliterator
instanceKlass sun/nio/fs/WindowsPath$1
instanceKlass  @bci org/jetbrains/kotlin/com/intellij/util/concurrency/SynchronizedClearableLazy getValue ()Ljava/lang/Object; 30 <appendix> member <vmtarget> ; # org/jetbrains/kotlin/com/intellij/util/concurrency/SynchronizedClearableLazy$$Lambda+0x0000000100196250
instanceKlass java/util/function/UnaryOperator
instanceKlass org/jetbrains/kotlin/com/intellij/util/ObjectUtils$Sentinel
instanceKlass org/jetbrains/kotlin/com/intellij/util/ObjectUtils
instanceKlass org/jetbrains/kotlin/com/intellij/util/concurrency/SynchronizedClearableLazy$Companion
instanceKlass org/jetbrains/kotlin/com/intellij/util/concurrency/SynchronizedClearableLazy
instanceKlass org/jetbrains/kotlin/com/intellij/openapi/util/registry/EarlyAccessRegistryManagerKt
instanceKlass org/jetbrains/kotlin/com/intellij/openapi/util/registry/EarlyAccessRegistryManager
instanceKlass org/jetbrains/kotlin/com/intellij/ide/plugins/DisabledPluginsState$Companion
instanceKlass org/jetbrains/kotlin/com/intellij/ide/plugins/DisabledPluginsState
instanceKlass org/jetbrains/kotlin/com/intellij/ide/plugins/PluginEnabler$Headless
instanceKlass org/jetbrains/kotlin/com/intellij/ide/plugins/PluginEnabler
instanceKlass org/jetbrains/kotlin/cli/jvm/compiler/KotlinCoreApplicationEnvironmentMode$UnitTest
instanceKlass org/jetbrains/kotlin/cli/jvm/compiler/KotlinCoreApplicationEnvironment$Companion
instanceKlass org/jetbrains/kotlin/com/intellij/lang/ParserDefinition
instanceKlass org/jetbrains/kotlin/com/intellij/openapi/fileTypes/FileType
instanceKlass org/jetbrains/kotlin/com/intellij/openapi/vfs/VirtualFileSystem
instanceKlass org/jetbrains/kotlin/com/intellij/openapi/util/KeyedExtensionCollector
instanceKlass org/jetbrains/kotlin/com/intellij/concurrency/JobLauncher
instanceKlass org/jetbrains/kotlin/com/intellij/openapi/util/UserDataHolderEx
instanceKlass org/jetbrains/kotlin/com/intellij/util/messages/MessageBusOwner
instanceKlass org/jetbrains/kotlin/com/intellij/openapi/application/ex/ApplicationEx
instanceKlass org/jetbrains/kotlin/org/picocontainer/MutablePicoContainer
instanceKlass org/jetbrains/kotlin/org/picocontainer/PicoContainer
instanceKlass org/jetbrains/kotlin/com/intellij/openapi/util/SimpleModificationTracker
instanceKlass org/jetbrains/kotlin/com/intellij/openapi/util/ModificationTracker
instanceKlass org/jetbrains/kotlin/com/intellij/openapi/progress/ProgressIndicatorProvider
instanceKlass org/jetbrains/kotlin/com/intellij/openapi/extensions/PluginDescriptor
instanceKlass org/jetbrains/kotlin/com/intellij/openapi/fileTypes/FileTypeRegistry
instanceKlass org/jetbrains/kotlin/com/intellij/openapi/application/Application
instanceKlass org/jetbrains/kotlin/com/intellij/openapi/components/ComponentManager
instanceKlass org/jetbrains/kotlin/com/intellij/openapi/util/UserDataHolder
instanceKlass org/jetbrains/kotlin/com/intellij/openapi/extensions/AreaInstance
instanceKlass org/jetbrains/kotlin/com/intellij/core/CoreApplicationEnvironment
instanceKlass org/jetbrains/kotlin/cli/jvm/compiler/KotlinCoreApplicationEnvironmentMode$Production
instanceKlass org/jetbrains/kotlin/cli/jvm/compiler/KotlinCoreApplicationEnvironmentMode
instanceKlass org/jetbrains/kotlin/cli/jvm/compiler/KotlinCoreEnvironment$Companion
instanceKlass org/jetbrains/kotlin/cli/jvm/compiler/KotlinCoreEnvironment
instanceKlass org/jetbrains/kotlin/cli/jvm/compiler/pipeline/JvmCompilerPipelineKt
instanceKlass org/jetbrains/kotlin/cli/jvm/config/JvmContentRootsKt
instanceKlass org/jetbrains/kotlin/cli/jvm/config/JvmClasspathRoot
instanceKlass org/jetbrains/kotlin/cli/jvm/config/JvmContentRoot
instanceKlass org/jetbrains/kotlin/cli/jvm/config/JvmClasspathRootBase
instanceKlass org/jetbrains/kotlin/cli/jvm/config/JvmContentRootBase
instanceKlass  @bci org/jetbrains/kotlin/config/CompilerConfiguration add (Lorg/jetbrains/kotlin/config/CompilerConfigurationKey;Ljava/lang/Object;)V 32 <appendix> argL0 ; # org/jetbrains/kotlin/config/CompilerConfiguration$$Lambda+0x000000010018a030
instanceKlass org/jetbrains/kotlin/cli/common/config/KotlinSourceRoot
instanceKlass org/jetbrains/kotlin/cli/common/config/ContentRoot
instanceKlass org/jetbrains/kotlin/cli/common/config/ContentRootsKt
instanceKlass org/jetbrains/kotlin/cli/jvm/compiler/KotlinToJVMBytecodeCompilerKt
instanceKlass org/jetbrains/kotlin/cli/common/modules/ModuleChunk
instanceKlass org/jetbrains/kotlin/cli/jvm/compiler/CliCompilerUtilsKt
instanceKlass org/jetbrains/kotlin/cli/common/modules/ModuleBuilder
instanceKlass org/jetbrains/kotlin/modules/Module
instanceKlass org/jetbrains/kotlin/cli/jvm/K2JVMCompilerKt
instanceKlass org/jetbrains/kotlin/config/JvmSerializeIrMode$Companion
instanceKlass org/jetbrains/kotlin/config/JvmAbiStability$Companion
instanceKlass org/jetbrains/kotlin/compiler/plugin/CommandLineProcessor
instanceKlass org/jetbrains/kotlin/compiler/plugin/CompilerPluginRegistrar$Companion
instanceKlass org/jetbrains/kotlin/compiler/plugin/CompilerPluginRegistrar
instanceKlass  @bci org/jetbrains/kotlin/config/CompilerConfiguration addAll (Lorg/jetbrains/kotlin/config/CompilerConfigurationKey;ILjava/util/Collection;)V 38 <appendix> argL0 ; # org/jetbrains/kotlin/config/CompilerConfiguration$$Lambda+0x0000000100187498
instanceKlass org/jetbrains/kotlin/compiler/plugin/ComponentRegistrar$Companion
instanceKlass org/jetbrains/kotlin/compiler/plugin/ComponentRegistrar
instanceKlass org/jetbrains/kotlin/util/ServiceLoaderLite
instanceKlass org/jetbrains/kotlin/cli/common/CLICompilerKt
instanceKlass org/jetbrains/kotlin/cli/jvm/plugins/PluginCliParser
instanceKlass org/jetbrains/kotlin/cli/plugins/PluginsOptionsParserKt
instanceKlass kotlin/collections/ArrayAsCollection
instanceKlass org/jetbrains/kotlin/backend/common/phaser/PhaseConfig
instanceKlass org/jetbrains/kotlin/backend/common/phaser/PhaseConfigKt
instanceKlass org/jetbrains/kotlin/cli/common/CreatePhaseConfigKt
instanceKlass org/jetbrains/kotlin/backend/jvm/lower/ResolveInlineCalls
instanceKlass org/jetbrains/kotlin/backend/jvm/lower/GenerateMultifileFacades
instanceKlass org/jetbrains/kotlin/backend/jvm/lower/InlinedClassReferencesBoxingLowering
instanceKlass org/jetbrains/kotlin/backend/jvm/lower/MarkNecessaryInlinedClassesAsRegeneratedLowering
instanceKlass org/jetbrains/kotlin/backend/jvm/lower/ApiVersionIsAtLeastEvaluationLowering
instanceKlass org/jetbrains/kotlin/backend/jvm/lower/RepeatedAnnotationLowering
instanceKlass org/jetbrains/kotlin/backend/jvm/lower/JvmStaticInObjectLowering
# instanceKlass java/lang/invoke/LambdaForm$MH+0x0000000100178000
instanceKlass org/jetbrains/kotlin/backend/jvm/lower/FileClassLowering
instanceKlass org/jetbrains/kotlin/backend/jvm/lower/ScriptsToClassesLowering
instanceKlass org/jetbrains/kotlin/backend/jvm/lower/SerializeIrPhase
instanceKlass org/jetbrains/kotlin/backend/common/lower/ConstEvaluationLowering
instanceKlass org/jetbrains/kotlin/backend/common/ir/ExpectSymbolTransformer
instanceKlass org/jetbrains/kotlin/backend/jvm/lower/ProcessOptionalAnnotations
instanceKlass org/jetbrains/kotlin/backend/common/phaser/IrValidationPhase
instanceKlass org/jetbrains/kotlin/backend/jvm/lower/ExternalPackageParentPatcherLowering
instanceKlass org/jetbrains/kotlin/backend/jvm/lower/FakeLocalVariablesForIrInlinerLowering
instanceKlass org/jetbrains/kotlin/backend/jvm/ir/IrInlineReferenceLocator
instanceKlass org/jetbrains/kotlin/backend/jvm/lower/FakeInliningLocalVariables
instanceKlass org/jetbrains/kotlin/backend/jvm/lower/RenameFieldsLowering
instanceKlass org/jetbrains/kotlin/backend/jvm/lower/ReplaceNumberToCharCallSitesLowering
instanceKlass org/jetbrains/kotlin/backend/common/lower/KotlinNothingValueExceptionLowering
instanceKlass org/jetbrains/kotlin/backend/jvm/lower/ReplaceKFunctionInvokeWithFunctionInvoke
instanceKlass org/jetbrains/kotlin/backend/jvm/lower/RecordEnclosingMethodsLowering
instanceKlass org/jetbrains/kotlin/backend/jvm/lower/AdditionalClassAnnotationLowering
instanceKlass org/jetbrains/kotlin/backend/jvm/lower/JvmOptimizationLowering
instanceKlass org/jetbrains/kotlin/backend/jvm/lower/JvmSafeCallChainFoldingLowering
instanceKlass org/jetbrains/kotlin/backend/jvm/lower/ToArrayLowering
instanceKlass org/jetbrains/kotlin/backend/jvm/lower/JvmArgumentNullabilityAssertionsLowering
instanceKlass org/jetbrains/kotlin/backend/jvm/lower/SyntheticAccessorLowering
instanceKlass org/jetbrains/kotlin/backend/jvm/lower/BridgeLowering
instanceKlass org/jetbrains/kotlin/backend/jvm/lower/JvmStaticInCompanionLowering
instanceKlass org/jetbrains/kotlin/backend/common/lower/InitializersCleanupLowering
instanceKlass org/jetbrains/kotlin/backend/jvm/lower/UniqueLoopLabelsLowering
instanceKlass org/jetbrains/kotlin/backend/common/lower/InitializersLoweringBase
instanceKlass org/jetbrains/kotlin/backend/jvm/lower/ObjectClassLowering
instanceKlass org/jetbrains/kotlin/backend/jvm/lower/EnumClassLowering
instanceKlass org/jetbrains/kotlin/backend/common/lower/InnerClassConstructorCallsLowering
instanceKlass org/jetbrains/kotlin/backend/common/lower/InnerClassesMemberBodyLowering
instanceKlass org/jetbrains/kotlin/backend/common/lower/InnerClassesLowering
instanceKlass org/jetbrains/kotlin/backend/jvm/lower/TailCallOptimizationLowering
instanceKlass org/jetbrains/kotlin/backend/jvm/lower/InterfaceObjectCallsLowering
instanceKlass org/jetbrains/kotlin/ir/visitors/IrElementVisitorVoid
instanceKlass jdk/internal/foreign/MemorySessionImpl
instanceKlass java/lang/foreign/MemorySegment$Scope
instanceKlass org/jetbrains/kotlin/backend/jvm/lower/ReplaceDefaultImplsOverriddenSymbols
instanceKlass org/jetbrains/kotlin/backend/jvm/lower/InheritedDefaultMethodsOnClassesLowering
instanceKlass org/jetbrains/kotlin/backend/common/lower/DefaultParameterCleaner
instanceKlass kotlin/reflect/jvm/internal/pcollections/ConsPStack$Itr
instanceKlass org/jetbrains/kotlin/backend/common/lower/DefaultArgumentStubGenerator
instanceKlass org/jetbrains/kotlin/backend/common/DeclarationTransformer
instanceKlass org/jetbrains/kotlin/backend/jvm/lower/JvmDefaultConstructorLowering
instanceKlass org/jetbrains/kotlin/backend/common/lower/LocalClassPopupLowering
instanceKlass org/jetbrains/kotlin/backend/jvm/lower/RemoveDuplicatedInlinedLocalClassesLowering
instanceKlass org/jetbrains/kotlin/backend/common/lower/LocalDeclarationsLowering
instanceKlass org/jetbrains/kotlin/backend/common/lower/SharedVariablesLowering
instanceKlass org/jetbrains/kotlin/backend/common/lower/ReturnableBlockLowering
instanceKlass org/jetbrains/kotlin/backend/jvm/lower/AssertionLowering
instanceKlass org/jetbrains/kotlin/backend/common/lower/TailrecLowering
instanceKlass org/jetbrains/kotlin/backend/jvm/lower/CollectionStubMethodLowering
instanceKlass org/jetbrains/kotlin/backend/common/lower/loops/ForLoopsLowering
instanceKlass org/jetbrains/kotlin/backend/common/lower/RangeContainsLowering
instanceKlass org/jetbrains/kotlin/backend/jvm/lower/JvmBuiltInsLowering
instanceKlass org/jetbrains/kotlin/backend/jvm/lower/MoveOrCopyCompanionObjectFieldsLowering
instanceKlass org/jetbrains/kotlin/backend/common/lower/ArrayConstructorLowering
instanceKlass org/jetbrains/kotlin/backend/jvm/lower/SingletonOrConstantDelegationLowering
instanceKlass org/jetbrains/kotlin/backend/jvm/lower/PropertyReferenceDelegationLowering
instanceKlass org/jetbrains/kotlin/backend/jvm/lower/SuspendLoweringUtils
instanceKlass org/jetbrains/kotlin/ir/inline/InlineCallableReferenceToLambdaPhase
instanceKlass org/jetbrains/kotlin/backend/common/lower/InventNamesForLocalClasses
instanceKlass org/jetbrains/kotlin/backend/jvm/lower/JvmLateinitLowering
instanceKlass org/jetbrains/kotlin/ir/visitors/IrElementTransformerVoid
instanceKlass org/jetbrains/kotlin/backend/jvm/lower/PolymorphicSignatureLowering
instanceKlass org/jetbrains/kotlin/backend/common/lower/AnnotationImplementationLowering
instanceKlass org/jetbrains/kotlin/backend/jvm/lower/AnnotationLowering
instanceKlass org/jetbrains/kotlin/backend/jvm/lower/MainMethodGenerationLowering
instanceKlass org/jetbrains/kotlin/backend/jvm/lower/JvmOverloadsAnnotationLowering
instanceKlass org/jetbrains/kotlin/backend/common/lower/ProvisionalFunctionExpressionLowering
instanceKlass org/jetbrains/kotlin/ir/visitors/IrElementTransformer
instanceKlass org/jetbrains/kotlin/ir/visitors/IrElementVisitor
instanceKlass org/jetbrains/kotlin/backend/common/BodyLoweringPass
instanceKlass org/jetbrains/kotlin/backend/jvm/lower/TypeAliasAnnotationMethodsLowering
instanceKlass org/jetbrains/kotlin/backend/common/ClassLoweringPass
instanceKlass org/jetbrains/kotlin/backend/jvm/JvmLoweringPhasesKt
instanceKlass  @bci org/jetbrains/kotlin/backend/common/phaser/PhaseBuildersKt makeIrModulePhase (Lkotlin/jvm/functions/Function1;Ljava/lang/String;Ljava/lang/String;Ljava/util/Set;Ljava/util/Set;Ljava/util/Set;)Lorg/jetbrains/kotlin/backend/common/phaser/SimpleNamedCompilerPhase; 69 <appendix> member <vmtarget> ; # org/jetbrains/kotlin/backend/common/phaser/PhaseBuildersKt$$Lambda+0x0000000100127788
instanceKlass  @bci org/jetbrains/kotlin/backend/common/phaser/PhaseBuildersKt makeIrModulePhase (Lkotlin/jvm/functions/Function1;Ljava/lang/String;Ljava/lang/String;Ljava/util/Set;Ljava/util/Set;Ljava/util/Set;)Lorg/jetbrains/kotlin/backend/common/phaser/SimpleNamedCompilerPhase; 63 <appendix> argL0 ; # org/jetbrains/kotlin/backend/common/phaser/PhaseBuildersKt$$Lambda+0x0000000100127558
instanceKlass org/jetbrains/kotlin/backend/jvm/GenerateAdditionalClassesPhase
instanceKlass org/jetbrains/kotlin/backend/common/phaser/CompositePhase
instanceKlass org/jetbrains/kotlin/backend/common/phaser/PerformByIrFilePhase
instanceKlass org/jetbrains/kotlin/backend/common/phaser/SameTypeCompilerPhase
instanceKlass org/jetbrains/kotlin/backend/common/phaser/PerformByIrFileKt
instanceKlass org/jetbrains/kotlin/backend/common/phaser/AbstractNamedCompilerPhase
instanceKlass org/jetbrains/kotlin/backend/common/phaser/CompilerPhase
instanceKlass  @bci org/jetbrains/kotlin/backend/common/phaser/PhaseBuildersKt createSimpleNamedCompilerPhase (Ljava/lang/String;Ljava/lang/String;Ljava/util/Set;Ljava/util/Set;Ljava/util/Set;Lkotlin/jvm/functions/Function4;Lkotlin/jvm/functions/Function2;)Lorg/jetbrains/kotlin/backend/common/phaser/SimpleNamedCompilerPhase; 124 <appendix> member <vmtarget> ; # org/jetbrains/kotlin/backend/common/phaser/PhaseBuildersKt$$Lambda+0x0000000100124d18
instanceKlass org/jetbrains/kotlin/backend/common/phaser/PhaseBuildersKt
instanceKlass  @bci org/jetbrains/kotlin/backend/common/phaser/PhaseFactoriesKt createFilePhase (Ljava/lang/Class;Ljava/util/Set;Lkotlin/jvm/functions/Function1;)Lorg/jetbrains/kotlin/backend/common/phaser/SimpleNamedCompilerPhase; 33 <appendix> member <vmtarget> ; # org/jetbrains/kotlin/backend/common/phaser/PhaseFactoriesKt$$Lambda+0x00000001001248c8
instanceKlass  @bci org/jetbrains/kotlin/backend/common/phaser/PhaseFactoriesKt createFilePhase (Ljava/lang/Class;Ljava/util/Set;Lkotlin/jvm/functions/Function1;)Lorg/jetbrains/kotlin/backend/common/phaser/SimpleNamedCompilerPhase; 27 <appendix> argL0 ; # org/jetbrains/kotlin/backend/common/phaser/PhaseFactoriesKt$$Lambda+0x0000000100124698
instanceKlass org/jetbrains/kotlin/ir/IrElementBase
instanceKlass org/jetbrains/kotlin/ir/declarations/IrSymbolOwner
instanceKlass org/jetbrains/kotlin/ir/declarations/IrDeclarationContainer
instanceKlass org/jetbrains/kotlin/ir/declarations/IrDeclarationParent
instanceKlass org/jetbrains/kotlin/ir/declarations/IrMutableAnnotationContainer
instanceKlass org/jetbrains/kotlin/ir/declarations/IrAnnotationContainer
instanceKlass org/jetbrains/kotlin/ir/declarations/IrMetadataSourceOwner
instanceKlass org/jetbrains/kotlin/ir/IrElement
instanceKlass org/jetbrains/kotlin/backend/common/phaser/PhaserState
instanceKlass org/jetbrains/kotlin/backend/common/phaser/PhaseConfigurationService
instanceKlass  @bci org/jetbrains/kotlin/backend/common/phaser/DumperVerifierKt getIrValidator (Z)Lkotlin/jvm/functions/Function3; 1 <appendix> member <vmtarget> ; # org/jetbrains/kotlin/backend/common/phaser/DumperVerifierKt$$Lambda+0x000000010011e770
instanceKlass  @cpi org/jetbrains/kotlin/backend/common/phaser/DumperVerifierKt 247 form vmentry <vmtarget> ; # java/lang/invoke/LambdaForm$DMH+0x0000000100120800
instanceKlass  @cpi org/jetbrains/kotlin/fir/resolve/calls/stages/CheckHiddenDeclaration 228 form vmentry <vmtarget> ; # java/lang/invoke/LambdaForm$DMH+0x0000000100120400
instanceKlass  @bci org/jetbrains/kotlin/backend/common/phaser/DumperVerifierKt getIrDumper ()Lkotlin/jvm/functions/Function3; 0 <appendix> argL0 ; # org/jetbrains/kotlin/backend/common/phaser/DumperVerifierKt$$Lambda+0x000000010011e540
instanceKlass  @cpi org/jetbrains/kotlin/load/java/typeEnhancement/PredefinedEnhancementInfoKt 336 form vmentry <vmtarget> ; # java/lang/invoke/LambdaForm$DMH+0x0000000100120000
instanceKlass kotlin/Unit
instanceKlass org/jetbrains/kotlin/backend/common/phaser/ActionState
instanceKlass org/jetbrains/kotlin/backend/common/phaser/DumperVerifierKt
instanceKlass java/util/Collections$EmptyIterator
instanceKlass java/lang/Class$AnnotationData
instanceKlass kotlin/annotation/Retention
instanceKlass  @bci sun/reflect/annotation/AnnotationParser parseClassArray (ILjava/nio/ByteBuffer;Ljdk/internal/reflect/ConstantPool;Ljava/lang/Class;)Ljava/lang/Object; 10 <appendix> member <vmtarget> ; # sun/reflect/annotation/AnnotationParser$$Lambda+0x00000001000f7938
instanceKlass org/jetbrains/kotlin/backend/common/phaser/PhaseDescription
instanceKlass sun/reflect/generics/reflectiveObjects/LazyReflectiveObjectGenerator
instanceKlass sun/reflect/generics/tree/TypeVariableSignature
instanceKlass sun/reflect/generics/reflectiveObjects/ParameterizedTypeImpl
instanceKlass java/lang/reflect/ParameterizedType
instanceKlass org/jetbrains/kotlin/backend/jvm/FileCodegen
instanceKlass org/jetbrains/kotlin/backend/common/FileLoweringPass
instanceKlass org/jetbrains/kotlin/backend/common/ModuleLoweringPass
instanceKlass org/jetbrains/kotlin/backend/jvm/JvmBackendContext
instanceKlass org/jetbrains/kotlin/backend/common/CommonBackendContext
instanceKlass org/jetbrains/kotlin/backend/common/phaser/BackendContextHolder
instanceKlass org/jetbrains/kotlin/backend/common/LoggingContext
instanceKlass org/jetbrains/kotlin/backend/common/ErrorReportingContext
instanceKlass org/jetbrains/kotlin/backend/common/BackendContext
instanceKlass sun/reflect/generics/tree/ClassSignature
instanceKlass sun/reflect/generics/tree/Signature
instanceKlass sun/reflect/generics/tree/FormalTypeParameter
instanceKlass java/lang/reflect/TypeVariable
instanceKlass sun/reflect/generics/repository/AbstractRepository
instanceKlass org/jetbrains/kotlin/backend/common/phaser/PhaseFactoriesKt
instanceKlass org/jetbrains/kotlin/backend/jvm/JvmPhasesKt
instanceKlass org/jetbrains/kotlin/cli/common/environment/UtilKt
instanceKlass org/jetbrains/kotlin/com/intellij/util/containers/CanonicalHashingStrategy
instanceKlass  @bci org/jetbrains/kotlin/com/intellij/util/containers/ConcurrentRefHashMap <clinit> ()V 23 <appendix> argL0 ; # org/jetbrains/kotlin/com/intellij/util/containers/ConcurrentRefHashMap$$Lambda+0x000000010011aa10
instanceKlass org/jetbrains/kotlin/com/intellij/util/containers/ConcurrentRefHashMap$HardKey
instanceKlass org/jetbrains/kotlin/com/intellij/util/containers/ConcurrentRefHashMap$1
instanceKlass org/jetbrains/kotlin/com/intellij/util/containers/ConcurrentRefHashMap$KeyReference
instanceKlass org/jetbrains/kotlin/com/intellij/openapi/util/ObjectNode$1
instanceKlass org/jetbrains/kotlin/com/intellij/openapi/util/Disposer$2
instanceKlass org/jetbrains/kotlin/com/intellij/openapi/util/ObjectNode$NodeChildren
instanceKlass org/jetbrains/kotlin/com/intellij/openapi/util/ObjectNode
instanceKlass org/jetbrains/kotlin/it/unimi/dsi/fastutil/objects/Object2ObjectMap$FastEntrySet
instanceKlass org/jetbrains/kotlin/it/unimi/dsi/fastutil/objects/AbstractObject2ObjectFunction
instanceKlass org/jetbrains/kotlin/it/unimi/dsi/fastutil/objects/Object2ObjectMap
instanceKlass org/jetbrains/kotlin/it/unimi/dsi/fastutil/objects/Object2ObjectFunction
instanceKlass org/jetbrains/kotlin/com/intellij/util/containers/RefHashMap$HardKey
instanceKlass org/jetbrains/kotlin/com/intellij/util/containers/RefHashMap$Key
instanceKlass org/jetbrains/kotlin/com/intellij/util/containers/IdentityHashingStrategy
instanceKlass org/jetbrains/kotlin/com/intellij/util/containers/HashingStrategy
instanceKlass org/jetbrains/kotlin/it/unimi/dsi/fastutil/Hash$Strategy
instanceKlass org/jetbrains/kotlin/com/intellij/util/containers/CollectionFactory
instanceKlass org/jetbrains/kotlin/it/unimi/dsi/fastutil/objects/Reference2ObjectMap$FastEntrySet
instanceKlass org/jetbrains/kotlin/it/unimi/dsi/fastutil/objects/ReferenceSet
instanceKlass org/jetbrains/kotlin/it/unimi/dsi/fastutil/objects/ReferenceCollection
instanceKlass org/jetbrains/kotlin/it/unimi/dsi/fastutil/objects/AbstractReference2ObjectFunction
instanceKlass org/jetbrains/kotlin/it/unimi/dsi/fastutil/objects/Reference2ObjectMap
instanceKlass org/jetbrains/kotlin/it/unimi/dsi/fastutil/objects/Reference2ObjectFunction
instanceKlass org/jetbrains/kotlin/com/intellij/openapi/util/ObjectTree
instanceKlass org/jetbrains/kotlin/com/intellij/openapi/util/Disposer
instanceKlass kotlin/reflect/jvm/internal/impl/name/SpecialNames
instanceKlass kotlin/reflect/jvm/internal/impl/builtins/CompanionObjectMapping
instanceKlass kotlin/reflect/jvm/internal/impl/name/FqNamesUtilKt
instanceKlass kotlin/reflect/jvm/internal/impl/utils/CollectionsKt
instanceKlass kotlin/reflect/jvm/internal/impl/builtins/PrimitiveType$Companion
instanceKlass kotlin/reflect/jvm/internal/impl/builtins/StandardNames$FqNames
instanceKlass kotlin/reflect/jvm/internal/impl/builtins/jvm/JavaToKotlinClassMap$PlatformMutabilityMapping
instanceKlass kotlin/reflect/jvm/internal/impl/builtins/functions/FunctionClassKind$Companion
instanceKlass kotlin/collections/SetsKt__SetsJVMKt
instanceKlass kotlin/reflect/jvm/internal/impl/builtins/StandardNames
instanceKlass kotlin/reflect/jvm/internal/impl/builtins/jvm/JavaToKotlinClassMap
instanceKlass kotlin/jvm/functions/Function22
instanceKlass kotlin/jvm/functions/Function21
instanceKlass kotlin/jvm/functions/Function20
instanceKlass kotlin/jvm/functions/Function19
instanceKlass kotlin/jvm/functions/Function18
instanceKlass kotlin/jvm/functions/Function17
instanceKlass kotlin/jvm/functions/Function16
instanceKlass kotlin/jvm/functions/Function15
instanceKlass kotlin/jvm/functions/Function14
instanceKlass kotlin/jvm/functions/Function13
instanceKlass kotlin/jvm/functions/Function12
instanceKlass kotlin/jvm/functions/Function11
instanceKlass kotlin/jvm/functions/Function10
instanceKlass kotlin/jvm/functions/Function9
instanceKlass kotlin/jvm/functions/Function8
instanceKlass kotlin/jvm/functions/Function7
instanceKlass kotlin/jvm/functions/Function6
instanceKlass kotlin/jvm/functions/Function5
instanceKlass kotlin/jvm/functions/Function4
instanceKlass kotlin/jvm/functions/Function3
instanceKlass kotlin/reflect/jvm/internal/impl/descriptors/runtime/structure/ReflectClassUtilKt
instanceKlass kotlin/reflect/jvm/internal/impl/name/ClassId
instanceKlass kotlin/reflect/jvm/internal/impl/name/FqNameUnsafe$1
instanceKlass kotlin/reflect/jvm/internal/impl/name/Name
instanceKlass kotlin/reflect/jvm/internal/impl/name/FqNameUnsafe
instanceKlass kotlin/reflect/jvm/internal/impl/name/FqName
instanceKlass kotlin/reflect/jvm/internal/RuntimeTypeMapper
instanceKlass sun/reflect/misc/ReflectUtil
instanceKlass java/util/concurrent/atomic/AtomicReferenceFieldUpdater$AtomicReferenceFieldUpdaterImpl$1
instanceKlass java/util/concurrent/atomic/AtomicReferenceFieldUpdater
instanceKlass kotlin/SafePublicationLazyImpl$Companion
instanceKlass kotlin/SafePublicationLazyImpl
instanceKlass kotlin/LazyKt__LazyJVMKt$WhenMappings
instanceKlass kotlin/reflect/jvm/internal/KPropertyImpl$Companion
instanceKlass kotlin/reflect/jvm/internal/KCallableImpl
instanceKlass kotlin/reflect/jvm/internal/KDeclarationContainerImpl$Data
instanceKlass org/jetbrains/kotlin/progress/ProgressIndicatorAndCompilationCanceledStatus
instanceKlass org/jetbrains/kotlin/progress/CompilationCanceledStatus
instanceKlass org/jetbrains/kotlin/com/google/common/collect/LinkedHashMultimap$1
instanceKlass  @bci java/util/stream/MatchOps makeRef (Ljava/util/function/Predicate;Ljava/util/stream/MatchOps$MatchKind;)Ljava/util/stream/TerminalOp; 20 <appendix> member <vmtarget> ; # java/util/stream/MatchOps$$Lambda+0x00000001000f3430
instanceKlass java/util/stream/MatchOps$BooleanTerminalSink
instanceKlass java/util/stream/Sink
instanceKlass java/util/stream/MatchOps$MatchOp
instanceKlass java/util/stream/TerminalOp
instanceKlass java/util/stream/MatchOps
instanceKlass  @bci org/jetbrains/kotlin/cli/common/messages/GroupingMessageCollector hasExplicitErrors ()Z 14 <appendix> argL0 ; # org/jetbrains/kotlin/cli/common/messages/GroupingMessageCollector$$Lambda+0x0000000100105430
instanceKlass java/util/function/Predicate
instanceKlass java/util/EnumMap$1
instanceKlass java/util/stream/StreamOpFlag$MaskBuilder
instanceKlass java/util/stream/PipelineHelper
instanceKlass java/util/stream/Stream
instanceKlass java/util/stream/BaseStream
instanceKlass java/util/stream/StreamSupport
instanceKlass java/util/Spliterators$IteratorSpliterator
instanceKlass java/util/Spliterator$OfDouble
instanceKlass java/util/Spliterator$OfLong
instanceKlass java/util/Spliterator$OfInt
instanceKlass java/util/Spliterator$OfPrimitive
instanceKlass java/util/Spliterators$EmptySpliterator
instanceKlass java/util/Spliterator
instanceKlass java/util/Spliterators
instanceKlass  @bci org/jetbrains/kotlin/utils/KotlinPathsFromHomeDir <init> (Ljava/io/File;)V 26 <appendix> argL0 ; # org/jetbrains/kotlin/utils/KotlinPathsFromHomeDir$$Lambda+0x0000000100107620
instanceKlass org/jetbrains/kotlin/utils/KotlinPathsFromBaseDirectory
instanceKlass org/jetbrains/kotlin/com/intellij/openapi/application/PathManager
instanceKlass  @bci java/util/regex/Pattern DOT ()Ljava/util/regex/Pattern$CharPredicate; 0 <appendix> argL0 ; # java/util/regex/Pattern$$Lambda+0x00000001000ecf80
instanceKlass  @bci java/util/regex/Pattern union (Ljava/util/regex/Pattern$CharPredicate;Ljava/util/regex/Pattern$CharPredicate;Z)Ljava/util/regex/Pattern$CharPredicate; 6 <appendix> member <vmtarget> ; # java/util/regex/Pattern$$Lambda+0x00000001000eccd8
instanceKlass java/util/regex/Pattern$BitClass
instanceKlass org/jetbrains/kotlin/utils/PathUtil
instanceKlass org/jetbrains/kotlin/config/JvmTarget$Companion
instanceKlass org/jetbrains/kotlin/platform/TargetPlatformVersion
instanceKlass org/jetbrains/kotlin/config/JVMConfigurationKeys
instanceKlass org/jetbrains/kotlin/cli/jvm/JvmArgumentsKt
instanceKlass  @bci org/jetbrains/kotlin/fir/analysis/checkers/FirConflictsHelpersKt collectClassMembers (Lorg/jetbrains/kotlin/fir/analysis/checkers/FirDeclarationCollector;Lorg/jetbrains/kotlin/fir/symbols/impl/FirRegularClassSymbol;)V 69 <appendix> form vmentry <vmtarget> ; # java/lang/invoke/LambdaForm$DMH+0x0000000100104000
instanceKlass  @bci org/jetbrains/kotlin/cli/common/arguments/JavaTypeEnhancementStateParser parse ([Ljava/lang/String;Ljava/lang/String;Ljava/lang/String;[Ljava/lang/String;)Lorg/jetbrains/kotlin/load/java/JavaTypeEnhancementState; 143 <appendix> member <vmtarget> ; # org/jetbrains/kotlin/cli/common/arguments/JavaTypeEnhancementStateParser$$Lambda+0x0000000100103990
instanceKlass org/jetbrains/kotlin/utils/WrappedValues$ThrowableWrapper
instanceKlass org/jetbrains/kotlin/config/LanguageVersionSettingsKt
instanceKlass org/jetbrains/kotlin/cli/common/messages/MessageCollector$Companion$NONE$1
instanceKlass org/jetbrains/kotlin/cli/common/messages/MessageCollector$Companion
instanceKlass org/jetbrains/kotlin/cli/common/arguments/JavaTypeEnhancementStateParser$Companion
instanceKlass org/jetbrains/kotlin/cli/common/arguments/JavaTypeEnhancementStateParser
instanceKlass org/jetbrains/kotlin/config/JvmAnalysisFlags$Delegates$JvmDefaultModeDisabledByDefault
instanceKlass org/jetbrains/kotlin/utils/WrappedValues$1
instanceKlass org/jetbrains/kotlin/utils/WrappedValues
instanceKlass kotlin/collections/EmptyIterator
instanceKlass org/jetbrains/kotlin/name/FqNamesUtilKt
instanceKlass org/jetbrains/kotlin/load/java/NullabilityAnnotationStates$Companion
instanceKlass  @bci org/jetbrains/kotlin/load/java/Jsr305Settings <init> (Lorg/jetbrains/kotlin/load/java/ReportLevel;Lorg/jetbrains/kotlin/load/java/ReportLevel;Ljava/util/Map;)V 33 <appendix> member <vmtarget> ; # org/jetbrains/kotlin/load/java/Jsr305Settings$$Lambda+0x00000001001012d8
instanceKlass org/jetbrains/kotlin/load/java/Jsr305Settings
instanceKlass org/jetbrains/kotlin/storage/LockBasedStorageManager$MapBasedMemoizedFunction
instanceKlass  @bci org/jetbrains/kotlin/load/java/NullabilityAnnotationStatesImpl <init> (Ljava/util/Map;)V 34 <appendix> member <vmtarget> ; # org/jetbrains/kotlin/load/java/NullabilityAnnotationStatesImpl$$Lambda+0x0000000100100c10
instanceKlass org/jetbrains/kotlin/storage/DefaultSimpleLock
instanceKlass org/jetbrains/kotlin/storage/SimpleLock$Companion
instanceKlass org/jetbrains/kotlin/storage/EmptySimpleLock
instanceKlass org/jetbrains/kotlin/storage/LockBasedStorageManager$ExceptionHandlingStrategy$1
instanceKlass org/jetbrains/kotlin/storage/LockBasedStorageManager$ExceptionHandlingStrategy
instanceKlass org/jetbrains/kotlin/storage/CacheWithNullableValues
instanceKlass org/jetbrains/kotlin/storage/CacheWithNotNullValues
instanceKlass org/jetbrains/kotlin/storage/NotNullLazyValue
instanceKlass org/jetbrains/kotlin/storage/MemoizedFunctionToNotNull
instanceKlass org/jetbrains/kotlin/storage/MemoizedFunctionToNullable
instanceKlass org/jetbrains/kotlin/storage/NullableLazyValue
instanceKlass org/jetbrains/kotlin/storage/SimpleLock
instanceKlass org/jetbrains/kotlin/storage/LockBasedStorageManager
instanceKlass org/jetbrains/kotlin/storage/StorageManager
instanceKlass kotlin/TuplesKt
instanceKlass kotlin/KotlinVersionCurrentValue
instanceKlass kotlin/KotlinVersion$Companion
instanceKlass kotlin/KotlinVersion
instanceKlass org/jetbrains/kotlin/load/java/ReportLevel$Companion
instanceKlass org/jetbrains/kotlin/load/java/JavaNullabilityAnnotationsStatus$Companion
instanceKlass org/jetbrains/kotlin/load/java/JavaNullabilityAnnotationsStatus
instanceKlass kotlin/Pair
instanceKlass org/jetbrains/kotlin/load/java/NullabilityAnnotationStatesImpl
instanceKlass org/jetbrains/kotlin/load/java/NullabilityAnnotationStates
instanceKlass org/jetbrains/kotlin/load/java/JavaNullabilityAnnotationSettingsKt
instanceKlass org/jetbrains/kotlin/load/java/JavaTypeEnhancementState$Companion
instanceKlass org/jetbrains/kotlin/load/java/JavaTypeEnhancementState
instanceKlass org/jetbrains/kotlin/config/JvmAnalysisFlags$Delegates$JavaTypeEnhancementStateWarnByDefault
instanceKlass org/jetbrains/kotlin/config/JvmAnalysisFlags
instanceKlass kotlin/collections/AbstractList$IteratorImpl
instanceKlass org/jetbrains/kotlin/config/AnalysisFlag$Delegates$ApiModeDisabledByDefault
instanceKlass org/jetbrains/kotlin/config/AnalysisFlag$Delegates$ListOfStrings
instanceKlass org/jetbrains/kotlin/config/AnalysisFlag
instanceKlass org/jetbrains/kotlin/config/AnalysisFlag$Delegate
instanceKlass kotlin/properties/ReadOnlyProperty
instanceKlass org/jetbrains/kotlin/config/AnalysisFlag$Delegates$Boolean
instanceKlass kotlin/reflect/KProperty$Getter
instanceKlass kotlin/reflect/KProperty$Accessor
instanceKlass org/jetbrains/kotlin/config/AnalysisFlags
instanceKlass org/jetbrains/kotlin/config/LanguageVersionSettingsImpl$Companion
instanceKlass org/jetbrains/kotlin/config/LanguageVersionSettings$Companion
instanceKlass org/jetbrains/kotlin/config/LanguageVersionSettingsImpl
instanceKlass java/math/MutableBigInteger
instanceKlass org/jetbrains/kotlin/config/MavenComparableVersion$IntegerItem
instanceKlass org/jetbrains/kotlin/config/MavenComparableVersion$Item
instanceKlass org/jetbrains/kotlin/config/MavenComparableVersion
instanceKlass org/jetbrains/kotlin/config/ApiVersion$Companion
instanceKlass org/jetbrains/kotlin/config/ApiVersion
instanceKlass org/jetbrains/kotlin/config/LanguageVersion$Companion
instanceKlass org/jetbrains/kotlin/config/IrVerificationMode$Companion
instanceKlass org/jetbrains/kotlin/config/IncrementalCompilation
instanceKlass org/jetbrains/kotlin/cli/common/UtilsKt
instanceKlass org/jetbrains/kotlin/config/CommonConfigurationKeysKt
instanceKlass org/jetbrains/kotlin/com/google/common/collect/AbstractMapEntry
instanceKlass org/jetbrains/kotlin/com/google/common/collect/LinkedHashMultimap$ValueSetLink
instanceKlass org/jetbrains/kotlin/com/google/common/collect/CollectPreconditions
instanceKlass org/jetbrains/kotlin/com/google/common/base/Preconditions
instanceKlass org/jetbrains/kotlin/com/google/common/collect/Maps$EntryTransformer
instanceKlass org/jetbrains/kotlin/com/google/common/base/Converter
instanceKlass org/jetbrains/kotlin/com/google/common/collect/BiMap
instanceKlass org/jetbrains/kotlin/com/google/common/collect/ImmutableMap
instanceKlass org/jetbrains/kotlin/com/google/common/collect/SortedMapDifference
instanceKlass org/jetbrains/kotlin/com/google/common/collect/MapDifference
instanceKlass org/jetbrains/kotlin/com/google/common/base/Function
instanceKlass org/jetbrains/kotlin/com/google/common/collect/UnmodifiableIterator
instanceKlass org/jetbrains/kotlin/com/google/common/collect/Maps
instanceKlass org/jetbrains/kotlin/com/google/common/collect/Platform
instanceKlass org/jetbrains/kotlin/com/google/common/collect/Multiset
instanceKlass org/jetbrains/kotlin/com/google/common/collect/AbstractMultimap
instanceKlass org/jetbrains/kotlin/com/google/common/collect/SetMultimap
instanceKlass org/jetbrains/kotlin/com/google/common/collect/Multimap
instanceKlass org/jetbrains/kotlin/cli/common/messages/GroupingMessageCollector
instanceKlass org/jetbrains/kotlin/config/CommonConfigurationKeys
instanceKlass org/jetbrains/kotlin/it/unimi/dsi/fastutil/HashCommon
instanceKlass org/jetbrains/kotlin/it/unimi/dsi/fastutil/ints/Int2ObjectMap$FastEntrySet
instanceKlass org/jetbrains/kotlin/it/unimi/dsi/fastutil/objects/ObjectSet
instanceKlass org/jetbrains/kotlin/it/unimi/dsi/fastutil/ints/IntSet
instanceKlass org/jetbrains/kotlin/it/unimi/dsi/fastutil/ints/IntCollection
instanceKlass org/jetbrains/kotlin/it/unimi/dsi/fastutil/ints/IntIterable
instanceKlass org/jetbrains/kotlin/it/unimi/dsi/fastutil/objects/ObjectCollection
instanceKlass org/jetbrains/kotlin/it/unimi/dsi/fastutil/objects/ObjectIterable
instanceKlass org/jetbrains/kotlin/it/unimi/dsi/fastutil/ints/AbstractInt2ObjectFunction
instanceKlass org/jetbrains/kotlin/it/unimi/dsi/fastutil/Hash
instanceKlass org/jetbrains/kotlin/it/unimi/dsi/fastutil/ints/Int2ObjectMap
instanceKlass org/jetbrains/kotlin/it/unimi/dsi/fastutil/ints/Int2ObjectFunction
instanceKlass java/util/function/IntFunction
instanceKlass org/jetbrains/kotlin/it/unimi/dsi/fastutil/Function
instanceKlass org/jetbrains/kotlin/com/intellij/util/containers/IntKeyWeakValueHashMap
instanceKlass org/jetbrains/kotlin/com/intellij/openapi/util/Key
instanceKlass org/jetbrains/kotlin/config/CompilerConfigurationKey
instanceKlass org/jetbrains/kotlin/cli/common/CLIConfigurationKeys
instanceKlass org/jetbrains/kotlin/utils/SmartList$EmptyIterator
instanceKlass org/jetbrains/kotlin/cli/common/ArgumentsKt
instanceKlass java/net/URLConnection
instanceKlass org/jetbrains/kotlin/cli/common/messages/PrintingMessageCollector
instanceKlass kotlin/jvm/internal/CollectionToArray
# instanceKlass java/lang/invoke/LambdaForm$MH+0x00000001000a7400
# instanceKlass java/lang/invoke/LambdaForm$MH+0x00000001000a7000
# instanceKlass java/lang/invoke/LambdaForm$MH+0x00000001000a6c00
instanceKlass  @cpi org/jetbrains/kotlin/com/intellij/openapi/extensions/impl/ExtensionPointImpl 251 form vmentry <vmtarget> ; # java/lang/invoke/LambdaForm$DMH+0x00000001000a6800
# instanceKlass java/lang/invoke/LambdaForm$MH+0x00000001000a6400
# instanceKlass java/lang/invoke/LambdaForm$MH+0x00000001000a6000
# instanceKlass java/lang/invoke/LambdaForm$MH+0x00000001000a5c00
instanceKlass  @cpi org/jetbrains/kotlin/com/intellij/openapi/vfs/DeprecatedVirtualFileSystem 65 form vmentry <vmtarget> ; # java/lang/invoke/LambdaForm$DMH+0x00000001000a5800
# instanceKlass java/lang/invoke/LambdaForm$BMH+0x00000001000a5400
# instanceKlass java/lang/invoke/LambdaForm$DMH+0x00000001000a5000
# instanceKlass java/lang/invoke/LambdaForm$MH+0x00000001000a4c00
instanceKlass  @cpi org/jetbrains/kotlin/fir/resolve/transformers/body/resolve/FirDeclarationsResolveTransformer 1572 form vmentry <vmtarget> ; # java/lang/invoke/LambdaForm$DMH+0x00000001000a4800
instanceKlass java/lang/invoke/ClassSpecializer$Factory$1Var
instanceKlass java/lang/invoke/MethodHandles$1
# instanceKlass java/lang/invoke/LambdaForm$DMH+0x00000001000a4400
instanceKlass sun/invoke/util/ValueConversions$1
instanceKlass sun/invoke/util/ValueConversions$WrapperCache
# instanceKlass java/lang/invoke/LambdaForm$DMH+0x00000001000a4000
instanceKlass kotlin/reflect/jvm/internal/pcollections/MapEntry
instanceKlass kotlin/reflect/jvm/internal/ReflectProperties$Val$1
instanceKlass kotlin/reflect/jvm/internal/ReflectProperties$Val
instanceKlass kotlin/reflect/jvm/internal/ReflectProperties
instanceKlass  @bci java/util/regex/CharPredicates ASCII_DIGIT ()Ljava/util/regex/Pattern$BmpCharPredicate; 0 <appendix> argL0 ; # java/util/regex/CharPredicates$$Lambda+0x00000001000e76c0
instanceKlass java/util/regex/CharPredicates
instanceKlass kotlin/text/Regex$Companion
instanceKlass kotlin/text/Regex
instanceKlass kotlin/jvm/internal/DefaultConstructorMarker
instanceKlass kotlin/reflect/jvm/internal/KDeclarationContainerImpl$Companion
instanceKlass kotlin/reflect/jvm/internal/KTypeParameterOwnerImpl
instanceKlass kotlin/reflect/jvm/internal/KClassifierImpl
instanceKlass kotlin/reflect/jvm/internal/pcollections/ConsPStack
instanceKlass kotlin/reflect/jvm/internal/pcollections/IntTree
instanceKlass kotlin/reflect/jvm/internal/pcollections/IntTreePMap
instanceKlass kotlin/reflect/jvm/internal/pcollections/HashPMap
instanceKlass kotlin/reflect/jvm/internal/KClassCacheKt
instanceKlass kotlin/reflect/jvm/internal/KDeclarationContainerImpl
instanceKlass kotlin/jvm/internal/ClassBasedDeclarationContainer
instanceKlass kotlin/reflect/KMutableProperty1
instanceKlass kotlin/reflect/KProperty1
instanceKlass kotlin/reflect/KMutableProperty0
instanceKlass kotlin/reflect/KProperty0
instanceKlass kotlin/reflect/KTypeParameter
instanceKlass kotlin/reflect/KMutableProperty2
instanceKlass kotlin/reflect/KMutableProperty
instanceKlass kotlin/reflect/KProperty2
instanceKlass kotlin/reflect/KProperty
instanceKlass kotlin/reflect/KType
instanceKlass kotlin/reflect/KClass
instanceKlass kotlin/jvm/internal/ReflectionFactory
instanceKlass kotlin/reflect/KClassifier
instanceKlass kotlin/jvm/internal/Reflection
instanceKlass kotlin/jvm/JvmClassMappingKt
# instanceKlass java/lang/invoke/LambdaForm$MH+0x0000000100098400
instanceKlass java/lang/invoke/MethodHandle$1
instanceKlass org/jetbrains/kotlin/config/LanguageVersionSettings
instanceKlass org/jetbrains/kotlin/cli/common/messages/MessageCollector
instanceKlass org/jetbrains/kotlin/config/LanguageOrApiVersion
instanceKlass org/jetbrains/kotlin/utils/DescriptionAware
instanceKlass kotlin/collections/builders/MapBuilder$EntryRef
instanceKlass kotlin/jvm/internal/markers/KMutableMap$Entry
instanceKlass kotlin/collections/builders/MapBuilder$Itr
instanceKlass kotlin/jvm/internal/markers/KMutableIterator
instanceKlass org/jetbrains/kotlin/cli/common/arguments/ArgumentField
instanceKlass org/jetbrains/kotlin/util/capitalizeDecapitalize/CapitalizeDecapitalizeKt
instanceKlass kotlin/_Assertions
instanceKlass org/jetbrains/kotlin/name/ClassId$Companion
instanceKlass org/jetbrains/kotlin/name/ClassId
instanceKlass org/jetbrains/kotlin/name/FqNameUnsafe$1
instanceKlass java/util/regex/Pattern$TreeInfo
instanceKlass  @bci java/util/regex/Pattern Single (I)Ljava/util/regex/Pattern$BmpCharPredicate; 1 <appendix> member <vmtarget> ; # java/util/regex/Pattern$$Lambda+0x00000001000e5138
instanceKlass java/util/regex/Pattern$BmpCharPredicate
instanceKlass java/util/regex/Pattern$CharPredicate
instanceKlass java/util/regex/Pattern$Node
instanceKlass java/util/regex/Pattern
instanceKlass org/jetbrains/kotlin/name/Name
instanceKlass org/jetbrains/kotlin/name/FqNameUnsafe
instanceKlass org/jetbrains/kotlin/name/FqName
instanceKlass org/jetbrains/kotlin/load/java/JvmAbi
instanceKlass kotlin/Metadata
instanceKlass java/lang/annotation/Target
# instanceKlass java/lang/invoke/LambdaForm$MH+0x0000000100098000
# instanceKlass java/lang/invoke/LambdaForm$MH+0x000000010008c400
instanceKlass java/lang/reflect/Proxy$ProxyBuilder$1
instanceKlass jdk/internal/org/objectweb/asm/Edge
instanceKlass  @bci java/lang/reflect/ProxyGenerator addProxyMethod (Ljava/lang/reflect/Method;Ljava/lang/Class;)V 23 <appendix> argL0 ; # java/lang/reflect/ProxyGenerator$$Lambda+0x00000001000e22f8
instanceKlass  @bci java/lang/reflect/ProxyGenerator addProxyMethod (Ljava/lang/reflect/ProxyGenerator$ProxyMethod;)V 10 <appendix> argL0 ; # java/lang/reflect/ProxyGenerator$$Lambda+0x00000001000e20a8
instanceKlass java/util/StringJoiner
instanceKlass java/lang/reflect/ProxyGenerator$ProxyMethod
instanceKlass  @bci java/lang/reflect/Proxy getLoader (Ljava/lang/Module;)Ljava/lang/ClassLoader; 6 <appendix> member <vmtarget> ; # java/lang/reflect/Proxy$$Lambda+0x00000001000e1490
instanceKlass  @bci java/lang/WeakPairMap computeIfAbsent (Ljava/lang/Object;Ljava/lang/Object;Ljava/util/function/BiFunction;)Ljava/lang/Object; 18 <appendix> member <vmtarget> ; # java/lang/WeakPairMap$$Lambda+0x00000001000e1018
instanceKlass  @bci java/lang/Module implAddExportsOrOpens (Ljava/lang/String;Ljava/lang/Module;ZZ)V 145 <appendix> argL0 ; # java/lang/Module$$Lambda+0x00000001000e0dd8
instanceKlass  @bci java/lang/module/ModuleDescriptor$Builder packages (Ljava/util/Set;)Ljava/lang/module/ModuleDescriptor$Builder; 17 <appendix> argL0 ; # java/lang/module/ModuleDescriptor$Builder$$Lambda+0x00000001000dfe58
instanceKlass java/lang/WeakPairMap$Pair$Lookup
instanceKlass java/lang/WeakPairMap$Pair
instanceKlass java/lang/WeakPairMap
instanceKlass java/lang/Module$ReflectionData
instanceKlass java/util/function/Consumer
instanceKlass jdk/internal/module/Checks
instanceKlass java/lang/module/ModuleDescriptor$Builder
instanceKlass  @bci java/lang/reflect/Proxy$ProxyBuilder getDynamicModule (Ljava/lang/ClassLoader;)Ljava/lang/Module; 4 <appendix> argL0 ; # java/lang/reflect/Proxy$ProxyBuilder$$Lambda+0x00000001000ded48
instanceKlass java/util/LinkedHashMap$LinkedHashIterator
instanceKlass java/lang/PublicMethods
instanceKlass java/util/Collections$1
instanceKlass java/lang/reflect/Proxy$ProxyBuilder
instanceKlass  @bci java/lang/reflect/Proxy getProxyConstructor (Ljava/lang/Class;Ljava/lang/ClassLoader;[Ljava/lang/Class;)Ljava/lang/reflect/Constructor; 35 <appendix> argL0 ; # java/lang/reflect/Proxy$$Lambda+0x00000001000dd588
instanceKlass java/lang/reflect/Proxy
instanceKlass sun/reflect/annotation/AnnotationInvocationHandler
instanceKlass java/lang/reflect/InvocationHandler
instanceKlass sun/reflect/annotation/AnnotationParser$1
instanceKlass kotlin/annotation/Target
instanceKlass java/lang/annotation/Inherited
instanceKlass java/lang/annotation/Retention
instanceKlass sun/reflect/annotation/ExceptionProxy
instanceKlass sun/reflect/annotation/AnnotationType$1
instanceKlass sun/reflect/annotation/AnnotationType
instanceKlass java/lang/reflect/GenericArrayType
instanceKlass sun/reflect/generics/visitor/Reifier
instanceKlass sun/reflect/generics/visitor/TypeTreeVisitor
instanceKlass sun/reflect/generics/factory/CoreReflectionFactory
instanceKlass sun/reflect/generics/factory/GenericsFactory
instanceKlass sun/reflect/generics/scope/AbstractScope
instanceKlass sun/reflect/generics/scope/Scope
instanceKlass sun/reflect/generics/tree/ClassTypeSignature
instanceKlass sun/reflect/generics/tree/SimpleClassTypeSignature
instanceKlass sun/reflect/generics/tree/FieldTypeSignature
instanceKlass sun/reflect/generics/tree/BaseType
instanceKlass sun/reflect/generics/tree/TypeSignature
instanceKlass sun/reflect/generics/tree/ReturnType
instanceKlass sun/reflect/generics/tree/TypeArgument
instanceKlass sun/reflect/generics/tree/TypeTree
instanceKlass sun/reflect/generics/tree/Tree
instanceKlass sun/reflect/generics/parser/SignatureParser
instanceKlass kotlin/jvm/internal/markers/KMutableSet
instanceKlass kotlin/jvm/internal/markers/KMutableCollection
instanceKlass kotlin/jvm/internal/markers/KMutableIterable
instanceKlass sun/reflect/annotation/AnnotationParser
instanceKlass org/jetbrains/kotlin/cli/common/arguments/Argument
instanceKlass kotlin/jvm/internal/ArrayIterator
instanceKlass kotlin/jvm/internal/ArrayIteratorKt
instanceKlass kotlin/collections/EmptySet
instanceKlass kotlin/collections/EmptyMap
instanceKlass kotlin/ranges/RangesKt__RangesKt
instanceKlass kotlin/collections/builders/ListBuilderKt
instanceKlass kotlin/collections/builders/MapBuilder$Companion
instanceKlass kotlin/collections/builders/MapBuilder
instanceKlass kotlin/jvm/internal/markers/KMutableMap
instanceKlass kotlin/collections/MapsKt__MapWithDefaultKt
instanceKlass java/io/FileInputStream$1
instanceKlass kotlin/io/CloseableKt
instanceKlass kotlin/text/CharsKt__CharJVMKt
instanceKlass java/nio/charset/CoderResult
instanceKlass kotlin/sequences/GeneratorSequence$iterator$1
instanceKlass java/lang/invoke/VarHandle$AccessDescriptor
instanceKlass kotlin/sequences/ConstrainedOnceSequence
instanceKlass kotlin/jvm/internal/Lambda
instanceKlass kotlin/sequences/GeneratorSequence
instanceKlass kotlin/sequences/Sequence
instanceKlass kotlin/sequences/SequencesKt__SequenceBuilderKt
instanceKlass  @bci org/jetbrains/kotlin/cli/common/arguments/PreprocessCommandLineArgumentsKt expand (Ljava/io/File;Lorg/jetbrains/kotlin/cli/common/arguments/ArgumentParseErrors;)Ljava/util/List; 85 <appendix> member <vmtarget> ; # org/jetbrains/kotlin/cli/common/arguments/PreprocessCommandLineArgumentsKt$$Lambda+0x0000000100090840
instanceKlass java/io/Reader
instanceKlass java/lang/Readable
instanceKlass kotlin/text/Charsets
instanceKlass java/util/Arrays$ArrayItr
instanceKlass org/jetbrains/kotlin/cli/common/arguments/PreprocessCommandLineArgumentsKt
instanceKlass kotlin/UNINITIALIZED_VALUE
instanceKlass kotlin/SynchronizedLazyImpl
instanceKlass kotlin/Lazy
instanceKlass kotlin/LazyKt__LazyJVMKt
instanceKlass  @bci org/jetbrains/kotlin/cli/common/arguments/ParseCommandLineArgumentsKt parseCommandLineArguments (Ljava/util/List;Lorg/jetbrains/kotlin/cli/common/arguments/CommonToolArguments;Z)V 13 <appendix> member <vmtarget> ; # org/jetbrains/kotlin/cli/common/arguments/ParseCommandLineArgumentsKt$$Lambda+0x000000010008d430
instanceKlass org/jetbrains/kotlin/cli/common/arguments/ArgumentParseErrors
instanceKlass kotlin/jvm/functions/Function0
instanceKlass org/jetbrains/kotlin/cli/common/arguments/ParseCommandLineArgumentsKt
instanceKlass kotlin/collections/ArraysUtilJVM
instanceKlass kotlin/collections/ArraysKt__ArraysJVMKt
instanceKlass java/lang/ProcessEnvironment$CheckedEntry
instanceKlass java/lang/ProcessEnvironment$CheckedEntrySet$1
instanceKlass java/lang/ProcessEnvironment$EntryComparator
instanceKlass java/lang/ProcessEnvironment$NameComparator
instanceKlass org/jetbrains/kotlin/config/JvmDefaultMode$Companion
instanceKlass org/jetbrains/kotlin/config/JVMAssertionsMode$Companion
instanceKlass org/jetbrains/kotlin/config/ExplicitApiMode$Companion
instanceKlass kotlin/collections/EmptyList
instanceKlass kotlin/collections/CollectionsKt__CollectionsJVMKt
instanceKlass org/jetbrains/kotlin/cli/common/arguments/K2JVMCompilerArguments$Companion
instanceKlass org/jetbrains/kotlin/cli/common/arguments/CommonCompilerArguments$Companion
instanceKlass org/jetbrains/kotlin/cli/common/arguments/CommonToolArguments$Companion
instanceKlass org/jetbrains/kotlin/config/Services$Builder
instanceKlass org/jetbrains/kotlin/config/Services$Companion
instanceKlass org/jetbrains/kotlin/cli/common/messages/XcodeStyleMessageRenderer
instanceKlass org/jetbrains/kotlin/cli/common/messages/GradleStyleMessageRenderer
# instanceKlass java/lang/invoke/LambdaForm$MH+0x000000010008c000
instanceKlass jdk/internal/reflect/MethodHandleAccessorFactory$LazyStaticHolder
instanceKlass java/lang/Class$3
instanceKlass org/jetbrains/kotlin/cli/common/messages/CompilerMessageSeverity$Companion
instanceKlass kotlin/text/StringsKt__AppendableKt
instanceKlass org/jetbrains/kotlin/cli/common/PropertiesKt
instanceKlass org/jetbrains/kotlin/cli/common/messages/PlainTextMessageRenderer
instanceKlass org/jetbrains/kotlin/cli/common/messages/XmlMessageRenderer
instanceKlass org/jetbrains/kotlin/cli/common/messages/MessageRenderer
instanceKlass org/jetbrains/kotlin/com/intellij/util/ArrayUtilRt
instanceKlass java/lang/invoke/VarForm
instanceKlass java/lang/invoke/VarHandleGuards
instanceKlass java/lang/ClassValue$Version
instanceKlass java/lang/ClassValue$Identity
instanceKlass java/lang/ClassValue
instanceKlass java/lang/invoke/VarHandles
instanceKlass java/util/concurrent/atomic/AtomicReference
instanceKlass org/jetbrains/kotlin/com/intellij/util/containers/ConcurrentIntObjectMap
instanceKlass org/jetbrains/kotlin/com/intellij/util/containers/ConcurrentList
instanceKlass org/jetbrains/kotlin/com/intellij/util/containers/IntObjectMap
instanceKlass org/jetbrains/kotlin/com/intellij/util/containers/ContainerUtil
instanceKlass org/jetbrains/kotlin/com/intellij/openapi/application/ApplicationManager
instanceKlass  @bci java/util/logging/Level$KnownLevel add (Ljava/util/logging/Level;)V 49 <appendix> argL0 ; # java/util/logging/Level$KnownLevel$$Lambda+0x00000001000cf750
instanceKlass  @bci java/util/logging/Level$KnownLevel add (Ljava/util/logging/Level;)V 19 <appendix> argL0 ; # java/util/logging/Level$KnownLevel$$Lambda+0x00000001000cf500
instanceKlass java/util/logging/Level
instanceKlass  @bci org/jetbrains/kotlin/resolve/AnnotationTargetLists <clinit> ()V 73 <appendix> form vmentry <vmtarget> ; # java/lang/invoke/LambdaForm$MH+0x0000000100084000
instanceKlass jdk/internal/org/objectweb/asm/FieldVisitor
instanceKlass java/util/ArrayList$Itr
instanceKlass java/lang/invoke/InvokerBytecodeGenerator$ClassData
instanceKlass jdk/internal/org/objectweb/asm/Frame
instanceKlass java/lang/invoke/LambdaFormBuffer
instanceKlass java/lang/invoke/LambdaFormEditor$TransformKey
instanceKlass java/lang/invoke/LambdaFormEditor
instanceKlass java/lang/invoke/DelegatingMethodHandle$Holder
instanceKlass java/lang/invoke/DirectMethodHandle$2
instanceKlass java/lang/invoke/ClassSpecializer$Factory
instanceKlass java/lang/invoke/ClassSpecializer$SpeciesData
instanceKlass java/lang/invoke/ClassSpecializer$1
instanceKlass java/lang/invoke/ClassSpecializer
instanceKlass sun/invoke/empty/Empty
instanceKlass sun/invoke/util/VerifyType
instanceKlass  @bci org/jetbrains/kotlin/com/intellij/openapi/diagnostic/Logger <clinit> ()V 11 <appendix> argL0 ; # org/jetbrains/kotlin/com/intellij/openapi/diagnostic/Logger$$Lambda+0x00000001000827a0
instanceKlass java/lang/invoke/MethodHandles$Lookup$ClassDefiner
instanceKlass java/lang/invoke/MethodHandles$Lookup$ClassFile
instanceKlass jdk/internal/org/objectweb/asm/AnnotationVisitor
instanceKlass jdk/internal/org/objectweb/asm/Attribute
instanceKlass jdk/internal/org/objectweb/asm/Handler
instanceKlass jdk/internal/org/objectweb/asm/Label
instanceKlass jdk/internal/org/objectweb/asm/MethodVisitor
instanceKlass java/lang/invoke/LambdaProxyClassArchive
instanceKlass jdk/internal/org/objectweb/asm/ByteVector
instanceKlass jdk/internal/org/objectweb/asm/Symbol
instanceKlass jdk/internal/org/objectweb/asm/SymbolTable
instanceKlass jdk/internal/org/objectweb/asm/ClassVisitor
instanceKlass java/lang/invoke/InfoFromMemberName
instanceKlass java/lang/invoke/MethodHandleInfo
instanceKlass jdk/internal/org/objectweb/asm/ConstantDynamic
instanceKlass sun/invoke/util/BytecodeDescriptor
instanceKlass jdk/internal/org/objectweb/asm/Handle
instanceKlass sun/security/action/GetBooleanAction
instanceKlass jdk/internal/org/objectweb/asm/Type
instanceKlass java/lang/invoke/AbstractValidatingLambdaMetafactory
instanceKlass java/lang/invoke/MethodHandleImpl$1
instanceKlass jdk/internal/access/JavaLangInvokeAccess
instanceKlass java/lang/invoke/Invokers$Holder
instanceKlass java/lang/invoke/BootstrapMethodInvoker
instanceKlass org/jetbrains/kotlin/com/intellij/openapi/diagnostic/Attachment
instanceKlass java/lang/invoke/InvokerBytecodeGenerator$1
instanceKlass java/lang/invoke/InvokerBytecodeGenerator
instanceKlass java/lang/invoke/LambdaForm$Holder
instanceKlass java/lang/invoke/LambdaForm$Name
instanceKlass java/lang/invoke/Invokers
instanceKlass java/lang/invoke/MethodHandleImpl
instanceKlass sun/invoke/util/ValueConversions
instanceKlass java/lang/invoke/DirectMethodHandle$Holder
instanceKlass java/lang/invoke/LambdaForm$NamedFunction
instanceKlass sun/invoke/util/Wrapper$Format
instanceKlass java/lang/invoke/MethodTypeForm
instanceKlass jdk/internal/util/StrongReferenceKey
instanceKlass jdk/internal/util/ReferenceKey
instanceKlass jdk/internal/util/ReferencedKeyMap
instanceKlass java/lang/invoke/MethodType$1
instanceKlass java/lang/invoke/LambdaMetafactory
instanceKlass org/jetbrains/kotlin/com/intellij/openapi/diagnostic/Logger$DefaultFactory
instanceKlass org/jetbrains/kotlin/com/intellij/openapi/diagnostic/Logger$Factory
instanceKlass org/jetbrains/kotlin/com/intellij/openapi/diagnostic/Logger
instanceKlass org/jetbrains/kotlin/cli/jvm/compiler/IdeaStandaloneExecutionSetup
instanceKlass org/jetbrains/kotlin/cli/jvm/compiler/CompatKt
instanceKlass kotlin/jvm/functions/Function2
instanceKlass kotlin/jvm/internal/CallableReference$NoReceiver
instanceKlass kotlin/reflect/KDeclarationContainer
instanceKlass kotlin/jvm/internal/CallableReference
instanceKlass kotlin/reflect/KFunction
instanceKlass kotlin/reflect/KCallable
instanceKlass kotlin/reflect/KAnnotatedElement
instanceKlass kotlin/jvm/internal/FunctionBase
instanceKlass kotlin/jvm/functions/Function1
instanceKlass kotlin/Function
instanceKlass org/jetbrains/kotlin/cli/common/CompilerSystemProperties$Companion
instanceKlass kotlin/collections/AbstractList$Companion
instanceKlass kotlin/collections/AbstractCollection
instanceKlass kotlin/enums/EnumEntries
instanceKlass kotlin/jvm/internal/markers/KMappedMarker
instanceKlass kotlin/enums/EnumEntriesKt
instanceKlass org/jetbrains/kotlin/util/PerformanceCounter$Companion
instanceKlass org/jetbrains/kotlin/util/PerformanceCounter
instanceKlass jdk/internal/jimage/ImageLocation
instanceKlass jdk/internal/jimage/decompressor/Decompressor
instanceKlass jdk/internal/jimage/ImageStringsReader
instanceKlass jdk/internal/jimage/ImageStrings
instanceKlass jdk/internal/jimage/ImageHeader
instanceKlass jdk/internal/jimage/NativeImageBuffer$1
instanceKlass jdk/internal/jimage/NativeImageBuffer
instanceKlass jdk/internal/jimage/BasicImageReader$1
instanceKlass jdk/internal/jimage/BasicImageReader
instanceKlass jdk/internal/jimage/ImageReader
instanceKlass jdk/internal/jimage/ImageReaderFactory$1
instanceKlass java/net/URI$Parser
instanceKlass java/nio/file/FileSystems$DefaultFileSystemHolder$1
instanceKlass java/nio/file/FileSystems$DefaultFileSystemHolder
instanceKlass java/nio/file/FileSystems
instanceKlass java/nio/file/Paths
instanceKlass jdk/internal/jimage/ImageReaderFactory
instanceKlass jdk/internal/module/SystemModuleFinders$SystemImage
instanceKlass jdk/internal/module/SystemModuleFinders$SystemModuleReader
instanceKlass java/lang/module/ModuleReader
instanceKlass jdk/internal/loader/BuiltinClassLoader$5
instanceKlass jdk/internal/loader/BuiltinClassLoader$2
instanceKlass jdk/internal/module/Resources
instanceKlass kotlin/jvm/internal/Intrinsics
instanceKlass java/util/TreeMap$PrivateEntryIterator
instanceKlass java/util/TreeMap$Entry
instanceKlass java/util/NavigableMap
instanceKlass java/util/SortedMap
instanceKlass java/util/NavigableSet
instanceKlass java/util/SortedSet
instanceKlass java/util/SequencedSet
instanceKlass org/jetbrains/kotlin/cli/jvm/K2JVMCompiler$Companion
instanceKlass org/jetbrains/kotlin/cli/common/CLICompiler$Companion
instanceKlass org/jetbrains/kotlin/cli/common/CLITool$Companion
instanceKlass java/lang/Void
instanceKlass java/lang/PublicMethods$Key
instanceKlass java/lang/PublicMethods$MethodList
instanceKlass org/jetbrains/kotlin/utils/KotlinPaths
instanceKlass org/jetbrains/kotlin/com/intellij/openapi/Disposable
instanceKlass org/jetbrains/kotlin/config/CompilerConfiguration
instanceKlass org/jetbrains/kotlin/cli/common/CommonCompilerPerformanceManager
instanceKlass org/jetbrains/kotlin/config/Services
instanceKlass org/jetbrains/kotlin/cli/common/arguments/Freezable
instanceKlass org/jetbrains/kotlin/utils/exceptions/KotlinExceptionWithAttachments
instanceKlass org/jetbrains/kotlin/com/intellij/openapi/diagnostic/ExceptionWithAttachments
instanceKlass org/jetbrains/kotlin/com/intellij/openapi/diagnostic/ControlFlowException
instanceKlass jdk/internal/misc/PreviewFeatures
instanceKlass jdk/internal/misc/MainMethodFinder
instanceKlass org/jetbrains/kotlin/cli/common/CLITool
instanceKlass java/security/SecureClassLoader$DebugHolder
instanceKlass java/security/Permission
instanceKlass java/security/Guard
instanceKlass java/security/PermissionCollection
instanceKlass java/security/SecureClassLoader$1
instanceKlass java/util/zip/Checksum$1
instanceKlass java/util/zip/CRC32
instanceKlass java/util/zip/Checksum
instanceKlass sun/nio/ByteBuffered
instanceKlass java/lang/Package$VersionInfo
instanceKlass java/lang/NamedPackage
instanceKlass java/lang/reflect/Array
instanceKlass java/util/jar/Attributes$Name
instanceKlass java/util/SequencedMap
instanceKlass java/util/jar/Attributes
instanceKlass jdk/internal/loader/Resource
instanceKlass sun/security/action/GetIntegerAction
instanceKlass sun/security/util/Debug
instanceKlass sun/security/util/SignatureFileVerifier
instanceKlass java/util/zip/ZipFile$InflaterCleanupAction
instanceKlass java/util/zip/Inflater$InflaterZStreamRef
instanceKlass java/util/zip/Inflater
instanceKlass java/util/zip/ZipEntry
instanceKlass java/util/zip/ZipFile$2
instanceKlass java/nio/Bits$1
instanceKlass jdk/internal/misc/VM$BufferPool
instanceKlass java/nio/Bits
instanceKlass sun/nio/ch/DirectBuffer
instanceKlass jdk/internal/perf/PerfCounter$CoreCounters
instanceKlass jdk/internal/perf/Perf
instanceKlass jdk/internal/perf/Perf$GetPerfAction
instanceKlass jdk/internal/perf/PerfCounter
instanceKlass sun/util/locale/LocaleUtils
instanceKlass sun/util/locale/BaseLocale
instanceKlass java/util/Locale
instanceKlass java/nio/file/attribute/FileTime
instanceKlass java/util/zip/ZipUtils
instanceKlass java/util/zip/ZipFile$Source$End
instanceKlass java/util/zip/ZipFile$Source$RandomAccessFileAccessor
instanceKlass java/util/zip/ZipFile$Source$FileAccessor
instanceKlass java/io/RandomAccessFile$2
instanceKlass jdk/internal/access/JavaIORandomAccessFileAccess
instanceKlass java/io/RandomAccessFile
instanceKlass java/io/DataInput
instanceKlass java/io/DataOutput
instanceKlass sun/nio/fs/WindowsNativeDispatcher$CompletionStatus
instanceKlass sun/nio/fs/WindowsNativeDispatcher$AclInformation
instanceKlass sun/nio/fs/WindowsNativeDispatcher$Account
instanceKlass sun/nio/fs/WindowsNativeDispatcher$DiskFreeSpace
instanceKlass sun/nio/fs/WindowsNativeDispatcher$VolumeInformation
instanceKlass sun/nio/fs/WindowsNativeDispatcher$FirstStream
instanceKlass sun/nio/fs/WindowsNativeDispatcher$FirstFile
instanceKlass java/util/concurrent/ConcurrentHashMap$Traverser
instanceKlass java/util/Enumeration
instanceKlass jdk/internal/loader/NativeLibraries$3
instanceKlass jdk/internal/loader/NativeLibrary
instanceKlass java/util/ArrayDeque$DeqIterator
instanceKlass jdk/internal/loader/NativeLibraries$NativeLibraryContext$1
instanceKlass jdk/internal/loader/NativeLibraries$NativeLibraryContext
instanceKlass jdk/internal/loader/NativeLibraries$2
instanceKlass jdk/internal/loader/NativeLibraries$1
instanceKlass jdk/internal/loader/NativeLibraries$LibraryPaths
instanceKlass sun/nio/fs/WindowsNativeDispatcher
instanceKlass sun/nio/fs/NativeBuffer$Deallocator
instanceKlass sun/nio/fs/NativeBuffer
instanceKlass java/lang/ThreadLocal$ThreadLocalMap
instanceKlass java/lang/ThreadLocal
instanceKlass sun/nio/fs/NativeBuffers
instanceKlass sun/nio/fs/WindowsFileAttributes
instanceKlass java/nio/file/attribute/DosFileAttributes
instanceKlass sun/nio/fs/AbstractBasicFileAttributeView
instanceKlass sun/nio/fs/DynamicFileAttributeView
instanceKlass sun/nio/fs/WindowsFileAttributeViews
instanceKlass sun/nio/fs/Util
instanceKlass java/nio/file/attribute/BasicFileAttributeView
instanceKlass java/nio/file/attribute/FileAttributeView
instanceKlass java/nio/file/attribute/AttributeView
instanceKlass java/nio/file/Files
instanceKlass java/nio/file/CopyOption
instanceKlass java/nio/file/attribute/BasicFileAttributes
instanceKlass sun/nio/fs/WindowsPath
instanceKlass java/nio/file/Path
instanceKlass java/nio/file/Watchable
instanceKlass java/util/zip/ZipFile$Source$Key
instanceKlass sun/nio/fs/WindowsPathParser$Result
instanceKlass sun/nio/fs/WindowsPathParser
instanceKlass java/nio/file/FileSystem
instanceKlass java/nio/file/OpenOption
instanceKlass java/nio/file/spi/FileSystemProvider
instanceKlass java/util/concurrent/ForkJoinPool$ManagedBlocker
instanceKlass java/util/concurrent/locks/AbstractQueuedSynchronizer$Node
instanceKlass sun/nio/fs/DefaultFileSystemProvider
instanceKlass java/util/zip/ZipFile$Source
instanceKlass java/lang/ref/Cleaner$Cleanable
instanceKlass jdk/internal/ref/CleanerImpl
instanceKlass java/lang/ref/Cleaner$1
instanceKlass java/lang/ref/Cleaner
instanceKlass jdk/internal/ref/CleanerFactory$1
instanceKlass java/util/concurrent/ThreadFactory
instanceKlass jdk/internal/ref/CleanerFactory
instanceKlass java/util/zip/ZipCoder
instanceKlass java/util/zip/ZipFile$CleanableResource
instanceKlass java/lang/Runtime$Version
instanceKlass java/util/jar/JavaUtilJarAccessImpl
instanceKlass jdk/internal/access/JavaUtilJarAccess
instanceKlass jdk/internal/loader/FileURLMapper
instanceKlass jdk/internal/loader/URLClassPath$JarLoader$1
instanceKlass java/util/zip/ZipFile$1
instanceKlass jdk/internal/access/JavaUtilZipFileAccess
instanceKlass java/util/zip/ZipFile
instanceKlass java/util/zip/ZipConstants
instanceKlass jdk/internal/loader/URLClassPath$Loader
instanceKlass jdk/internal/loader/URLClassPath$3
instanceKlass java/security/PrivilegedExceptionAction
instanceKlass sun/net/util/URLUtil
instanceKlass java/lang/StringCoding
instanceKlass java/nio/charset/CharsetDecoder
instanceKlass sun/nio/cs/ArrayDecoder
instanceKlass sun/launcher/LauncherHelper
instanceKlass java/lang/invoke/StringConcatFactory
instanceKlass java/lang/ModuleLayer$Controller
instanceKlass java/util/concurrent/CopyOnWriteArrayList
instanceKlass jdk/internal/module/ServicesCatalog$ServiceProvider
instanceKlass jdk/internal/loader/AbstractClassLoaderValue$Memoizer
instanceKlass java/util/ImmutableCollections$ListItr
instanceKlass java/util/ListIterator
instanceKlass java/lang/ModuleLayer
instanceKlass jdk/internal/module/ModuleLoaderMap$Modules
instanceKlass jdk/internal/module/ModuleLoaderMap$Mapper
instanceKlass jdk/internal/module/ModuleLoaderMap
instanceKlass java/util/AbstractMap$1$1
instanceKlass java/lang/module/ResolvedModule
instanceKlass java/lang/module/Configuration
instanceKlass jdk/internal/loader/BuiltinClassLoader$LoadedModule
instanceKlass jdk/internal/loader/AbstractClassLoaderValue
instanceKlass jdk/internal/module/ServicesCatalog
instanceKlass java/util/Deque
instanceKlass java/util/Queue
instanceKlass sun/net/util/IPAddressUtil$MASKS
instanceKlass sun/net/util/IPAddressUtil
instanceKlass java/net/URLStreamHandler
instanceKlass sun/net/www/ParseUtil
instanceKlass java/net/URL$3
instanceKlass jdk/internal/access/JavaNetURLAccess
instanceKlass java/net/URL$DefaultFactory
instanceKlass java/net/URLStreamHandlerFactory
instanceKlass jdk/internal/loader/URLClassPath
instanceKlass java/security/Principal
instanceKlass java/security/ProtectionDomain$Key
instanceKlass java/security/ProtectionDomain$JavaSecurityAccessImpl
instanceKlass jdk/internal/access/JavaSecurityAccess
instanceKlass java/lang/ClassLoader$ParallelLoaders
instanceKlass java/security/cert/Certificate
instanceKlass jdk/internal/loader/ArchivedClassLoaders
instanceKlass java/util/concurrent/ConcurrentHashMap$CollectionView
instanceKlass jdk/internal/loader/ClassLoaderHelper
instanceKlass jdk/internal/loader/NativeLibraries
instanceKlass java/lang/Module$EnableNativeAccess
instanceKlass jdk/internal/loader/BootLoader
instanceKlass java/util/Optional
instanceKlass jdk/internal/module/SystemModuleFinders$SystemModuleFinder
instanceKlass java/lang/module/ModuleFinder
instanceKlass jdk/internal/module/SystemModuleFinders$3
instanceKlass jdk/internal/module/ModuleHashes$HashSupplier
instanceKlass jdk/internal/module/SystemModuleFinders$2
instanceKlass java/util/function/Supplier
instanceKlass java/lang/module/ModuleReference
instanceKlass jdk/internal/module/ModuleResolution
instanceKlass java/util/Collections$UnmodifiableMap
instanceKlass jdk/internal/module/ModuleHashes$Builder
instanceKlass jdk/internal/module/ModuleHashes
instanceKlass jdk/internal/module/ModuleTarget
instanceKlass java/util/ImmutableCollections$Set12$1
instanceKlass java/lang/reflect/AccessFlag$18
instanceKlass java/lang/reflect/AccessFlag$17
instanceKlass java/lang/reflect/AccessFlag$16
instanceKlass java/lang/reflect/AccessFlag$15
instanceKlass java/lang/reflect/AccessFlag$14
instanceKlass java/lang/reflect/AccessFlag$13
instanceKlass java/lang/reflect/AccessFlag$12
instanceKlass java/lang/reflect/AccessFlag$11
instanceKlass java/lang/reflect/AccessFlag$10
instanceKlass java/lang/reflect/AccessFlag$9
instanceKlass java/lang/reflect/AccessFlag$8
instanceKlass java/lang/reflect/AccessFlag$7
instanceKlass java/lang/reflect/AccessFlag$6
instanceKlass java/lang/reflect/AccessFlag$5
instanceKlass java/lang/reflect/AccessFlag$4
instanceKlass java/lang/reflect/AccessFlag$3
instanceKlass java/lang/reflect/AccessFlag$2
instanceKlass java/lang/reflect/AccessFlag$1
instanceKlass java/lang/module/ModuleDescriptor$Version
instanceKlass java/lang/module/ModuleDescriptor$Provides
instanceKlass java/lang/module/ModuleDescriptor$Opens
instanceKlass java/util/ImmutableCollections$SetN$SetNIterator
instanceKlass java/lang/module/ModuleDescriptor$Exports
instanceKlass java/lang/module/ModuleDescriptor$Requires
instanceKlass jdk/internal/module/Builder
instanceKlass jdk/internal/module/SystemModules$default
instanceKlass jdk/internal/module/SystemModules
instanceKlass jdk/internal/module/SystemModulesMap
instanceKlass java/net/URI$1
instanceKlass jdk/internal/access/JavaNetUriAccess
instanceKlass java/net/URI
instanceKlass jdk/internal/module/SystemModuleFinders
instanceKlass jdk/internal/module/ArchivedModuleGraph
instanceKlass jdk/internal/module/ArchivedBootLayer
instanceKlass jdk/internal/module/ModuleBootstrap$Counters
instanceKlass jdk/internal/module/ModulePatcher
instanceKlass java/io/FileSystem
instanceKlass java/io/DefaultFileSystem
instanceKlass java/io/File
instanceKlass java/lang/module/ModuleDescriptor$1
instanceKlass jdk/internal/access/JavaLangModuleAccess
instanceKlass sun/invoke/util/VerifyAccess
instanceKlass java/util/KeyValueHolder
instanceKlass java/util/ImmutableCollections$MapN$MapNIterator
instanceKlass java/lang/StrictMath
instanceKlass java/lang/invoke/MethodHandles$Lookup
instanceKlass java/lang/invoke/MemberName$Factory
instanceKlass java/lang/invoke/MethodHandles
instanceKlass java/lang/module/ModuleDescriptor
instanceKlass jdk/internal/module/ModuleBootstrap
instanceKlass java/lang/Character$CharacterCache
instanceKlass java/util/HexFormat
instanceKlass jdk/internal/util/ClassFileDumper
instanceKlass sun/security/action/GetPropertyAction
instanceKlass java/lang/invoke/MethodHandleStatics
instanceKlass jdk/internal/misc/Blocker
instanceKlass java/util/Collections
instanceKlass java/util/concurrent/locks/AbstractQueuedSynchronizer$ConditionObject
instanceKlass java/util/concurrent/locks/Condition
instanceKlass java/lang/Thread$ThreadIdentifiers
instanceKlass sun/io/Win32ErrorMode
instanceKlass jdk/internal/misc/OSEnvironment
instanceKlass java/lang/Integer$IntegerCache
instanceKlass jdk/internal/misc/Signal$NativeHandler
instanceKlass java/util/Hashtable$Entry
instanceKlass jdk/internal/misc/Signal
instanceKlass java/lang/Terminator$1
instanceKlass jdk/internal/misc/Signal$Handler
instanceKlass java/lang/Terminator
instanceKlass java/nio/ByteOrder
instanceKlass java/nio/Buffer$2
instanceKlass jdk/internal/access/JavaNioAccess
instanceKlass java/nio/Buffer$1
instanceKlass jdk/internal/misc/ScopedMemoryAccess
instanceKlass java/nio/charset/CodingErrorAction
instanceKlass sun/nio/cs/SingleByte
instanceKlass java/lang/StringUTF16
instanceKlass sun/nio/cs/MS1252$Holder
instanceKlass java/nio/charset/CharsetEncoder
instanceKlass sun/nio/cs/ArrayEncoder
instanceKlass java/io/Writer
instanceKlass java/io/PrintStream$1
instanceKlass jdk/internal/access/JavaIOPrintStreamAccess
instanceKlass jdk/internal/misc/InternalLock
instanceKlass java/io/OutputStream
instanceKlass java/io/Flushable
instanceKlass java/io/FileDescriptor$1
instanceKlass jdk/internal/access/JavaIOFileDescriptorAccess
instanceKlass java/io/FileDescriptor
instanceKlass jdk/internal/util/StaticProperty
instanceKlass jdk/internal/reflect/MethodHandleAccessorFactory
instanceKlass java/lang/reflect/Modifier
instanceKlass java/lang/Class$1
instanceKlass java/lang/Class$Atomic
instanceKlass java/lang/Class$ReflectionData
instanceKlass java/nio/charset/StandardCharsets
instanceKlass sun/nio/cs/HistoricallyNamedCharset
instanceKlass java/nio/charset/spi/CharsetProvider
instanceKlass java/nio/charset/Charset
instanceKlass java/util/HashMap$HashIterator
instanceKlass java/util/concurrent/locks/LockSupport
instanceKlass java/util/concurrent/ConcurrentHashMap$Node
instanceKlass java/util/concurrent/ConcurrentHashMap$CounterCell
instanceKlass java/util/concurrent/locks/ReentrantLock
instanceKlass java/util/concurrent/locks/Lock
instanceKlass java/lang/CharacterData
instanceKlass java/util/Arrays
instanceKlass jdk/internal/util/Preconditions$3
instanceKlass jdk/internal/util/Preconditions$2
instanceKlass jdk/internal/util/Preconditions$4
instanceKlass java/util/function/BiFunction
instanceKlass jdk/internal/util/Preconditions$1
instanceKlass java/util/function/Function
instanceKlass jdk/internal/util/Preconditions
instanceKlass java/lang/Runtime
instanceKlass java/lang/VersionProps
instanceKlass java/lang/StringConcatHelper
instanceKlass java/util/HashMap$Node
instanceKlass java/util/Map$Entry
instanceKlass jdk/internal/util/ArraysSupport
instanceKlass jdk/internal/util/SystemProps$Raw
instanceKlass jdk/internal/util/SystemProps
instanceKlass java/lang/System$2
instanceKlass jdk/internal/access/JavaLangAccess
instanceKlass java/lang/ref/NativeReferenceQueue$Lock
instanceKlass java/lang/ref/ReferenceQueue
instanceKlass java/lang/ref/Reference$1
instanceKlass jdk/internal/access/JavaLangRefAccess
instanceKlass jdk/internal/reflect/ReflectionFactory
instanceKlass java/lang/Math
instanceKlass java/lang/StringLatin1
instanceKlass jdk/internal/reflect/Reflection
instanceKlass jdk/internal/reflect/ReflectionFactory$GetReflectionFactoryAction
instanceKlass java/security/PrivilegedAction
instanceKlass jdk/internal/access/SharedSecrets
instanceKlass java/lang/reflect/ReflectAccess
instanceKlass jdk/internal/access/JavaLangReflectAccess
instanceKlass java/util/ImmutableCollections
instanceKlass java/util/Objects
instanceKlass java/util/Set
instanceKlass jdk/internal/misc/CDS
instanceKlass java/lang/Module$ArchivedData
instanceKlass jdk/internal/misc/VM
instanceKlass java/lang/String$CaseInsensitiveComparator
instanceKlass java/util/Comparator
instanceKlass java/io/ObjectStreamField
instanceKlass jdk/internal/vm/FillerObject
instanceKlass jdk/internal/vm/vector/VectorSupport$VectorPayload
instanceKlass jdk/internal/vm/vector/VectorSupport
instanceKlass java/lang/reflect/RecordComponent
instanceKlass java/util/Iterator
instanceKlass java/lang/Number
instanceKlass java/lang/Character
instanceKlass java/lang/Boolean
instanceKlass java/util/concurrent/locks/AbstractOwnableSynchronizer
instanceKlass java/lang/LiveStackFrame
instanceKlass java/lang/StackFrameInfo
instanceKlass java/lang/StackWalker$StackFrame
instanceKlass java/lang/StackStreamFactory$AbstractStackWalker
instanceKlass java/lang/StackWalker
instanceKlass java/nio/Buffer
instanceKlass java/lang/StackTraceElement
instanceKlass java/util/AbstractCollection
instanceKlass java/util/RandomAccess
instanceKlass java/util/List
instanceKlass java/util/SequencedCollection
instanceKlass java/util/Collection
instanceKlass java/lang/Iterable
instanceKlass java/util/AbstractMap
instanceKlass java/util/concurrent/ConcurrentMap
instanceKlass java/security/CodeSource
instanceKlass jdk/internal/loader/ClassLoaders
instanceKlass java/util/jar/Manifest
instanceKlass java/lang/Enum
instanceKlass java/net/URL
instanceKlass java/io/InputStream
instanceKlass java/io/Closeable
instanceKlass java/lang/AutoCloseable
instanceKlass jdk/internal/module/Modules
instanceKlass jdk/internal/misc/Unsafe
instanceKlass jdk/internal/misc/UnsafeConstants
instanceKlass java/lang/AbstractStringBuilder
instanceKlass java/lang/Appendable
instanceKlass java/lang/AssertionStatusDirectives
instanceKlass java/lang/invoke/MethodHandleNatives$CallSiteContext
instanceKlass jdk/internal/foreign/abi/ABIDescriptor
instanceKlass jdk/internal/foreign/abi/NativeEntryPoint
instanceKlass java/lang/invoke/CallSite
instanceKlass java/lang/invoke/MethodType
instanceKlass java/lang/invoke/TypeDescriptor$OfMethod
instanceKlass java/lang/invoke/LambdaForm
instanceKlass java/lang/invoke/MethodHandleNatives
instanceKlass java/lang/invoke/ResolvedMethodName
instanceKlass java/lang/invoke/MemberName
instanceKlass java/lang/invoke/VarHandle
instanceKlass java/lang/invoke/MethodHandle
instanceKlass jdk/internal/reflect/CallerSensitive
instanceKlass java/lang/annotation/Annotation
instanceKlass jdk/internal/reflect/FieldAccessor
instanceKlass jdk/internal/reflect/ConstantPool
instanceKlass jdk/internal/reflect/ConstructorAccessor
instanceKlass jdk/internal/reflect/MethodAccessor
instanceKlass jdk/internal/reflect/MagicAccessorImpl
instanceKlass jdk/internal/vm/StackChunk
instanceKlass jdk/internal/vm/Continuation
instanceKlass jdk/internal/vm/ContinuationScope
instanceKlass java/lang/reflect/Parameter
instanceKlass java/lang/reflect/Member
instanceKlass java/lang/reflect/AccessibleObject
instanceKlass java/lang/Module
instanceKlass java/util/Dictionary
instanceKlass java/util/Map
instanceKlass java/lang/ThreadGroup
instanceKlass java/lang/Thread$UncaughtExceptionHandler
instanceKlass java/lang/Thread$Constants
instanceKlass java/lang/Thread$FieldHolder
instanceKlass java/lang/Thread
instanceKlass java/lang/Runnable
instanceKlass java/lang/ref/Reference
instanceKlass java/lang/Record
instanceKlass java/security/AccessController
instanceKlass java/security/AccessControlContext
instanceKlass java/security/ProtectionDomain
instanceKlass java/lang/SecurityManager
instanceKlass java/lang/Throwable
instanceKlass java/lang/System
instanceKlass java/lang/ClassLoader
instanceKlass java/lang/Cloneable
instanceKlass java/lang/Class
instanceKlass java/lang/invoke/TypeDescriptor$OfField
instanceKlass java/lang/invoke/TypeDescriptor
instanceKlass java/lang/reflect/Type
instanceKlass java/lang/reflect/GenericDeclaration
instanceKlass java/lang/reflect/AnnotatedElement
instanceKlass java/lang/String
instanceKlass java/lang/constant/ConstantDesc
instanceKlass java/lang/constant/Constable
instanceKlass java/lang/CharSequence
instanceKlass java/lang/Comparable
instanceKlass java/io/Serializable
ciInstanceKlass java/lang/Object 1 1 124 7 1 10 12 1 1 10 7 12 1 1 1 10 7 12 1 1 1 10 12 1 1 8 1 10 12 1 1 10 7 12 1 1 1 10 12 1 10 12 1 1 10 7 12 1 1 1 10 12 1 10 12 1 7 1 10 100 12 1 1 1 10 12 1 1 10 12 1 100 1 8 1 10 12 1 3 8 1 100 1 5 0 1 1 1 1 1 1 1 1 1 1 1 1 1 1 1 1 100 1 1 1 1 1 1 1 1 1 1 100 1 1 1 1 1 1 1 1 1 1 3 1 1
ciInstanceKlass java/io/Serializable 1 0 7 100 1 100 1 1 1
ciInstanceKlass java/lang/Comparable 1 1 12 100 1 100 1 1 1 1 1 1 1 1
ciInstanceKlass java/lang/CharSequence 1 1 131 11 100 12 1 1 1 18 12 1 1 100 1 10 100 12 1 1 1 18 10 100 12 1 1 1 11 12 1 1 11 100 1 11 12 1 1 10 100 12 1 1 1 11 12 1 1 100 1 10 12 1 1 10 100 12 1 1 1 100 1 10 10 12 1 1 100 1 1 1 1 1 1 1 1 1 1 1 1 1 1 1 1 1 1 1 1 1 1 1 1 1 1 1 1 1 1 1 1 1 16 1 15 11 12 16 15 11 12 15 10 100 12 1 1 1 1 1 100 1 100 1 1 100 1 1 100 1 100 1 1
ciInstanceKlass java/lang/constant/Constable 1 0 11 100 1 100 1 1 1 1 1 1 1
ciInstanceKlass java/lang/constant/ConstantDesc 1 0 37 100 1 100 1 1 1 1 100 1 1 1 1 100 1 100 1 100 1 100 1 100 1 100 1 100 1 100 1 100 1 1 100 1 100 1 1
ciInstanceKlass java/lang/String 1 1 1443 10 7 12 1 1 1 8 1 9 7 12 1 1 1 9 12 1 1 9 12 1 1 9 12 1 1 10 12 1 10 12 1 1 10 12 1 1 9 12 1 10 7 12 1 1 1 10 7 1 10 7 12 1 1 1 10 12 1 1 10 12 1 1 10 12 1 10 12 1 1 10 12 1 10 7 12 1 1 1 7 1 9 7 12 1 1 1 10 7 12 1 1 1 10 7 12 1 1 1 10 12 1 1 10 12 1 1 10 12 1 1 10 12 1 1 9 7 12 1 1 10 12 9 7 12 1 1 10 12 1 1 3 10 12 1 1 7 1 11 12 1 1 11 12 1 11 12 1 1 10 100 12 1 1 1 10 12 1 1 9 100 12 1 1 1 10 12 1 1 10 12 1 11 12 1 1 10 12 1 1 10 12 10 12 1 1 10 100 12 1 1 1 10 12 1 1 10 12 1 1 100 1 100 1 10 12 1 10 12 1 10 12 1 1 100 1 10 12 1 1 100 1 10 12 1 1 10 12 1 1 10 12 1 10 10 12 1 100 1 100 1 100 1 10 12 1 10 12 1 1 10 12 1 1 10 12 1 10 12 1 1 10 12 1 1 10 100 12 1 1 100 1 11 10 100 12 1 1 11 12 1 11 12 1 10 12 1 1 10 12 1 10 12 10 12 1 1 10 10 100 12 1 1 1 10 100 12 1 1 10 12 1 1 10 100 12 1 1 10 12 1 10 12 1 1 10 12 1 1 10 12 1 10 12 1 10 12 1 1 100 1 10 12 1 1 10 12 10 12 1 10 12 1 1 10 12 1 1 10 100 12 1 1 1 10 12 1 10 12 1 1 10 12 1 10 12 1 3 3 10 12 1 1 10 12 1 10 12 1 1 10 12 1 1 10 12 1 1 10 12 1 10 12 1 1 10 12 1 1 10 12 1 10 12 1 10 12 1 10 12 1 1 10 12 1 10 12 1 10 12 1 10 12 1 10 12 1 10 12 1 10 100 1 10 8 1 10 12 1 1 10 12 1 8 1 10 12 1 1 10 12 10 12 1 8 1 10 10 12 1 1 10 12 1 1 10 12 1 1 10 100 1 10 10 12 1 10 12 1 10 12 1 10 10 12 1 10 12 1 10 12 1 10 12 1 10 12 1 10 12 1 10 12 1 1 10 12 1 1 10 12 1 1 10 10 12 1 1 10 10 12 1 100 1 10 10 12 1 1 10 12 1 1 10 7 1 10 12 1 10 12 1 10 7 12 1 1 1 10 12 1 10 12 1 1 10 12 1 11 7 1 11 12 10 12 1 10 12 1 1 10 12 1 1 10 10 12 1 10 12 1 9 12 1 1 11 7 12 1 1 1 10 12 10 10 12 1 10 12 1 1 10 10 12 1 10 12 1 10 12 1 1 10 12 1 1 10 10 12 1 1 10 12 1 10 10 12 1 10 12 10 10 12 10 10 12 1 10 12 1 10 10 12 10 7 12 1 1 1 10 12 10 10 12 10 12 1 10 12 10 12 10 10 12 1 10 12 1 1 10 12 1 1 10 10 12 1 10 7 12 1 1 1 10 12 1 1 10 10 7 12 1 1 1 11 10 12 1 10 12 1 1 10 12 1 1 10 100 12 1 1 1 10 12 1 10 12 1 10 12 1 10 12 1 10 12 1 10 12 1 100 1 100 1 8 1 10 10 10 12 1 10 12 1 1 8 1 10 12 1 3 3 10 12 1 10 12 1 1 10 12 7 1 10 10 12 1 1 10 12 1 10 12 1 10 12 1 1 10 12 1 1 11 7 12 1 1 1 7 1 10 12 1 10 12 1 1 8 1 10 12 1 1 10 12 1 11 100 12 1 1 1 11 100 12 1 1 11 12 1 10 12 1 10 12 1 1 10 10 100 12 1 1 1 10 12 1 10 12 1 10 10 12 10 12 1 1 10 10 12 1 10 10 12 1 10 10 12 1 10 10 12 1 10 12 1 1 10 10 12 1 8 1 10 12 1 1 18 12 1 1 11 100 12 1 1 1 7 1 3 18 12 1 18 12 1 8 1 10 100 12 1 1 1 11 12 1 1 10 12 10 10 12 1 10 11 12 1 1 10 12 1 1 11 12 1 18 3 11 10 12 1 11 11 10 12 1 10 12 1 1 8 1 10 12 1 10 12 1 10 12 1 1 10 10 12 1 11 100 12 1 100 1 100 1 10 12 100 1 10 10 100 12 1 1 1 100 1 10 100 1 10 10 12 1 10 10 12 1 8 1 10 10 12 1 8 1 8 1 10 12 1 10 12 1 10 10 12 10 100 12 1 1 10 100 12 1 1 10 100 12 1 1 8 1 10 12 1 10 12 1 10 9 12 1 10 12 9 7 12 1 1 1 10 12 1 10 12 1 10 12 1 10 12 1 10 12 1 8 1 10 100 12 1 1 1 10 12 10 12 1 1 10 12 10 10 12 10 12 7 1 9 12 1 1 7 1 10 100 1 100 1 100 1 100 1 1 1 1 1 1 5 0 1 1 1 1 1 3 1 3 1 1 1 1 1 1 1 1 1 1 1 1 1 1 1 100 1 1 1 1 1 1 1 1 1 1 1 1 1 1 1 1 1 1 1 1 1 1 1 1 1 1 1 1 1 1 1 100 1 1 1 1 1 1 1 1 1 1 100 1 1 1 1 1 1 1 1 1 1 1 1 1 1 1 1 1 1 1 1 1 1 1 1 1 1 1 1 1 1 1 1 1 1 1 1 1 1 1 1 1 1 1 1 1 1 1 1 1 1 1 1 1 1 1 1 1 1 1 1 1 1 1 1 1 1 1 1 1 1 1 1 1 1 1 1 1 1 1 1 1 1 1 1 1 1 1 1 1 1 1 1 1 1 1 1 1 1 1 1 1 1 1 1 1 1 1 1 1 1 1 1 1 1 1 1 1 1 1 1 1 1 1 1 1 1 1 1 1 1 1 1 1 1 1 1 1 1 1 1 1 1 1 1 1 1 1 1 1 1 1 1 1 1 1 1 1 1 1 1 1 1 1 1 1 1 1 1 1 1 1 1 1 1 1 100 1 1 1 1 1 1 1 1 1 1 1 1 1 1 1 1 1 1 1 1 1 1 1 100 1 1 1 1 1 1 1 1 1 1 1 1 1 1 1 100 1 1 1 1 1 1 1 1 1 1 1 1 1 1 1 16 15 10 12 16 15 10 12 15 10 12 15 10 12 15 10 100 12 1 1 1 1 1 1 1 100 1 100 1 1 1
staticfield java/lang/String COMPACT_STRINGS Z 1
staticfield java/lang/String serialPersistentFields [Ljava/io/ObjectStreamField; 0 [Ljava/io/ObjectStreamField;
staticfield java/lang/String CASE_INSENSITIVE_ORDER Ljava/util/Comparator; java/lang/String$CaseInsensitiveComparator
ciInstanceKlass java/lang/reflect/AnnotatedElement 1 1 164 11 7 12 1 1 1 11 12 1 1 100 1 10 100 12 1 1 1 10 12 1 1 10 12 1 1 10 12 1 10 100 12 1 1 1 11 12 1 1 11 100 12 1 1 10 100 12 1 1 1 10 12 1 10 100 12 1 1 1 18 12 1 1 11 100 12 1 1 18 12 1 18 12 1 1 10 100 12 1 1 1 11 100 12 1 1 1 100 1 10 100 12 1 1 1 1 1 1 1 1 1 1 1 1 1 1 1 1 1 1 1 1 1 1 1 1 1 100 1 1 1 1 1 1 1 1 1 1 1 16 15 16 1 16 1 15 11 12 16 16 1 15 10 100 12 1 1 1 16 1 15 10 100 12 1 1 1 1 100 1 100 1 1
ciInstanceKlass java/lang/reflect/GenericDeclaration 1 0 30 100 1 100 1 100 1 1 1 1 1 1 1 1 100 1 8 1 1 12 10 1 1 1 8 1 1 1 8 1
ciInstanceKlass java/lang/reflect/Type 1 1 17 11 100 12 1 1 1 100 1 1 1 1 1 1 1 1 1
ciInstanceKlass java/lang/invoke/TypeDescriptor 1 0 17 100 1 100 1 1 1 1 1 1 100 1 100 1 1 1 1
ciInstanceKlass java/lang/invoke/TypeDescriptor$OfField 1 0 21 100 1 100 1 100 1 1 1 1 1 1 1 1 1 1 1 1 1 1 1
ciInstanceKlass java/lang/Class 1 1 1698 10 7 12 1 1 1 9 7 12 1 1 1 9 12 1 1 10 12 1 1 8 1 10 12 1 8 1 8 1 10 12 1 1 10 7 12 1 1 1 10 12 1 7 1 10 10 12 1 10 12 1 1 10 12 1 1 10 12 1 1 10 7 12 1 1 10 12 1 10 12 1 10 12 1 8 1 10 12 1 8 1 10 12 1 8 1 8 1 10 12 1 1 10 100 12 1 1 1 18 12 1 1 11 100 12 1 1 1 8 1 8 1 8 1 10 100 12 1 1 1 11 12 1 1 8 1 10 12 1 10 11 100 12 1 1 1 11 100 12 1 1 1 11 8 1 18 8 1 10 12 1 10 7 12 1 1 10 12 1 1 10 7 12 1 1 1 10 12 1 1 10 12 1 1 10 7 12 1 1 1 10 12 9 100 12 1 1 1 10 100 12 1 1 1 10 12 1 10 7 12 1 1 1 10 12 1 1 18 12 1 1 10 7 12 1 1 1 10 7 12 1 10 12 1 1 10 100 1 100 1 10 12 1 1 9 12 1 1 100 1 8 1 10 12 1 10 12 1 1 10 12 1 1 10 7 12 1 1 1 7 1 10 12 1 100 1 100 1 10 10 12 1 1 10 12 1 1 100 1 10 100 12 1 1 1 10 12 1 1 10 12 1 1 9 12 1 1 10 12 1 10 12 1 1 9 12 1 1 9 12 1 1 10 12 1 1 10 7 1 10 12 1 10 12 1 10 12 1 1 10 9 12 1 10 12 1 8 1 10 12 1 1 10 12 1 1 10 12 1 10 12 1 1 10 12 1 1 10 12 1 1 9 7 12 1 1 1 10 7 12 1 1 10 12 10 12 1 10 12 1 10 12 1 10 12 1 9 100 12 1 1 1 9 12 1 10 12 1 10 100 12 1 1 1 10 12 1 1 10 100 12 1 1 10 12 1 10 12 1 1 10 100 12 1 1 1 10 12 1 10 12 1 1 10 12 1 10 12 1 10 12 1 1 10 7 1 10 10 10 12 1 1 10 12 1 1 10 12 10 10 12 1 1 100 1 8 1 10 10 12 1 1 10 12 1 100 1 11 12 1 10 100 12 1 1 10 12 1 10 12 1 10 100 12 1 1 10 10 12 1 1 8 1 10 12 1 10 12 1 1 8 1 10 12 1 9 12 1 10 12 1 10 12 1 10 12 1 10 12 100 1 9 12 1 10 12 1 9 12 1 10 12 1 10 12 1 10 12 1 10 10 12 1 10 12 1 10 7 12 1 1 10 12 1 10 12 1 10 12 1 1 10 12 1 10 12 1 10 12 1 100 1 10 12 1 10 12 1 1 10 12 1 1 10 12 1 1 10 12 1 1 10 12 1 1 10 12 1 1 100 1 10 10 12 1 1 10 12 1 1 10 12 1 1 10 10 12 1 10 12 1 1 10 12 1 1 10 12 1 1 10 12 1 1 100 1 10 10 12 11 100 12 1 1 10 12 1 10 12 1 10 100 12 1 1 1 10 12 1 1 10 10 12 1 1 100 1 10 10 12 1 1 10 100 12 1 1 1 100 1 100 1 10 12 1 1 10 12 1 10 10 12 1 1 10 12 1 10 12 1 10 12 1 10 100 12 1 1 1 11 7 12 1 1 10 12 1 10 12 1 9 12 1 10 12 1 1 10 12 1 9 12 1 1 100 1 10 9 12 1 1 10 12 100 1 10 12 1 9 12 1 10 100 12 1 1 1 10 12 1 10 12 1 10 100 12 1 1 1 10 12 1 10 12 10 12 1 1 100 1 10 8 1 10 12 1 11 11 12 1 1 11 7 12 1 1 11 12 1 8 1 10 12 1 10 12 1 1 9 12 1 9 12 1 1 10 7 12 1 1 9 12 1 10 12 1 1 10 10 12 1 10 7 12 1 1 1 10 7 12 1 1 10 7 12 1 1 9 12 1 1 10 12 1 9 12 1 10 12 1 10 12 1 1 9 12 1 1 9 12 1 10 12 1 10 12 1 1 9 12 1 100 1 10 10 12 1 1 7 1 10 12 1 1 100 11 100 1 9 12 1 1 9 12 1 100 1 10 12 1 9 12 1 1 9 12 1 10 12 1 10 12 1 1 9 12 1 7 1 10 10 12 1 1 10 10 12 1 10 12 10 10 12 1 9 12 1 10 12 1 1 10 7 12 1 1 1 10 12 1 1 10 12 1 8 10 7 8 1 18 8 1 8 1 10 12 1 9 12 1 9 12 1 1 10 12 1 7 1 7 1 10 12 1 9 12 1 1 7 1 10 10 12 1 10 7 1 9 12 1 8 1 10 12 1 7 1 10 12 1 10 12 1 1 100 1 100 1 9 12 1 100 1 8 1 10 10 7 12 1 1 1 10 12 11 7 12 1 1 1 10 12 1 10 12 1 1 10 8 1 8 1 10 12 1 1 9 7 12 1 1 11 12 7 1 11 7 12 1 1 9 12 1 10 100 12 1 1 1 10 7 12 1 1 10 12 1 1 9 12 1 9 10 12 1 1 10 12 1 1 10 12 1 1 10 12 1 1 10 12 1 1 11 12 1 7 1 11 12 1 10 7 12 1 1 1 10 12 1 11 12 1 10 100 12 1 1 1 10 12 1 10 100 12 1 1 1 11 12 1 11 12 1 1 10 12 1 10 12 1 1 9 12 1 1 9 100 12 1 1 10 12 1 10 100 12 1 1 1 10 12 1 1 10 12 1 10 12 1 10 12 1 10 7 12 1 1 1 10 12 1 8 1 10 12 1 10 12 1 10 12 1 100 1 10 12 10 100 12 1 1 1 11 100 12 1 1 1 10 12 1 1 10 12 1 18 12 1 1 11 12 1 1 18 11 12 1 18 12 1 11 12 1 10 12 1 1 10 12 1 10 12 1 10 12 1 10 12 1 10 12 10 12 1 8 1 10 12 1 7 1 9 12 1 1 100 1 100 1 100 1 100 1 1 1 3 1 3 1 3 1 1 1 1 1 1 1 5 0 1 1 1 1 1 1 1 1 1 1 1 1 1 1 1 1 1 1 1 1 1 1 1 1 100 1 1 1 1 1 1 1 100 1 1 1 1 1 100 1 1 1 1 1 1 1 1 1 1 1 1 1 1 1 1 1 1 1 1 1 1 1 1 1 1 1 1 1 1 1 1 1 1 1 1 1 1 1 1 1 1 100 1 1 1 1 1 1 1 1 1 1 1 1 1 1 1 1 1 1 1 1 1 1 1 1 1 1 1 1 1 1 1 100 1 1 1 1 1 1 1 1 1 1 1 1 1 1 1 1 1 1 1 1 3 1 1 1 1 1 1 1 1 1 1 1 1 1 1 1 1 1 1 1 1 1 1 1 1 1 1 1 1 1 1 1 1 1 1 1 100 1 100 1 1 1 1 1 1 1 1 1 1 1 1 1 1 1 1 1 1 1 1 1 1 1 1 1 1 1 1 1 1 1 1 1 1 1 1 1 1 1 1 1 1 1 1 1 1 1 1 1 1 1 1 1 1 1 1 1 1 1 1 1 1 1 1 1 1 1 1 1 1 1 1 1 1 1 1 1 1 1 1 1 1 1 1 1 1 1 1 1 1 1 1 1 1 1 1 1 1 1 1 1 1 1 1 1 1 1 1 1 1 1 1 1 1 1 1 1 1 1 1 1 1 1 1 1 1 1 1 1 1 1 1 16 15 10 12 16 15 11 12 16 1 16 15 16 15 10 12 16 16 15 10 12 16 15 16 1 15 10 12 16 15 10 100 12 1 1 1 1 1 1 1 1 1 1 1 1 100 1 1 100 1 100 1 1 100 1 100 1 1 100 1 100 1 1
staticfield java/lang/Class EMPTY_CLASS_ARRAY [Ljava/lang/Class; 0 [Ljava/lang/Class;
staticfield java/lang/Class serialPersistentFields [Ljava/io/ObjectStreamField; 0 [Ljava/io/ObjectStreamField;
ciInstanceKlass java/lang/Cloneable 1 1 7 100 1 100 1 1 1
instanceKlass jdk/internal/reflect/DelegatingClassLoader
instanceKlass java/security/SecureClassLoader
ciInstanceKlass java/lang/ClassLoader 1 1 1108 9 7 12 1 1 1 10 7 12 1 1 1 9 12 1 1 10 7 12 1 1 1 7 1 10 12 1 1 10 12 1 1 9 12 1 1 10 12 1 1 100 1 10 12 1 10 12 1 1 10 7 12 1 1 1 100 1 8 1 10 12 1 10 7 12 1 1 1 10 100 12 1 10 7 1 10 7 1 7 1 7 1 10 12 1 10 12 1 9 12 1 1 10 10 7 12 1 1 1 9 12 1 1 9 12 1 9 12 1 1 9 12 1 9 12 1 1 9 12 1 1 7 1 10 12 1 9 12 1 1 10 12 1 1 10 7 12 1 1 1 9 12 1 9 12 1 1 9 12 1 10 12 1 1 9 12 10 12 1 1 7 1 10 8 1 10 12 1 1 10 12 1 10 7 1 7 1 10 12 1 1 10 7 12 1 1 1 8 1 10 12 1 10 12 1 10 12 1 1 10 12 1 1 10 12 1 1 10 12 1 1 10 12 1 1 10 12 1 100 1 10 12 1 10 100 12 1 1 1 10 12 1 1 10 12 1 10 12 1 10 12 1 10 12 1 10 12 1 1 10 10 12 1 10 12 1 10 100 12 1 1 10 12 1 1 10 12 1 1 10 12 1 100 1 10 12 1 100 1 10 12 1 10 100 12 1 1 1 10 10 12 1 1 10 12 1 1 100 1 8 1 10 8 1 10 12 1 10 12 1 100 1 8 1 10 12 1 1 10 12 1 1 10 10 12 1 1 10 12 1 1 10 12 1 1 10 7 1 10 12 1 1 10 12 1 1 10 12 1 1 10 12 1 1 10 12 1 1 10 12 1 1 10 12 1 10 100 12 1 1 1 10 12 1 10 12 1 10 12 1 1 10 12 1 10 12 1 10 12 1 10 12 1 1 10 12 1 10 12 1 1 8 1 9 12 1 10 12 1 1 8 1 8 1 10 7 12 1 1 100 1 10 10 12 10 12 1 10 12 1 10 12 1 10 12 1 1 10 7 12 1 1 10 12 1 10 7 1 100 1 10 12 1 1 10 12 1 10 100 1 10 12 1 100 1 18 12 1 10 100 12 1 1 1 10 100 12 1 1 1 10 7 12 1 1 10 12 1 10 12 1 100 1 10 12 1 8 1 10 10 12 1 1 10 12 1 10 12 1 1 100 1 10 12 1 10 12 1 1 10 7 12 1 1 10 12 1 8 1 100 1 10 10 12 1 9 12 1 10 7 12 1 1 10 12 1 100 1 8 1 10 12 1 10 8 1 8 1 10 12 1 1 10 12 1 1 10 12 1 1 10 100 12 1 1 100 1 100 1 10 12 1 1 100 1 100 1 10 100 12 1 1 10 12 1 10 12 1 1 10 12 1 10 12 1 1 10 12 1 1 9 100 12 1 1 1 10 12 1 1 10 12 1 10 12 1 10 12 1 1 10 12 1 8 1 7 1 18 12 1 1 10 12 1 1 10 12 1 10 12 1 10 12 1 8 1 10 12 1 10 12 1 18 12 1 11 100 12 1 1 1 100 1 10 12 1 1 10 12 1 10 11 12 1 1 10 18 10 12 1 1 11 100 12 1 18 12 1 11 12 1 1 10 12 10 12 1 1 10 12 1 1 100 1 8 1 10 10 12 1 8 1 8 1 10 100 12 1 1 10 12 1 100 1 10 10 12 1 8 1 8 1 8 1 10 12 1 10 12 1 1 10 12 1 10 100 12 1 1 1 11 100 12 1 1 100 1 10 11 10 12 1 10 12 1 10 12 1 1 9 100 12 1 1 9 12 1 1 9 12 9 12 1 9 12 1 9 12 1 8 10 12 1 1 10 7 12 1 1 1 10 12 1 1 10 12 1 1 10 12 1 10 10 12 1 11 12 1 1 10 100 12 1 1 1 100 1 10 12 1 10 12 1 10 12 1 1 1 1 1 1 1 1 1 1 1 1 1 1 1 1 1 1 1 1 1 1 1 1 1 1 1 1 100 1 1 1 1 1 1 1 1 1 1 1 1 1 1 1 1 1 1 1 1 1 100 1 1 1 1 1 1 1 1 1 1 100 1 1 1 1 1 1 1 1 1 1 1 1 1 1 1 1 1 1 1 1 1 1 1 1 1 1 1 1 1 1 1 1 1 1 1 1 1 1 1 1 1 100 1 1 1 1 1 1 1 1 1 1 1 1 1 1 1 1 1 1 1 100 1 1 1 1 1 1 1 1 1 1 1 1 1 1 1 1 1 1 1 1 1 1 1 1 1 1 1 1 1 1 1 1 1 1 1 1 1 1 1 1 1 1 1 1 1 1 1 1 1 1 100 1 1 1 1 1 1 1 1 1 1 1 1 1 1 1 1 1 1 1 1 1 1 1 1 1 1 1 1 1 1 1 1 1 1 1 1 1 1 1 1 1 1 1 1 1 1 16 1 15 10 12 16 1 16 15 10 12 16 1 16 1 15 10 12 16 15 10 12 16 15 10 12 16 15 10 100 12 1 1 1 1 1 100 1 100 1 1
staticfield java/lang/ClassLoader nocerts [Ljava/security/cert/Certificate; 0 [Ljava/security/cert/Certificate;
staticfield java/lang/ClassLoader $assertionsDisabled Z 1
ciInstanceKlass java/lang/System 1 1 834 10 100 12 1 1 1 9 7 12 1 1 1 10 12 1 10 12 1 1 10 12 1 1 10 12 1 9 12 1 1 10 7 12 1 1 1 11 100 12 1 1 1 10 100 12 1 1 1 10 12 1 1 10 12 1 1 100 1 8 1 10 12 1 10 100 12 1 1 1 10 100 12 1 1 1 18 12 1 1 10 100 12 1 1 1 100 1 10 12 1 1 10 100 12 1 1 1 10 12 1 10 7 12 1 1 1 9 100 12 1 1 1 10 100 12 1 1 1 11 7 12 1 1 1 10 12 1 1 10 100 12 1 1 1 100 1 10 10 12 1 1 8 1 10 12 1 8 1 10 12 1 9 12 1 1 8 1 10 7 12 1 1 1 10 12 1 1 100 1 8 1 10 9 12 1 1 8 1 10 12 1 1 10 100 12 1 1 1 8 1 10 12 1 100 1 10 12 1 8 1 10 12 1 10 12 1 1 100 1 10 12 10 12 1 9 12 1 1 9 12 1 1 10 7 12 1 1 1 10 7 12 1 1 1 10 12 1 1 10 12 1 10 12 1 10 7 12 1 1 1 10 12 1 100 1 100 1 8 1 10 12 1 10 12 1 1 7 1 10 12 1 100 1 8 1 10 10 12 1 100 1 8 1 10 8 1 10 7 12 1 1 8 1 10 12 100 1 8 1 10 10 12 1 1 10 100 12 1 1 1 100 1 18 12 1 100 1 9 100 12 1 1 1 10 12 1 100 1 10 12 1 1 10 12 1 1 10 7 12 1 1 1 10 12 1 1 10 12 1 10 12 1 10 12 1 1 10 12 1 7 1 10 12 1 9 7 12 1 1 1 10 7 12 1 1 1 10 12 1 10 12 1 10 7 12 1 1 1 100 1 8 1 10 9 12 1 9 12 1 10 12 1 10 100 12 1 1 10 12 1 10 12 1 1 8 1 10 12 1 1 8 1 11 12 1 10 12 11 12 1 1 11 7 12 1 1 1 11 7 12 1 1 11 12 1 1 7 1 11 12 1 10 12 1 8 1 10 12 1 1 8 1 8 1 8 1 8 1 11 12 1 10 12 1 10 12 1 10 12 1 8 1 10 12 1 1 8 1 9 12 1 8 1 10 7 12 1 1 8 1 7 1 9 7 12 1 1 1 10 12 1 7 1 9 12 10 9 12 7 1 10 12 9 12 1 1 8 1 10 12 1 1 8 1 10 7 12 1 1 10 12 1 10 12 1 1 11 7 12 1 1 10 12 10 7 12 1 1 1 9 12 1 1 100 1 8 1 10 12 1 1 10 7 12 1 1 1 7 1 10 12 1 1 10 12 1 8 1 8 1 10 8 1 8 1 8 1 8 1 10 10 7 12 1 1 10 12 1 10 12 1 1 10 12 1 1 10 12 1 10 100 12 1 1 1 10 100 1 8 1 10 10 10 12 1 1 10 12 1 1 8 1 10 12 1 8 1 8 1 10 12 1 10 7 12 1 1 1 10 12 1 1 7 1 10 10 12 1 10 12 1 9 12 1 1 3 1 3 1 1 1 1 1 1 1 1 1 1 1 1 100 1 1 100 1 1 1 1 1 1 1 1 1 1 1 100 1 100 1 1 1 1 1 1 1 1 1 1 1 1 1 1 1 1 1 1 1 1 1 1 1 1 1 1 1 1 1 1 1 1 1 1 1 1 1 1 1 1 1 1 1 1 1 1 1 1 1 1 1 1 1 1 1 1 1 1 100 1 1 1 1 1 1 1 1 1 1 1 1 1 1 1 1 1 1 1 1 1 1 1 1 1 1 1 1 1 1 1 1 1 100 1 1 16 15 10 12 1 1 16 15 10 12 16 1 15 10 100 12 1 1 1 1 1 1 1 1 1 100 1 100 1 1
staticfield java/lang/System in Ljava/io/InputStream; java/io/BufferedInputStream
staticfield java/lang/System out Ljava/io/PrintStream; java/io/PrintStream
staticfield java/lang/System err Ljava/io/PrintStream; java/io/PrintStream
instanceKlass org/jetbrains/kotlin/load/java/structure/impl/classFiles/BinaryClassSignatureParser$ClsFormatException
instanceKlass java/lang/Exception
instanceKlass java/lang/Error
ciInstanceKlass java/lang/Throwable 1 1 428 10 7 12 1 1 1 9 7 12 1 1 1 9 12 1 1 9 12 1 9 12 1 1 9 12 1 10 12 1 1 9 12 1 1 10 12 1 1 10 12 1 100 1 7 1 10 8 1 10 12 1 1 8 1 10 100 12 1 1 10 10 12 1 100 1 8 1 10 10 12 1 1 10 7 12 1 1 10 12 1 8 1 9 100 12 1 1 1 10 12 1 1 100 1 10 12 10 12 1 10 100 12 1 1 1 100 1 10 12 10 12 1 10 12 1 100 1 10 10 7 12 1 1 1 11 100 12 1 1 1 10 12 1 1 10 12 1 1 8 1 10 12 1 10 12 1 1 8 1 8 1 10 12 1 1 10 12 1 8 1 8 1 9 12 1 1 10 12 1 1 100 1 10 11 12 1 8 1 8 1 10 7 12 1 1 8 1 10 12 1 8 1 100 1 10 12 1 9 12 1 1 10 12 1 10 100 12 1 9 12 1 1 10 12 1 1 100 1 8 1 10 12 1 10 100 12 1 1 10 12 1 1 100 1 10 100 12 1 1 1 10 12 1 11 100 12 1 1 1 11 100 12 1 1 11 12 1 8 1 10 12 1 1 8 1 10 10 9 100 12 1 1 1 8 1 10 12 1 1 11 10 100 1 8 1 10 11 12 1 1 8 1 9 12 1 10 100 12 1 1 11 9 12 1 1 11 12 1 1 100 9 12 1 1 11 100 12 1 1 100 1 10 12 1 10 12 1 1 100 1 1 1 1 5 0 1 1 1 1 1 1 1 1 1 1 1 1 1 1 1 1 1 1 1 1 1 1 1 1 1 1 1 1 1 1 1 1 1 1 1 1 1 1 1 1 1 1 1 1 1 1 1 1 1 1 1 1 1 1 1 1 1 100 1 100 1 1 1 1 1 1 1 1 1 1 1 1 1 1 1 1 1 1 1 1 1 1 1 1 1 1 1 100 1 100 1 1
staticfield java/lang/Throwable UNASSIGNED_STACK [Ljava/lang/StackTraceElement; 0 [Ljava/lang/StackTraceElement;
staticfield java/lang/Throwable SUPPRESSED_SENTINEL Ljava/util/List; java/util/Collections$EmptyList
staticfield java/lang/Throwable EMPTY_THROWABLE_ARRAY [Ljava/lang/Throwable; 0 [Ljava/lang/Throwable;
staticfield java/lang/Throwable $assertionsDisabled Z 1
instanceKlass java/io/IOError
instanceKlass kotlin/reflect/jvm/internal/KotlinReflectionInternalError
instanceKlass kotlin/jvm/KotlinReflectionNotSupportedError
instanceKlass kotlin/NotImplementedError
instanceKlass java/lang/AssertionError
instanceKlass java/lang/VirtualMachineError
instanceKlass java/lang/LinkageError
ciInstanceKlass java/lang/Error 1 1 40 10 7 12 1 1 1 10 12 1 10 12 1 10 12 1 10 12 1 100 1 1 1 1 5 0 1 1 1 1 1 1 1 1 1 1 1 1 1 1
instanceKlass org/jetbrains/kotlin/com/google/common/collect/RegularImmutableMap$BucketOverflowException
instanceKlass org/jetbrains/kotlin/container/InvalidCardinalityException
instanceKlass org/jetbrains/kotlin/container/ContainerConsistencyException
instanceKlass java/util/concurrent/TimeoutException
instanceKlass org/jetbrains/kotlin/com/intellij/psi/scope/MethodProcessorSetupFailedException
instanceKlass java/text/ParseException
instanceKlass javax/xml/stream/XMLStreamException
instanceKlass org/jetbrains/kotlin/com/intellij/util/cls/ClsFormatException
instanceKlass sun/nio/fs/WindowsException
instanceKlass kotlin/reflect/full/IllegalPropertyDelegateAccessException
instanceKlass kotlin/reflect/full/IllegalCallableAccessException
instanceKlass java/net/URISyntaxException
instanceKlass java/lang/CloneNotSupportedException
instanceKlass java/lang/InterruptedException
instanceKlass java/io/IOException
instanceKlass java/lang/ReflectiveOperationException
instanceKlass java/lang/RuntimeException
ciInstanceKlass java/lang/Exception 1 1 48 10 7 12 1 1 1 10 12 1 10 12 1 10 12 1 10 12 1 100 1 1 1 1 5 0 1 1 1 1 1 1 1 1 1 1 1 1 1 1 1 100 1 100 1 1 1 1
instanceKlass org/jetbrains/kotlin/com/intellij/psi/text/BlockSupport$ReparsedSuccessfullyException
instanceKlass org/jetbrains/kotlin/lexer/KotlinLexerException
instanceKlass org/jetbrains/kotlin/protobuf/UninitializedMessageException
instanceKlass org/jetbrains/kotlin/com/intellij/openapi/util/RecursionManager$CachingPreventedException
instanceKlass org/jetbrains/kotlin/com/intellij/core/CoreJavaCodeStyleManager$1CancelException
instanceKlass org/jetbrains/kotlin/com/intellij/openapi/util/StackOverflowPreventedException
instanceKlass org/jetbrains/kotlin/com/intellij/openapi/vfs/InvalidVirtualFileAccessException
instanceKlass org/jetbrains/kotlin/com/intellij/psi/PsiInvalidElementAccessException
instanceKlass org/jetbrains/kotlin/com/fasterxml/aalto/UncheckedStreamException
instanceKlass java/util/concurrent/RejectedExecutionException
instanceKlass java/io/UncheckedIOException
instanceKlass org/jetbrains/kotlin/com/intellij/openapi/extensions/SortingException
instanceKlass org/jetbrains/kotlin/com/intellij/diagnostic/ImplementationConflictException
instanceKlass java/util/EmptyStackException
instanceKlass org/jetbrains/kotlin/com/intellij/openapi/diagnostic/RuntimeExceptionWithAttachments
instanceKlass org/jetbrains/kotlin/com/intellij/diagnostic/PluginException
instanceKlass org/jetbrains/kotlin/com/intellij/openapi/project/IndexNotReadyException
instanceKlass java/lang/SecurityException
instanceKlass org/jetbrains/kotlin/com/intellij/openapi/editor/ReadOnlyFragmentModificationException
instanceKlass org/jetbrains/kotlin/com/intellij/openapi/editor/ReadOnlyModificationException
instanceKlass org/jetbrains/kotlin/com/intellij/util/lang/CompoundRuntimeException
instanceKlass org/jetbrains/kotlin/com/intellij/util/pico/PicoException
instanceKlass org/jetbrains/kotlin/com/intellij/openapi/extensions/ExtensionNotApplicableException
instanceKlass java/util/MissingResourceException
instanceKlass java/nio/file/FileSystemNotFoundException
instanceKlass org/jetbrains/kotlin/util/ServiceLoaderLite$ServiceLoadingException
instanceKlass org/jetbrains/kotlin/compiler/plugin/PluginProcessingException
instanceKlass org/jetbrains/kotlin/compiler/plugin/CliOptionProcessingException
instanceKlass org/jetbrains/kotlin/com/intellij/util/IncorrectOperationException
instanceKlass org/jetbrains/kotlin/utils/WrappedValues$WrappedProcessCanceledException
instanceKlass java/util/ConcurrentModificationException
instanceKlass java/lang/reflect/UndeclaredThrowableException
instanceKlass java/util/NoSuchElementException
instanceKlass kotlin/NoWhenBranchMatchedException
instanceKlass java/lang/IndexOutOfBoundsException
instanceKlass java/lang/UnsupportedOperationException
instanceKlass kotlin/UninitializedPropertyAccessException
instanceKlass java/lang/IllegalStateException
instanceKlass org/jetbrains/kotlin/cli/jvm/compiler/CompileEnvironmentException
instanceKlass org/jetbrains/kotlin/utils/KotlinExceptionWithAttachments
instanceKlass org/jetbrains/kotlin/analyzer/CompilationErrorException
instanceKlass org/jetbrains/kotlin/com/intellij/openapi/progress/ProcessCanceledException
instanceKlass java/lang/IllegalArgumentException
instanceKlass java/lang/ArithmeticException
instanceKlass java/lang/NullPointerException
instanceKlass java/lang/IllegalMonitorStateException
instanceKlass java/lang/ArrayStoreException
instanceKlass java/lang/ClassCastException
ciInstanceKlass java/lang/RuntimeException 1 1 40 10 100 12 1 1 1 10 12 1 10 12 1 10 12 1 10 12 1 100 1 1 1 1 5 0 1 1 1 1 1 1 1 1 1 1 1 1 1 1
ciInstanceKlass java/lang/SecurityManager 0 0 576 10 100 12 1 1 1 9 100 12 1 1 1 10 100 12 1 1 1 100 1 8 1 10 12 1 10 12 1 1 10 100 12 1 1 1 10 100 1 10 100 1 10 9 100 12 1 1 1 10 100 12 1 1 1 10 12 1 1 10 100 12 1 1 100 1 8 1 10 9 12 1 1 9 12 1 8 1 9 12 1 100 1 10 8 1 10 12 1 1 10 12 1 10 12 1 1 100 1 10 10 12 1 1 100 1 8 1 10 12 1 8 1 8 1 8 1 8 1 8 1 8 1 10 12 1 8 1 8 1 8 1 8 1 8 1 10 100 12 1 1 1 10 12 1 1 8 1 100 1 8 1 10 8 1 8 1 8 1 8 1 8 1 10 100 12 1 1 8 1 100 1 8 1 8 1 10 8 1 10 12 1 100 1 8 1 10 10 12 1 1 10 12 1 10 12 1 10 12 1 10 100 12 1 1 1 10 12 1 10 100 12 1 1 11 100 12 1 1 1 18 12 1 1 11 100 12 1 1 1 18 12 1 1 11 12 1 1 18 18 11 12 1 18 12 1 11 12 1 1 9 12 1 1 9 12 1 9 12 1 9 12 1 100 1 10 100 12 1 1 10 12 1 10 12 1 18 12 1 18 10 100 12 1 1 1 18 12 1 10 12 1 18 18 8 1 10 12 1 9 12 1 1 11 100 12 1 1 1 8 1 100 1 10 12 1 10 12 1 1 10 12 1 1 9 12 1 1 10 12 1 10 12 1 1 8 1 100 1 10 9 12 1 8 1 10 12 1 8 1 100 1 10 10 100 12 1 1 10 100 1 9 100 12 1 1 1 11 12 1 1 10 12 1 11 12 1 10 12 1 100 1 10 10 12 1 1 10 12 1 1 1 1 1 1 1 1 1 1 1 100 1 1 1 1 1 1 1 1 1 1 1 1 1 1 1 1 1 1 1 1 1 1 1 1 1 1 1 1 1 1 1 1 1 1 1 1 1 1 1 1 1 1 1 1 1 1 1 1 1 1 1 1 1 1 1 1 3 1 1 1 1 1 1 1 1 1 1 100 1 1 1 1 1 1 1 1 1 1 1 1 1 1 1 1 1 1 1 1 1 1 1 1 1 1 1 1 1 1 1 1 1 1 1 1 1 1 16 15 10 100 12 1 1 1 16 1 16 15 10 12 16 1 15 10 12 16 15 11 100 1 16 1 16 1 15 10 12 16 15 10 12 16 15 10 12 1 16 1 15 11 12 1 15 10 12 16 15 10 16 1 15 10 100 12 1 1 1 1 1 1 100 1 100 1 1
ciInstanceKlass java/security/ProtectionDomain 1 1 348 10 7 12 1 1 1 9 7 12 1 1 1 7 1 10 9 12 1 1 9 12 1 1 9 12 1 1 10 7 12 1 1 7 1 9 12 1 9 12 1 1 7 1 9 12 1 1 9 12 1 10 100 12 1 1 10 100 12 1 1 1 10 12 1 1 10 12 1 9 12 1 9 100 12 1 1 10 12 1 1 10 100 1 10 12 1 1 8 1 100 1 8 1 10 12 1 10 11 10 100 12 1 1 1 10 12 1 1 8 1 11 8 1 10 12 1 8 1 8 1 10 12 1 1 10 12 1 10 12 1 1 10 12 1 8 1 10 12 1 8 1 8 1 10 100 12 1 1 1 9 100 12 1 1 1 10 12 1 1 9 100 12 1 1 1 10 100 12 1 1 1 100 1 18 12 1 1 10 100 12 1 1 1 10 100 1 10 12 1 10 12 1 1 11 100 12 1 1 11 12 1 100 1 11 100 12 1 1 1 10 12 1 10 11 12 1 1 11 12 1 1 10 12 1 10 7 12 1 1 10 100 12 1 1 11 12 1 10 12 10 12 1 8 1 8 1 10 7 12 1 1 1 7 1 10 10 7 12 1 1 1 1 1 1 1 1 1 1 100 1 1 100 1 1 1 1 1 1 1 1 1 1 1 1 1 1 1 1 1 1 1 1 1 1 1 1 1 1 1 1 1 1 1 1 1 1 1 1 1 1 1 1 1 1 1 1 100 1 1 1 1 1 1 100 1 1 16 15 10 12 16 15 10 100 12 1 1 1 1 1 1 1 100 1 100 1 1
staticfield java/security/ProtectionDomain filePermCompatInPD Z 0
ciInstanceKlass java/security/AccessControlContext 1 1 374 9 7 12 1 1 1 9 12 1 1 10 100 12 1 1 1 8 1 10 100 12 1 1 1 10 7 12 1 1 1 9 12 1 9 12 1 1 9 12 1 1 10 7 12 1 1 100 1 10 12 1 11 100 12 1 1 1 11 12 1 11 12 1 11 12 1 1 100 1 11 12 1 1 10 12 1 10 100 12 1 1 1 9 100 12 1 1 1 10 100 12 1 1 1 11 100 12 1 1 1 10 100 1 100 1 8 1 10 12 1 10 12 1 1 100 1 10 100 12 1 1 1 9 12 1 9 12 1 9 12 1 9 12 1 1 9 12 1 1 9 12 1 9 12 1 10 7 12 1 1 1 9 12 1 10 12 1 1 10 12 1 1 8 1 10 12 1 1 10 12 1 1 10 100 12 1 1 1 100 1 10 10 12 1 1 10 100 12 1 1 1 10 8 1 10 100 12 1 1 8 1 10 100 12 1 1 8 1 8 1 10 12 1 8 1 10 12 1 8 1 10 12 1 10 12 1 10 12 1 1 8 1 8 1 100 1 10 12 1 10 12 1 1 100 1 10 12 1 8 1 10 12 1 10 12 1 10 8 1 10 12 1 1 10 12 1 1 10 12 1 1 10 12 1 1 10 12 1 10 12 1 11 10 12 1 10 12 1 1 10 10 10 12 1 1 1 1 1 1 1 1 1 1 1 1 1 1 1 1 1 1 1 1 1 1 1 1 100 1 1 1 1 1 1 1 1 1 1 1 1 1 1 1 1 1 1 1 1 1 1 1 1 1 1 1 1 1 1 1 1 1 1 1 1 1 1 1 1 1 1 1 1 1 1 1 1 1 1 1 1 3 1 1
ciInstanceKlass java/security/AccessController 1 1 295 10 100 12 1 1 1 10 7 12 1 1 1 10 7 12 1 1 1 10 12 1 1 10 12 1 1 10 7 12 1 1 1 10 12 1 1 10 12 1 10 12 1 1 10 12 1 100 1 8 1 10 12 1 10 12 1 10 12 1 1 10 12 1 100 1 100 1 10 12 1 1 10 12 1 10 12 1 10 12 1 1 10 7 12 1 1 1 10 12 1 1 9 100 12 1 1 1 10 100 12 1 1 1 10 12 1 10 12 1 9 100 12 1 1 1 10 12 1 10 12 1 1 9 12 1 1 10 100 1 10 11 7 12 1 1 1 10 7 12 1 1 11 7 1 100 1 10 12 1 10 12 1 10 12 1 8 1 10 12 1 1 8 1 10 100 12 1 1 1 8 1 100 1 10 10 12 1 1 10 12 1 10 7 12 1 1 1 10 12 1 8 1 10 100 12 1 1 8 1 8 1 10 12 1 8 1 10 12 1 10 12 1 1 10 12 1 1 1 1 1 1 1 1 1 1 1 1 1 1 1 1 1 1 1 1 1 1 1 1 1 1 1 1 100 1 1 1 1 1 1 1 1 1 1 1 1 1 1 1 1 1 1 1 1 1 1 1 1 1 1 1 1 1 1 1 1 1 1 100 1 100 1 1 1 1 1 1 1 1 1 3 1 1 1
staticfield java/security/AccessController $assertionsDisabled Z 1
instanceKlass jdk/internal/loader/BuiltinClassLoader
instanceKlass java/net/URLClassLoader
ciInstanceKlass java/security/SecureClassLoader 1 1 102 10 7 12 1 1 1 7 1 10 12 1 9 7 12 1 1 1 10 12 1 10 12 1 10 12 1 1 10 12 1 1 10 12 1 7 1 10 7 1 10 12 1 7 1 10 12 1 11 7 12 1 1 1 7 1 11 12 1 10 12 1 1 1 1 1 1 1 1 1 1 1 1 1 1 1 1 1 1 1 1 1 1 1 1 1 1 1 1 1 1 1 1 1 1 1 1 100 1 1 1 1
instanceKlass java/lang/reflect/InvocationTargetException
instanceKlass java/lang/InstantiationException
instanceKlass java/lang/IllegalAccessException
instanceKlass java/lang/NoSuchFieldException
instanceKlass java/lang/NoSuchMethodException
instanceKlass java/lang/ClassNotFoundException
ciInstanceKlass java/lang/ReflectiveOperationException 1 1 34 10 7 12 1 1 1 10 12 1 10 12 1 10 12 1 100 1 1 1 1 5 0 1 1 1 1 1 1 1 1 1 1 1
ciInstanceKlass java/lang/ClassNotFoundException 1 1 96 7 1 10 7 12 1 1 1 10 12 1 10 12 1 1 10 100 12 1 1 1 8 1 10 100 12 1 1 1 10 7 12 1 1 10 100 12 1 1 1 10 100 12 1 1 1 10 12 1 1 7 1 10 12 1 9 12 1 1 1 1 1 5 0 1 1 1 1 1 1 1 1 1 1 1 1 1 1 1 1 1 1 100 1 1 1 1 1 1 1 1 1 1 1 1
staticfield java/lang/ClassNotFoundException serialPersistentFields [Ljava/io/ObjectStreamField; 1 [Ljava/io/ObjectStreamField;
instanceKlass java/nio/DirectByteBuffer$Deallocator
instanceKlass java/util/stream/Collectors$CollectorImpl
instanceKlass java/lang/reflect/Proxy$ProxyBuilder$ProxyClassContext
instanceKlass java/security/SecureClassLoader$CodeSourceKey
instanceKlass jdk/internal/reflect/ReflectionFactory$Config
instanceKlass jdk/internal/foreign/abi/UpcallLinker$CallRegs
instanceKlass jdk/internal/foreign/abi/VMStorage
ciInstanceKlass java/lang/Record 1 1 22 10 7 12 1 1 1 100 1 1 1 1 1 1 1 1 1 1 1 1 1 1
instanceKlass java/lang/IncompatibleClassChangeError
instanceKlass java/lang/UnsatisfiedLinkError
instanceKlass java/lang/BootstrapMethodError
instanceKlass java/lang/NoClassDefFoundError
ciInstanceKlass java/lang/LinkageError 1 1 31 10 7 12 1 1 1 10 12 1 10 12 1 100 1 1 1 1 5 0 1 1 1 1 1 1 1 1 1 1 1
ciInstanceKlass java/lang/NoClassDefFoundError 0 0 26 10 100 12 1 1 1 10 12 1 100 1 1 1 1 5 0 1 1 1 1 1 1 1 1 1
ciInstanceKlass java/lang/ClassCastException 1 1 26 10 100 12 1 1 1 10 12 1 100 1 1 1 1 5 0 1 1 1 1 1 1 1 1 1
ciInstanceKlass java/lang/ArrayStoreException 1 1 26 10 100 12 1 1 1 10 12 1 100 1 1 1 1 5 0 1 1 1 1 1 1 1 1 1
instanceKlass java/lang/StackOverflowError
instanceKlass java/lang/OutOfMemoryError
instanceKlass java/lang/InternalError
ciInstanceKlass java/lang/VirtualMachineError 1 1 34 10 100 12 1 1 1 10 12 1 10 12 1 10 12 1 100 1 1 1 1 5 0 1 1 1 1 1 1 1 1 1 1 1
ciInstanceKlass java/lang/InternalError 0 0 34 10 100 12 1 1 1 10 12 1 10 12 1 10 12 1 100 1 1 1 1 5 0 1 1 1 1 1 1 1 1 1 1 1
ciInstanceKlass java/lang/OutOfMemoryError 1 1 26 10 100 12 1 1 1 10 12 1 100 1 1 1 1 5 0 1 1 1 1 1 1 1 1 1
ciInstanceKlass java/lang/StackOverflowError 1 1 26 10 100 12 1 1 1 10 12 1 100 1 1 1 1 5 0 1 1 1 1 1 1 1 1 1
ciInstanceKlass java/lang/IllegalMonitorStateException 1 1 26 10 100 12 1 1 1 10 12 1 100 1 1 1 1 5 0 1 1 1 1 1 1 1 1 1
instanceKlass java/lang/ref/PhantomReference
instanceKlass java/lang/ref/FinalReference
instanceKlass java/lang/ref/WeakReference
instanceKlass java/lang/ref/SoftReference
ciInstanceKlass java/lang/ref/Reference 1 1 190 9 7 12 1 1 1 9 7 12 1 1 10 12 1 1 10 12 1 1 9 12 1 1 10 12 1 1 9 12 1 1 9 12 1 1 7 1 10 12 1 10 7 12 1 1 10 12 1 10 12 1 1 10 12 1 7 1 8 1 10 12 1 1 7 1 10 12 1 1 10 12 1 1 10 12 1 9 12 1 10 12 1 1 10 12 1 10 12 1 9 12 1 100 1 100 1 10 12 9 12 1 9 12 1 100 1 10 10 12 1 10 10 7 12 1 1 7 1 10 10 7 12 1 1 1 1 1 1 1 1 1 1 1 1 1 1 1 1 1 1 1 100 1 1 1 100 1 1 1 1 1 1 1 1 1 1 1 1 1 1 1 1 1 1 1 1 1 1 1 1 1 1 1 1 1 1 1 1 1 1 1 100 1 100 1 100 1 1 1
staticfield java/lang/ref/Reference processPendingLock Ljava/lang/Object; java/lang/Object
staticfield java/lang/ref/Reference $assertionsDisabled Z 1
instanceKlass org/jetbrains/kotlin/com/intellij/util/containers/ConcurrentWeakKeySoftValueHashMap$SoftValue
instanceKlass org/jetbrains/kotlin/com/intellij/util/containers/SoftKeySoftValueHashMap$ValueReference
instanceKlass org/jetbrains/kotlin/com/intellij/reference/SoftReference
instanceKlass java/lang/invoke/LambdaFormEditor$Transform
ciInstanceKlass java/lang/ref/SoftReference 1 1 47 10 7 12 1 1 1 9 7 12 1 1 1 9 12 1 10 12 1 10 12 1 1 1 1 1 1 1 1 1 1 1 1 1 1 1 1 1 1 1 1 100 1 1 1 1 1
instanceKlass org/jetbrains/kotlin/com/intellij/util/containers/ConcurrentWeakKeySoftValueHashMap$WeakKey
instanceKlass org/jetbrains/kotlin/com/intellij/util/containers/UnsafeWeakList$MyReference
instanceKlass org/jetbrains/kotlin/com/intellij/util/containers/IntKeyWeakValueHashMap$MyReference
instanceKlass java/lang/WeakPairMap$WeakRefPeer
instanceKlass java/lang/ClassValue$Entry
instanceKlass java/util/logging/Level$KnownLevel
instanceKlass jdk/internal/util/WeakReferenceKey
instanceKlass java/lang/ThreadLocal$ThreadLocalMap$Entry
instanceKlass java/util/WeakHashMap$Entry
ciInstanceKlass java/lang/ref/WeakReference 1 1 31 10 7 12 1 1 1 10 12 1 100 1 1 1 1 1 1 1 1 1 1 1 1 1 1 1 1 1 1 1 1
instanceKlass java/lang/ref/Finalizer
ciInstanceKlass java/lang/ref/FinalReference 1 1 50 10 100 12 1 1 1 10 100 12 1 1 1 10 12 1 1 100 1 8 1 10 12 1 1 1 1 1 1 1 1 1 1 1 1 1 1 1 1 1 1 1 1 1 1 1 1 1 100 1
instanceKlass jdk/internal/ref/PhantomCleanable
instanceKlass jdk/internal/ref/Cleaner
ciInstanceKlass java/lang/ref/PhantomReference 1 1 39 10 100 12 1 1 1 10 7 12 1 1 1 1 1 1 1 1 1 1 1 1 1 1 1 1 1 1 1 1 1 1 1 1 1 1 1 1 1
ciInstanceKlass java/lang/ref/Finalizer 1 1 155 9 7 12 1 1 1 10 100 12 1 1 1 9 12 1 1 9 12 1 1 9 12 1 9 12 1 9 12 1 1 10 12 1 100 1 8 1 10 12 1 10 12 1 1 9 12 1 100 1 10 12 1 100 1 11 100 12 1 1 10 12 1 100 1 10 12 1 100 1 10 12 1 10 100 12 1 1 1 10 100 12 1 1 1 100 1 10 10 12 1 7 1 10 12 1 7 1 10 12 1 1 10 12 1 1 10 12 1 10 7 12 1 1 1 7 1 10 7 1 10 10 12 1 1 1 1 1 1 1 1 1 1 1 1 1 1 1 1 1 1 1 1 1 1 1 1 1 1 1 1 1 1 1 1
staticfield java/lang/ref/Finalizer lock Ljava/lang/Object; java/lang/Object
staticfield java/lang/ref/Finalizer ENABLED Z 1
staticfield java/lang/ref/Finalizer $assertionsDisabled Z 1
ciInstanceKlass java/lang/Runnable 1 0 11 100 1 100 1 1 1 1 1 1 1
instanceKlass kotlinx/coroutines/scheduling/CoroutineScheduler$Worker
instanceKlass jdk/internal/misc/InnocuousThread
instanceKlass java/util/concurrent/ForkJoinWorkerThread
instanceKlass java/lang/ref/Finalizer$FinalizerThread
instanceKlass java/lang/ref/Reference$ReferenceHandler
instanceKlass java/lang/BaseVirtualThread
ciInstanceKlass java/lang/Thread 1 1 870 10 7 12 1 1 1 9 12 1 1 10 100 12 1 1 10 12 1 10 100 12 1 1 100 1 8 1 10 12 1 1 9 12 1 9 12 1 1 9 12 1 1 100 1 10 12 1 1 10 12 1 10 100 12 1 1 1 10 12 9 12 1 1 10 12 1 100 1 10 12 1 100 1 8 1 10 9 100 12 1 1 1 10 12 1 1 10 12 1 1 10 12 1 1 10 12 1 10 12 1 1 3 8 1 100 1 5 0 10 7 12 1 1 1 9 12 1 10 12 1 1 10 7 12 1 1 1 10 7 12 1 1 1 10 12 1 1 10 12 1 1 9 12 1 1 10 100 1 8 1 10 7 1 10 12 1 9 12 1 1 10 100 12 1 1 1 10 10 12 1 1 9 100 12 1 1 1 10 12 1 1 10 12 1 1 10 7 12 1 1 10 12 1 10 12 1 10 7 12 1 1 9 12 1 10 7 12 1 1 1 10 12 1 1 9 12 1 1 9 12 1 1 10 7 12 1 1 1 9 12 1 1 10 100 12 1 1 10 100 12 1 1 1 10 12 1 10 12 1 10 7 12 1 1 9 12 1 8 1 9 100 12 1 1 9 12 1 1 5 0 100 1 10 100 1 10 100 1 10 100 1 10 8 1 10 12 1 1 10 100 12 1 10 12 1 10 12 1 100 1 8 1 10 10 12 1 10 12 1 1 10 100 12 1 1 1 10 100 12 1 1 1 10 12 1 7 1 9 12 1 1 100 1 10 10 12 1 9 12 1 1 10 12 1 1 10 12 1 1 10 12 1 10 12 1 9 12 1 1 10 10 12 1 1 10 12 1 1 11 7 12 1 1 10 100 12 1 1 9 12 1 9 12 1 1 9 12 1 1 10 100 12 1 1 10 12 1 1 9 100 12 1 1 1 10 100 12 1 1 10 12 1 10 12 1 100 1 10 10 12 9 12 1 1 10 12 1 11 100 12 1 1 10 12 1 10 12 1 10 12 1 9 12 1 10 10 12 1 10 12 1 1 9 12 1 9 12 10 12 1 8 1 10 12 1 10 12 1 10 12 1 10 12 1 10 12 1 1 10 12 1 10 12 1 1 10 12 1 10 12 1 10 12 1 10 12 1 10 12 1 1 9 7 12 1 1 1 8 1 10 9 12 1 10 12 1 100 1 8 1 10 10 12 1 8 1 10 12 1 1 9 12 10 12 8 1 10 10 12 1 10 12 1 8 1 10 12 1 10 8 1 10 100 12 1 1 10 12 1 1 100 1 8 1 10 9 12 1 9 12 1 1 10 12 1 1 10 10 12 1 10 12 1 100 10 7 12 1 1 1 9 12 1 10 12 1 1 10 12 1 1 10 100 12 1 1 1 11 100 12 1 1 1 9 100 12 1 1 1 10 100 12 1 1 1 100 1 10 12 1 100 1 10 12 1 10 12 1 1 10 12 1 1 8 1 9 12 1 10 12 1 10 12 1 1 11 100 12 1 1 1 10 12 1 1 1 1 3 1 3 1 3 1 3 1 1 1 1 1 1 1 1 1 1 1 1 1 1 1 1 1 1 1 1 1 100 1 1 1 1 1 1 1 1 1 1 1 1 1 1 1 1 1 1 1 1 1 1 100 1 1 1 1 1 1 1 1 1 1 1 1 1 1 1 1 100 1 100 1 1 1 1 1 1 1 1 1 1 1 1 1 1 1 1 1 1 1 1 1 1 1 1 1 1 1 1 1 1 1 1 1 1 1 1 1 1 1 1 1 1 1 1 1 1 1 1 1 1 1 1 1 1 1 1 1 1 1 1 1 1 1 1 1 1 1 1 1 1 1 1 1 1 1 1 100 100 1 1 1 1 1 1 1 1 1 1 1 1 1 1 1 1 1 1 1 1 1 1 1 1 1 1 100 1 100 1 100 1 100 1 100 1 1 100 1 1 1 1 1 1 1 1 1 1 1 1 1 1 1
staticfield java/lang/Thread NEW_THREAD_BINDINGS Ljava/lang/Object; java/lang/Class
staticfield java/lang/Thread EMPTY_STACK_TRACE [Ljava/lang/StackTraceElement; 0 [Ljava/lang/StackTraceElement;
ciInstanceKlass java/lang/Thread$FieldHolder 1 1 48 10 7 12 1 1 1 9 7 12 1 1 1 9 12 1 1 9 12 1 1 9 12 1 1 9 12 1 1 1 1 1 1 1 1 1 1 100 1 100 1 1 1 1 100 1 1 1
ciInstanceKlass java/lang/Thread$Constants 0 0 59 100 1 10 100 12 1 1 1 100 1 10 10 100 12 1 1 1 100 1 8 1 10 12 1 9 100 12 1 1 1 100 1 100 1 10 12 1 10 12 1 9 12 1 1 1 1 1 1 1 1 1 1 1 1 1 1 1 1
ciInstanceKlass java/lang/Thread$UncaughtExceptionHandler 1 0 16 100 1 100 1 1 1 1 1 1 1 1 100 1 1 1
ciInstanceKlass java/lang/ThreadGroup 1 1 411 10 7 12 1 1 1 9 7 12 1 1 1 8 1 9 12 1 1 100 1 9 12 1 1 9 12 1 1 10 7 12 1 1 1 10 12 1 1 10 12 1 10 12 1 10 12 1 10 12 1 1 10 12 1 1 10 12 1 10 12 1 1 10 12 1 10 12 1 10 100 12 1 1 1 10 12 1 1 18 12 1 1 11 100 12 1 1 1 10 7 12 1 1 1 10 100 12 1 10 12 1 1 10 12 1 1 10 12 1 1 10 100 12 1 1 1 10 12 1 11 12 1 1 11 100 12 1 1 11 12 1 1 10 12 1 1 10 12 1 10 12 1 11 12 1 11 12 1 1 100 1 10 10 12 1 100 1 10 18 12 1 1 11 100 12 1 1 1 11 12 1 1 9 12 1 1 10 12 1 1 8 1 10 100 12 1 1 1 10 100 12 1 1 1 10 12 1 1 11 12 10 12 1 1 10 12 1 1 11 100 1 9 12 1 100 1 10 8 1 10 12 1 1 10 12 1 1 8 1 10 12 1 10 100 12 1 1 1 10 12 1 1 10 7 1 8 1 10 8 1 10 12 1 10 12 1 8 1 9 12 1 1 9 12 1 10 100 12 1 1 1 100 9 12 1 1 7 1 9 12 1 10 12 10 12 1 1 100 10 12 9 12 1 10 12 1 100 1 10 11 12 1 1 100 1 10 10 12 1 10 12 1 1 1 1 1 1 1 1 1 1 1 1 1 1 1 1 1 1 3 1 1 1 1 1 1 1 1 1 1 1 1 100 1 1 1 1 1 1 1 1 1 1 1 1 1 1 1 1 1 1 1 1 1 1 1 1 1 1 1 1 1 1 1 1 1 1 1 1 1 1 1 1 1 1 1 16 15 10 12 16 16 15 10 12 16 15 10 100 12 1 1 1 1 1 100 1 100 1 1
staticfield java/lang/ThreadGroup $assertionsDisabled Z 1
instanceKlass java/lang/ThreadBuilders$BoundVirtualThread
instanceKlass java/lang/VirtualThread
ciInstanceKlass java/lang/BaseVirtualThread 0 0 36 10 100 12 1 1 1 100 1 1 1 1 1 1 1 1 1 1 1 1 1 1 1 1 1 1 1 1 100 1 100 1 1 100 1 1
ciInstanceKlass java/lang/VirtualThread 0 0 907 9 100 12 1 1 1 10 100 12 1 1 1 10 100 12 1 1 1 10 100 12 1 1 1 9 12 1 1 9 12 1 1 100 1 10 12 1 9 12 1 1 18 12 1 1 9 12 1 1 10 12 1 1 100 1 10 12 1 10 12 1 1 10 12 1 1 10 12 1 1 10 12 1 10 100 12 1 10 12 1 10 12 1 10 12 1 10 12 1 11 100 12 1 1 1 100 1 10 12 1 1 10 100 12 1 1 1 10 100 12 1 1 1 10 12 1 100 1 10 10 12 1 10 12 1 1 9 12 1 1 10 12 1 1 9 12 1 1 10 12 1 9 12 1 1 9 12 1 100 1 10 10 12 1 10 100 12 1 1 10 9 10 10 12 1 1 10 12 1 1 10 100 12 1 1 10 100 1 10 9 10 10 12 1 100 1 10 12 1 1 10 12 1 10 12 1 10 12 1 1 9 12 1 10 12 1 10 12 1 9 12 1 1 10 12 1 10 12 1 9 12 1 1 10 12 1 10 12 1 10 12 1 11 100 12 1 1 10 12 1 1 10 12 1 1 10 12 1 1 9 12 1 10 100 1 10 12 1 1 10 12 1 1 10 12 1 10 12 1 10 12 1 10 12 9 12 1 1 10 100 12 1 1 10 12 1 10 12 1 1 10 100 12 1 1 10 12 1 100 1 8 1 10 12 1 10 12 1 1 10 12 1 10 12 1 10 100 12 1 1 10 12 1 10 12 1 1 10 12 1 10 12 1 1 10 100 12 1 1 10 12 1 1 10 12 1 1 100 1 10 10 12 1 100 1 9 12 1 1 10 100 12 1 1 10 9 12 1 1 18 9 100 12 1 1 1 11 100 12 1 1 1 11 100 1 11 12 10 12 1 10 12 1 1 10 12 1 100 1 10 10 12 1 10 12 1 1 10 12 1 1 10 12 1 10 12 1 10 12 1 9 12 1 1 11 100 12 1 1 10 12 9 100 12 1 1 1 9 12 1 10 12 1 1 9 12 1 9 12 1 9 12 1 100 1 10 10 12 1 1 10 12 1 10 12 100 1 100 1 10 8 1 10 12 1 1 10 12 1 10 12 1 10 10 12 1 8 1 10 10 12 1 10 12 1 10 100 12 1 1 8 1 8 1 10 9 100 12 1 1 1 10 12 1 1 10 12 1 10 10 10 12 9 12 1 10 12 1 1 9 12 1 10 12 1 1 9 12 1 10 12 1 1 18 12 1 1 18 12 1 10 100 12 1 1 1 8 1 10 100 12 1 1 1 10 100 12 1 1 1 18 12 1 10 100 12 1 1 1 100 1 10 12 1 8 1 10 12 1 8 1 10 12 1 1 8 1 8 1 10 100 12 1 1 8 1 10 12 1 8 1 8 1 10 100 12 1 1 1 10 12 1 10 12 1 1 10 12 1 18 12 1 1 18 12 1 1 5 0 9 12 1 10 12 1 18 12 1 100 1 10 12 10 100 12 1 1 10 12 1 1 100 1 8 1 10 10 12 1 10 12 1 1 10 12 1 9 12 1 8 10 12 1 1 8 8 9 12 1 8 10 12 1 1 3 1 3 1 3 1 3 1 3 1 3 1 3 1 3 1 3 1 3 1 3 1 3 3 1 3 1 1 1 1 1 1 1 1 1 1 1 1 1 1 100 1 1 1 1 1 1 1 1 1 1 1 1 1 1 100 1 1 1 1 1 1 1 1 1 1 1 100 1 1 1 1 1 1 1 1 1 1 1 1 1 1 1 1 1 1 1 1 1 1 1 1 1 1 1 1 1 1 1 1 1 1 1 1 1 1 1 100 1 1 1 1 1 1 1 1 1 1 1 1 1 1 1 1 1 1 1 1 1 1 1 1 1 1 1 1 1 1 1 1 1 1 1 100 1 1 1 1 1 1 1 1 1 1 1 1 1 1 100 1 1 16 15 10 12 15 16 15 10 12 16 15 10 12 16 16 15 10 12 16 15 10 12 16 15 10 12 16 15 10 12 16 1 15 10 100 12 1 1 1 1 1 1 1 100 1 1 100 1 100 1 1
ciInstanceKlass java/lang/ThreadBuilders$BoundVirtualThread 0 0 132 10 100 12 1 1 1 9 100 12 1 1 1 10 100 12 1 1 1 9 12 1 1 10 12 1 1 10 12 1 1 9 12 1 1 10 100 12 1 1 1 10 12 1 1 100 1 8 1 10 12 1 10 12 1 1 10 12 1 1 10 12 1 1 10 100 12 1 1 1 8 1 10 12 1 8 1 10 12 1 1 10 100 12 1 1 9 100 12 1 1 1 10 12 1 1 10 10 12 1 1 1 1 1 1 1 1 1 1 1 1 1 1 1 1 1 1 1 1 1 1 1 1 1 1 1 1 100 1 1 1 1
ciInstanceKlass java/util/Map 1 1 263 11 7 12 1 1 1 11 12 1 1 10 100 12 1 1 11 12 1 1 11 7 12 1 1 1 11 100 12 1 1 1 11 12 1 1 7 1 11 12 1 11 12 1 100 1 100 1 10 12 1 1 11 100 12 1 1 1 11 100 12 1 1 1 11 12 1 11 12 1 10 12 1 1 11 12 1 11 100 12 1 9 7 12 1 1 1 100 1 10 12 7 1 7 1 10 12 1 7 1 10 7 1 11 12 1 11 12 1 1 11 12 1 1 7 1 11 12 1 1 1 1 1 1 1 1 1 1 1 1 1 1 1 1 1 1 1 1 1 1 1 1 1 1 1 1 1 1 1 1 1 1 1 1 1 1 1 1 1 1 1 1 1 1 1 1 1 1 1 1 1 1 1 1 1 1 1 1 1 1 1 1 1 1 1 1 1 1 1 1 1 1 1 1 1 1 1 1 1 1 1 1 1 1 1 1 1 1 1 1 1 1 1 1 1 1 1 1 1 1 1 1 1 1 1 1 1 1 1 1 1 1 1 1 1 1 1 1 1 1 1 1 1 1 100 1 1 1 1 1 1 1 1 1 1 1 1 1 1 1 1 1 1
instanceKlass java/util/Hashtable
ciInstanceKlass java/util/Dictionary 1 1 36 10 7 12 1 1 1 100 1 1 1 1 1 1 1 1 1 1 1 1 1 1 1 1 1 1 1 1 1 1 1 1 1 1 1 1
instanceKlass java/util/Properties
ciInstanceKlass java/util/Hashtable 1 1 516 100 1 10 7 12 1 1 1 9 7 12 1 1 1 100 1 100 1 10 8 1 10 12 1 1 10 12 1 10 12 1 1 10 12 1 10 7 12 1 1 1 8 1 10 12 1 9 12 1 1 7 1 9 12 1 1 4 10 7 12 1 1 1 9 12 1 4 10 12 1 11 100 12 1 1 1 10 12 1 1 10 12 1 1 9 12 1 10 12 1 1 100 1 10 9 12 1 1 10 7 12 1 1 1 9 12 1 1 10 12 1 10 12 1 3 9 12 1 9 12 1 3 10 12 1 10 12 1 10 12 1 1 11 12 1 1 11 100 12 1 1 1 11 100 12 1 1 1 11 12 1 100 1 11 12 1 11 12 1 10 12 1 1 10 12 1 1 10 12 1 9 12 1 1 9 12 9 12 1 1 10 100 1 100 1 10 12 1 10 8 1 10 10 12 1 8 1 10 8 1 10 100 12 1 1 1 100 1 10 12 1 10 12 1 100 1 10 12 1 10 12 1 1 100 1 10 100 1 10 10 12 1 1 11 12 1 1 11 12 1 100 1 10 10 10 100 12 1 1 11 100 12 1 1 1 100 1 10 11 100 12 1 1 11 100 12 1 10 12 1 10 12 1 1 10 100 12 1 1 10 12 1 1 10 12 1 1 10 12 1 1 10 100 12 1 1 1 8 10 100 12 1 1 100 1 8 1 10 4 4 10 12 1 1 10 12 1 8 1 4 10 12 10 100 12 1 1 1 100 1 11 100 12 1 1 1 10 100 12 1 1 1 10 12 1 10 12 1 1 10 100 1 100 1 1 1 1 1 1 5 0 1 1 1 1 1 3 1 3 1 3 1 1 1 1 1 1 1 1 1 1 1 1 1 1 1 1 1 1 1 1 1 1 1 1 1 100 1 1 1 1 1 1 1 1 1 1 1 1 1 1 1 1 1 1 1 1 1 1 1 1 1 1 1 1 1 100 1 1 1 1 1 1 1 1 1 1 1 1 1 1 100 1 1 1 1 1 1 1 1 1 1 1 1 1 1 1 1 1 1 1 1 1 1 1 1 1 1 1 1 1 1 1 1 1 1 1 1 1 1 1 1 1 1 1 1 100 1 1 1 100 1 1 1 1 1 100 1 1 1 1 1 1 1 1 1 1 1 1 1 1 1 1 1 1
ciInstanceKlass java/util/Properties 1 1 690 10 7 12 1 1 1 100 1 10 7 12 1 1 7 1 10 12 1 9 12 1 1 9 12 1 1 9 12 1 1 10 7 12 1 1 1 10 12 1 1 8 1 10 100 12 1 1 1 100 1 10 12 1 10 12 1 1 8 1 10 12 1 100 1 10 12 10 12 1 1 9 12 1 1 10 12 1 1 7 1 10 12 1 10 12 1 10 12 1 1 100 1 8 1 10 12 1 10 12 1 10 12 1 1 10 12 1 100 1 3 10 10 100 12 1 1 1 10 12 1 10 12 1 1 8 1 10 12 1 10 12 1 1 8 1 10 100 12 1 1 10 12 1 1 10 12 1 10 12 1 1 100 1 10 12 1 10 12 1 1 100 1 9 100 12 1 1 1 10 12 1 10 12 1 1 10 12 1 1 10 12 1 1 100 1 9 12 1 1 100 1 100 1 10 12 1 100 1 11 100 12 1 1 1 11 12 1 1 11 100 12 1 1 1 11 100 12 1 1 1 11 12 1 1 11 12 1 11 12 1 10 12 1 1 8 1 10 12 1 10 100 12 1 1 10 12 1 100 1 10 10 12 1 10 12 1 100 1 10 10 12 1 1 10 100 12 1 1 9 100 12 1 1 10 12 1 1 10 100 12 1 1 1 100 1 100 1 100 1 10 8 1 8 1 10 12 1 10 12 1 10 12 1 1 10 10 12 1 1 10 12 1 1 100 1 10 10 12 1 11 100 12 1 1 10 100 12 1 1 1 8 1 10 100 12 1 1 11 11 100 1 8 1 10 100 1 11 10 12 1 10 10 12 1 10 12 1 1 10 12 1 1 10 12 1 1 10 12 1 10 12 1 10 10 12 1 10 12 1 10 12 1 10 10 12 1 1 10 12 1 1 10 10 12 1 10 12 1 10 12 1 10 12 1 10 12 1 1 10 12 1 1 10 12 1 10 12 1 10 12 1 1 10 12 10 12 1 1 10 12 1 1 10 12 1 10 12 1 1 10 12 1 1 10 12 10 11 12 1 4 11 10 12 1 1 10 100 12 1 1 11 12 1 10 12 1 1 10 100 12 1 1 10 12 1 100 1 8 1 10 12 1 10 10 100 12 1 1 1 100 1 6 0 10 12 1 1 11 100 12 1 1 1 10 12 1 10 12 1 1 1 1 1 5 0 1 1 1 1 1 1 1 1 1 1 1 1 1 1 1 1 1 1 1 1 1 1 1 1 1 1 1 1 1 1 1 1 1 1 1 1 1 1 1 100 1 1 1 1 1 1 1 1 1 1 1 1 1 1 1 1 1 1 1 1 100 1 1 1 1 1 1 1 1 1 1 1 1 100 1 100 1 1 1 1 1 100 1 1 1 1 1 1 1 1 1 1 1 1 1 1 1 1 1 1 1 1 1 1 1 1 1 1 1 1 1 1 1 1 1 1 1 1 1 1 1 1 1 1 1 1 1 1 1 1 1 1 1 1 1 1 1 1 1 1 1 1 1 1 1 1 1 1 1 1 1 1 1 1 1 1 1 1 1 100 1 1 1 1 1 1 1 1 1 1 1 100 1 1
staticfield java/util/Properties UNSAFE Ljdk/internal/misc/Unsafe; jdk/internal/misc/Unsafe
ciInstanceKlass java/lang/Module 1 1 1070 10 7 12 1 1 1 9 7 12 1 1 1 10 7 12 1 1 1 9 12 1 9 12 1 1 9 12 1 1 10 12 1 1 10 12 1 10 12 1 1 10 7 12 1 1 1 7 1 10 7 12 1 1 1 10 12 1 1 11 7 12 1 1 1 10 12 1 1 10 7 12 1 1 1 10 12 1 1 10 7 12 1 1 1 9 100 12 1 1 1 10 100 12 1 1 1 10 12 1 8 1 10 7 12 1 1 1 10 7 12 1 1 1 10 7 12 1 1 1 10 12 1 10 12 1 9 12 1 1 10 100 12 1 1 100 1 100 1 10 8 1 10 12 1 1 10 12 1 10 12 10 12 1 10 7 12 1 1 8 1 8 1 10 8 1 8 1 9 12 1 1 8 1 10 100 12 1 1 1 10 12 1 9 12 1 1 11 12 1 9 7 12 1 1 10 7 12 1 1 1 10 100 12 1 1 1 10 12 1 1 8 1 10 12 1 1 10 12 1 10 12 1 1 9 7 12 1 1 1 10 12 1 1 10 12 1 1 9 12 1 10 12 1 10 12 1 9 12 1 1 11 7 12 1 1 10 12 1 1 9 12 1 9 12 1 10 12 1 10 12 1 100 1 8 1 10 10 12 1 1 10 12 1 8 1 10 12 1 1 8 1 8 1 10 12 1 1 10 12 1 10 12 1 1 18 12 1 1 10 12 1 1 11 12 1 9 12 1 11 12 10 100 12 1 1 100 1 8 1 10 11 12 1 1 10 7 12 1 1 1 10 12 1 10 12 1 1 11 12 1 1 11 7 12 1 1 11 12 1 1 9 12 1 11 12 1 10 12 1 1 10 12 1 1 9 12 1 10 12 10 7 12 1 1 10 7 1 18 12 1 1 11 100 12 1 1 1 18 12 1 11 12 1 1 10 100 12 1 1 1 11 12 1 1 10 7 12 1 1 7 1 11 12 1 7 1 7 1 10 12 1 10 7 12 1 1 1 10 11 7 12 1 8 1 10 10 12 1 1 10 7 12 1 1 10 12 1 10 12 1 7 1 10 12 1 10 11 12 1 1 10 12 10 12 1 1 9 12 1 1 100 1 10 10 12 1 1 11 7 1 10 12 1 1 11 12 1 10 10 12 1 11 10 12 1 1 10 12 1 1 10 12 1 1 10 7 12 1 1 10 12 1 10 12 1 1 10 10 12 1 1 10 12 1 18 12 1 11 12 1 18 12 1 10 12 1 10 12 1 10 12 7 1 10 12 1 10 12 1 10 12 1 9 12 1 7 1 10 10 10 10 12 1 10 12 1 10 12 1 10 12 1 1 10 12 1 1 10 12 1 9 12 1 18 12 1 1 10 100 12 1 1 1 100 1 8 1 10 12 1 1 10 12 1 1 10 100 12 1 1 100 1 10 12 1 1 100 1 8 1 10 12 1 1 100 1 11 12 1 1 10 100 12 1 1 1 18 12 1 1 11 100 12 1 1 1 100 1 10 12 1 10 12 1 1 100 1 100 1 10 12 8 1 10 12 1 1 10 12 1 1 10 100 12 1 1 10 12 1 1 10 12 1 10 12 10 12 1 1 100 1 10 10 12 1 1 10 100 12 1 1 1 100 1 10 12 1 1 10 100 12 1 1 8 1 18 12 1 1 100 1 100 1 9 12 1 1 9 12 1 9 12 1 11 100 12 1 1 1 100 1 11 12 1 1 100 1 10 12 1 8 1 10 12 1 10 12 10 12 1 8 1 10 10 100 12 1 1 7 1 10 10 12 1 10 7 12 1 1 9 12 1 9 12 1 9 12 1 9 12 1 10 12 11 12 1 10 12 1 100 1 1 1 1 1 1 1 1 1 1 1 1 1 1 1 1 1 1 1 100 1 1 1 1 1 1 1 1 1 1 1 1 1 1 1 1 1 1 1 1 1 1 1 1 1 1 1 1 1 1 1 1 1 1 1 1 1 1 1 1 1 1 1 1 1 1 1 1 1 1 1 1 1 1 1 1 1 1 1 1 1 1 1 1 1 1 1 1 1 1 1 1 1 1 1 1 1 1 1 1 1 1 1 1 1 1 1 1 1 1 1 1 1 1 1 100 100 1 1 1 1 1 1 1 1 1 1 1 1 1 1 1 1 1 1 1 1 1 1 1 1 1 1 1 100 1 100 1 1 1 1 1 1 1 1 1 1 1 1 1 1 1 1 1 1 1 1 100 1 1 1 1 1 1 1 1 1 1 1 1 1 1 1 1 1 1 1 1 1 1 1 16 15 10 12 16 16 15 10 12 16 16 15 10 16 1 15 10 12 16 1 15 10 12 16 1 16 15 10 12 16 16 1 15 10 12 16 15 10 7 12 1 1 1 15 10 100 12 1 1 1 1 1 1 1 1 1 1 1 100 1 100 1 1 100 1 100 1 1
staticfield java/lang/Module ALL_UNNAMED_MODULE Ljava/lang/Module; java/lang/Module
staticfield java/lang/Module ALL_UNNAMED_MODULE_SET Ljava/util/Set; java/util/ImmutableCollections$Set12
staticfield java/lang/Module EVERYONE_MODULE Ljava/lang/Module; java/lang/Module
staticfield java/lang/Module EVERYONE_SET Ljava/util/Set; java/util/ImmutableCollections$Set12
staticfield java/lang/Module $assertionsDisabled Z 1
instanceKlass java/lang/reflect/Executable
instanceKlass java/lang/reflect/Field
ciInstanceKlass java/lang/reflect/AccessibleObject 1 1 400 10 7 12 1 1 1 9 100 12 1 1 1 10 100 12 1 1 1 10 7 12 1 1 10 7 12 1 1 1 10 100 12 1 1 1 10 12 1 1 10 12 1 1 9 12 1 1 7 1 10 7 12 1 1 1 11 12 1 100 1 10 12 1 7 1 100 1 10 12 1 10 12 1 1 10 12 1 1 10 12 1 1 10 12 1 1 7 1 10 7 12 1 1 1 10 12 1 1 11 10 7 12 1 1 1 10 12 1 1 10 12 1 10 12 1 10 12 1 1 10 12 1 8 1 100 1 100 1 10 10 12 1 1 8 1 10 12 1 10 12 1 8 1 8 1 8 1 8 1 8 1 8 1 8 1 8 1 8 1 100 1 10 12 1 10 12 1 9 12 1 1 10 12 1 1 10 12 1 10 100 1 100 1 8 1 10 8 1 10 12 1 8 1 10 12 1 10 12 1 1 10 100 1 8 1 10 11 7 12 1 1 1 10 12 1 1 10 12 1 1 10 12 1 1 9 12 1 1 100 1 10 12 1 7 1 10 12 1 10 12 1 1 10 100 1 10 12 1 10 12 10 12 1 10 12 1 10 12 1 1 10 12 1 9 12 1 10 100 12 1 1 8 1 10 100 12 1 1 1 8 1 10 100 12 1 1 1 9 12 1 100 1 10 7 1 10 10 7 12 1 1 1 7 1 10 10 7 12 1 1 1 7 1 9 12 1 1 1 1 1 1 1 1 1 1 1 1 1 1 1 1 1 1 1 1 1 1 1 1 1 1 1 1 1 1 1 1 1 1 1 1 1 1 1 1 1 1 1 1 1 1 1 1 1 1 1 1 1 1 1 1 1 1 1 1 1 1 1 1 1 1 1 1 1 1 1 1 1 1 1 1 1 1 1 1 1 1 1 1
staticfield java/lang/reflect/AccessibleObject reflectionFactory Ljdk/internal/reflect/ReflectionFactory; jdk/internal/reflect/ReflectionFactory
ciInstanceKlass java/lang/reflect/Member 1 1 37 100 1 10 12 1 1 100 1 100 1 1 1 1 3 1 3 1 1 1 1 1 1 1 1 1 1 1 1 1 1 1 1 1 1 1 1
ciInstanceKlass java/lang/reflect/Field 1 1 457 9 7 12 1 1 1 10 12 1 1 10 100 12 1 1 1 10 100 12 1 1 9 12 1 1 10 12 1 1 10 12 1 1 10 100 12 1 1 10 7 12 1 1 1 9 12 1 1 9 12 1 9 12 1 9 12 1 1 9 12 1 1 9 12 1 9 12 1 1 9 12 1 1 100 1 8 1 10 12 1 10 12 1 9 12 1 1 9 12 1 10 12 1 10 7 12 1 1 10 12 1 1 10 12 1 1 10 12 1 10 12 1 1 9 100 12 1 1 1 10 100 12 1 1 1 100 1 10 12 1 1 10 12 1 1 10 12 1 1 10 12 1 10 12 1 10 7 1 10 100 12 1 1 100 1 10 8 1 10 12 1 1 10 12 1 1 8 1 10 12 10 12 1 8 1 8 1 10 11 100 1 9 12 1 10 12 1 1 10 12 1 1 11 7 12 1 1 1 10 12 1 11 12 1 1 11 12 1 1 11 12 1 1 11 12 1 1 11 12 1 1 11 12 1 1 11 12 1 1 11 12 1 1 11 12 1 1 11 12 1 1 11 12 1 1 11 12 1 1 11 12 1 1 11 12 1 1 11 12 1 1 11 12 1 1 11 12 1 1 10 12 1 10 100 12 1 1 10 12 1 10 12 1 10 12 1 9 12 1 1 10 7 12 1 1 1 10 12 1 1 10 12 1 10 7 12 1 1 10 12 1 1 11 7 1 10 12 1 7 1 10 100 12 1 1 1 10 7 12 1 1 1 9 12 1 10 7 12 1 1 1 11 7 12 1 1 1 10 12 1 1 10 12 1 1 9 100 12 1 1 10 100 12 1 1 1 10 12 1 1 100 1 1 1 1 1 1 1 1 1 1 1 1 1 1 1 1 1 1 1 1 1 1 1 1 1 1 1 1 1 1 1 1 1 1 1 1 1 1 1 100 1 1 1 1 1 1 1 1 1 1 1 1 1 1 1 1 1 1 1 1 1 1 1 1 1 1 1 1 1 1 1 1 100 1 1 1 1 1 1 1 1 1 100 1 1
ciInstanceKlass java/lang/reflect/Parameter 0 0 243 10 100 12 1 1 1 9 100 12 1 1 1 9 12 1 1 9 12 1 1 9 12 1 10 12 1 1 10 12 1 1 10 100 12 1 1 1 100 1 10 10 12 1 1 11 100 12 1 1 1 10 12 1 10 100 12 1 1 1 10 12 1 1 10 12 1 10 12 1 8 1 8 1 10 100 12 1 1 1 10 12 1 10 12 9 100 12 1 1 1 10 100 12 1 1 1 10 12 1 8 1 10 12 1 9 12 1 1 10 12 1 1 9 12 1 1 10 12 1 1 10 12 1 1 10 12 1 1 10 12 1 10 10 12 1 10 100 12 1 1 1 10 12 1 1 11 100 12 1 1 10 100 12 1 1 100 1 10 100 12 1 1 1 10 12 1 1 10 12 1 1 10 12 1 1 10 12 1 1 9 12 1 100 1 10 11 12 1 1 11 12 1 1 100 1 1 1 1 1 1 1 1 1 1 1 1 1 1 1 1 1 1 1 1 1 1 1 1 1 1 1 1 1 1 1 1 1 1 1 1 1 1 1 1 1 100 1 1 1 1 1 1
instanceKlass java/lang/reflect/Constructor
instanceKlass java/lang/reflect/Method
ciInstanceKlass java/lang/reflect/Executable 1 1 577 10 7 12 1 1 1 10 7 12 1 1 1 10 7 12 1 1 1 11 7 12 1 1 1 10 7 12 1 1 1 10 12 1 1 10 7 12 1 1 1 10 100 12 1 1 1 10 12 1 8 1 10 10 12 1 1 10 12 1 1 10 100 12 1 1 1 18 12 1 1 11 100 12 1 1 1 8 1 8 1 8 1 10 100 12 1 1 1 11 12 1 1 100 1 8 1 8 1 10 12 1 100 1 8 1 10 12 1 8 1 11 100 12 1 1 1 100 1 11 100 12 1 1 1 11 12 1 8 1 18 8 1 10 12 1 10 12 1 1 18 8 1 10 12 1 100 1 10 12 1 10 12 1 11 12 1 10 12 1 1 8 1 8 1 10 12 1 1 10 12 1 1 10 10 12 1 9 100 12 1 1 1 10 100 12 1 1 1 10 12 1 10 12 1 1 10 100 12 1 1 10 12 1 10 12 1 10 12 1 10 12 1 1 10 100 12 1 1 10 12 1 10 12 1 1 9 100 12 1 1 1 10 100 12 1 1 10 12 1 8 1 10 12 1 10 12 1 3 100 1 8 1 10 12 1 10 12 1 10 10 12 1 10 12 1 1 8 1 8 1 8 1 9 12 1 1 9 12 1 10 12 1 100 1 8 1 10 12 1 10 12 1 10 12 1 1 10 12 1 1 10 12 1 10 12 10 12 1 100 1 10 12 1 10 12 1 1 100 1 10 100 12 1 1 1 100 1 10 7 12 1 1 1 10 12 1 1 11 7 12 1 1 10 7 12 1 1 10 100 12 1 1 1 10 12 1 1 9 12 1 10 12 1 1 10 12 1 10 12 1 1 9 100 12 1 1 1 10 100 12 1 1 1 10 12 1 10 12 1 1 9 12 1 10 10 10 10 100 12 1 1 1 10 12 1 9 12 1 10 12 1 1 9 12 1 100 1 100 1 1 1 1 1 1 1 1 1 1 1 1 1 1 1 1 1 1 1 1 1 1 1 1 1 1 1 1 1 1 1 1 1 1 1 1 100 1 1 1 1 1 1 1 1 100 1 1 1 1 1 1 1 1 1 1 1 1 100 1 1 1 1 1 1 1 1 1 1 1 1 1 1 1 1 1 1 1 1 1 1 1 1 1 1 1 1 1 1 1 1 1 1 1 1 1 1 1 1 1 1 1 100 1 1 1 1 1 1 1 1 1 1 1 1 1 1 1 1 1 1 1 1 1 1 100 1 100 1 1 16 15 16 1 16 1 15 10 12 16 15 10 100 12 1 1 1 1 1 1 100 1 1 100 1 100 1 1
ciInstanceKlass java/lang/reflect/Method 1 1 472 9 7 12 1 1 1 10 100 12 1 1 1 10 100 12 1 1 9 12 1 1 10 12 1 1 10 12 1 1 10 100 12 1 1 10 7 12 1 1 1 9 12 1 1 9 12 1 9 12 1 1 9 12 1 9 12 1 9 12 1 1 9 12 1 9 12 1 1 9 12 1 9 12 1 9 12 1 1 100 1 8 1 10 12 1 10 12 1 9 12 1 1 8 1 10 7 12 1 1 10 7 12 1 1 1 10 12 1 1 10 12 1 1 10 12 1 10 12 1 1 10 12 1 1 9 100 12 1 1 1 10 12 1 1 10 12 10 7 12 1 1 10 12 1 1 10 12 1 10 12 1 10 12 1 10 7 12 1 1 1 10 12 1 1 10 7 1 10 100 12 1 1 1 10 7 12 1 1 10 12 1 1 10 12 1 1 10 12 1 10 7 12 1 1 1 10 12 1 10 8 1 10 12 1 10 12 1 7 1 8 1 8 1 8 1 10 12 1 10 12 1 1 10 12 1 1 10 10 12 1 1 10 12 1 11 100 1 10 12 1 9 12 1 1 10 12 1 1 10 12 1 10 12 1 1 10 12 1 1 11 7 12 1 1 1 11 12 1 9 12 1 1 10 12 1 10 12 1 10 12 1 10 12 1 10 12 1 10 12 1 9 12 1 1 10 7 12 1 1 1 10 7 12 1 1 10 12 1 1 10 7 12 1 1 1 10 7 12 1 1 1 10 7 12 1 1 1 11 7 12 1 1 1 10 7 12 1 1 1 7 1 100 1 100 1 10 12 1 10 12 1 1 10 12 1 100 1 8 1 10 12 1 10 10 12 1 1 10 12 1 1 10 12 1 1 10 12 1 1 8 1 10 12 1 1 1 1 1 1 1 1 1 1 1 1 1 1 1 1 1 1 1 1 1 1 1 1 1 1 1 1 1 1 1 1 1 1 1 1 1 1 1 1 1 1 1 1 1 1 1 1 1 1 1 1 1 100 1 100 1 100 1 1 1 1 1 1 1 1 1 1 1 1 1 1 1 1 1 1 1 1 1 1 1 1 1 1 1 1 1 1
ciInstanceKlass java/lang/reflect/Constructor 1 1 439 10 100 12 1 1 1 10 100 12 1 1 9 7 12 1 1 1 10 12 1 1 10 12 1 1 10 100 12 1 1 9 12 1 1 10 7 12 1 1 1 9 12 1 1 9 12 1 1 9 12 1 9 12 1 1 9 12 1 9 12 1 1 9 12 1 1 9 12 1 100 1 8 1 10 12 1 10 12 1 9 12 1 1 10 7 12 1 1 10 7 12 1 1 1 10 12 1 1 10 12 1 1 10 12 1 7 1 100 1 8 1 10 10 12 1 10 12 1 10 12 1 1 10 12 1 1 9 100 12 1 1 1 10 7 12 1 1 10 12 1 1 10 12 1 10 12 1 1 10 100 12 1 1 1 10 100 12 1 1 10 12 1 1 10 12 1 10 100 12 1 1 1 8 1 10 10 12 1 100 1 8 1 10 12 1 10 12 1 1 10 12 1 1 10 12 1 10 12 1 10 12 1 1 10 12 1 1 9 12 1 1 10 12 1 1 10 12 1 1 10 12 1 1 11 7 12 1 1 1 10 12 1 1 10 12 1 10 12 1 10 12 1 8 1 9 12 1 1 10 7 12 1 1 1 10 7 12 1 1 10 12 1 1 10 12 1 1 10 12 1 1 10 12 1 1 10 12 1 9 100 12 1 1 10 12 1 10 12 1 10 12 1 100 1 8 1 10 10 12 1 1 10 12 1 10 10 12 1 1 10 12 1 1 10 100 12 1 1 1 11 100 12 1 1 1 10 12 1 1 9 100 12 1 1 1 10 100 12 1 1 1 10 12 1 1 1 1 1 1 1 1 1 1 1 1 1 1 1 1 1 1 1 1 1 1 1 1 1 1 1 1 1 1 1 1 1 1 1 1 1 1 1 1 1 1 1 1 1 1 1 1 1 1 1 1 100 1 100 1 100 1 100 1 1 1 1 1 1 1 1 1 1 1 1 1 1 1 1 1 1 1 1 1 1 1 1 1 1 1 1 1 1 1 1 1 100 1 1
ciInstanceKlass jdk/internal/vm/ContinuationScope 0 0 50 10 100 12 1 1 1 10 100 12 1 1 1 100 1 9 100 12 1 1 1 10 12 1 1 10 100 12 1 1 1 10 12 1 1 10 12 1 1 1 1 1 1 1 1 1 1 1 1 1
ciInstanceKlass jdk/internal/vm/Continuation 0 0 549 9 100 12 1 1 1 9 12 1 9 12 1 100 1 100 1 10 12 1 1 8 1 10 12 1 1 10 12 1 10 12 1 1 10 12 1 9 100 12 1 1 1 11 100 12 1 1 1 10 100 1 9 12 1 1 9 12 1 1 10 8 1 10 12 1 9 12 1 1 10 11 12 1 1 100 1 10 100 12 1 1 1 10 12 1 1 10 12 1 10 12 1 1 11 12 1 1 9 12 1 1 10 12 1 1 18 12 1 1 10 100 12 1 1 1 100 1 10 12 1 11 100 12 1 1 1 10 12 1 9 12 1 10 12 1 1 100 1 8 1 10 12 1 10 12 1 1 9 12 1 1 11 12 1 1 9 12 1 1 8 1 10 11 12 1 1 11 12 1 1 10 12 1 1 10 12 1 1 9 12 1 10 12 1 10 10 12 1 8 1 10 12 1 8 1 8 1 10 100 12 1 1 1 10 100 12 1 1 1 10 12 1 9 12 1 11 12 1 100 1 10 12 1 10 12 1 1 9 12 1 1 100 1 10 12 1 1 9 12 1 1 10 12 1 10 12 1 11 100 12 1 1 10 100 1 10 12 1 8 1 9 12 1 10 12 1 1 9 12 1 1 10 100 12 1 1 8 1 8 1 8 1 8 1 10 12 1 1 10 12 1 10 12 1 10 12 1 10 12 1 1 10 12 1 1 8 1 10 12 1 1 9 12 1 1 10 12 1 1 9 12 1 8 1 10 100 12 1 1 1 10 12 1 8 1 100 1 8 1 10 9 12 1 1 8 1 10 100 12 1 1 10 100 12 1 1 8 1 8 1 10 12 10 100 12 1 1 1 10 100 1 10 100 12 1 1 1 18 11 100 12 1 1 1 18 12 1 11 12 1 1 100 1 10 100 12 1 1 10 12 1 1 8 10 12 1 1 10 100 12 1 1 1 10 100 12 1 1 10 12 1 8 1 10 12 1 100 1 100 1 10 12 1 1 1 1 1 1 1 1 1 1 1 1 1 1 1 1 1 1 1 1 1 1 1 1 1 1 1 1 1 1 1 1 1 1 1 1 1 1 1 1 1 1 1 1 1 1 1 1 1 1 1 1 1 1 1 1 1 1 1 1 1 1 1 1 1 1 1 1 1 1 1 1 1 1 1 100 1 1 16 1 15 10 12 16 15 11 100 12 1 1 1 16 1 16 1 15 10 12 16 15 10 100 12 1 1 1 1 1 1 1 1 100 1 100 1 1
ciInstanceKlass jdk/internal/vm/StackChunk 0 0 32 10 100 12 1 1 1 9 100 12 1 1 1 9 12 1 1 9 12 1 1 1 1 1 1 1 1 1 1 1 1 1
instanceKlass jdk/internal/reflect/FieldAccessorImpl
instanceKlass jdk/internal/reflect/ConstructorAccessorImpl
instanceKlass jdk/internal/reflect/MethodAccessorImpl
ciInstanceKlass jdk/internal/reflect/MagicAccessorImpl 1 1 16 10 7 12 1 1 1 100 1 1 1 1 1 1 1 1
ciInstanceKlass jdk/internal/reflect/MethodAccessor 1 0 17 100 1 100 1 1 1 1 100 1 100 1 1 1 1 1 1
instanceKlass jdk/internal/reflect/DirectMethodHandleAccessor
ciInstanceKlass jdk/internal/reflect/MethodAccessorImpl 1 1 38 10 7 12 1 1 1 10 100 12 1 1 1 100 1 1 1 1 1 1 1 100 1 100 1 1 1 1 1 1 1 1 1 1 1 1 1 1
ciInstanceKlass jdk/internal/reflect/ConstructorAccessor 1 0 16 100 1 100 1 1 1 1 100 1 100 1 100 1 1 1
instanceKlass jdk/internal/reflect/DirectConstructorHandleAccessor$NativeAccessor
instanceKlass jdk/internal/reflect/DirectConstructorHandleAccessor
instanceKlass jdk/internal/reflect/NativeConstructorAccessorImpl
ciInstanceKlass jdk/internal/reflect/ConstructorAccessorImpl 1 1 27 10 7 12 1 1 1 100 1 100 1 1 1 1 1 1 1 1 1 100 1 100 1 100 1 1 1
ciInstanceKlass jdk/internal/reflect/DelegatingClassLoader 0 0 18 10 100 12 1 1 1 100 1 1 1 1 1 1 1 1 1 1
ciInstanceKlass jdk/internal/reflect/ConstantPool 1 1 142 10 100 12 1 1 1 9 7 12 1 1 1 10 12 1 1 10 12 1 1 10 12 1 10 12 1 1 10 12 1 1 10 12 1 10 12 1 1 10 12 1 10 12 1 1 10 12 1 10 12 1 10 12 1 10 12 1 1 10 12 1 1 10 12 1 1 10 12 1 1 10 12 1 10 12 1 1 10 100 12 1 1 1 8 11 7 12 1 1 1 10 7 12 1 1 1 1 1 1 1 1 1 1 1 1 1 1 1 1 1 1 1 1 1 1 1 1 1 1 1 1 1 1 1 1 1 1 1 1 1 1 1 1 1 1 1 1 1 1 1 1
ciInstanceKlass jdk/internal/reflect/FieldAccessor 1 0 48 100 1 100 1 1 1 1 100 1 1 1 1 1 1 1 1 1 1 1 1 1 1 1 1 1 1 1 100 1 1 1 1 1 1 1 1 1 1 1 1 1 1 1 1 1 1 1
instanceKlass jdk/internal/reflect/MethodHandleFieldAccessorImpl
instanceKlass jdk/internal/reflect/UnsafeFieldAccessorImpl
ciInstanceKlass jdk/internal/reflect/FieldAccessorImpl 1 1 269 10 7 12 1 1 1 9 7 12 1 1 1 10 100 12 1 1 1 10 100 12 1 1 10 100 12 1 1 1 10 12 1 1 100 1 10 10 12 1 1 10 12 1 1 8 1 10 10 12 1 100 1 8 1 10 12 1 8 1 10 12 1 8 1 10 12 1 100 1 10 12 1 1 10 8 1 10 12 1 1 8 1 10 100 12 1 1 8 1 10 100 12 1 1 8 1 10 100 12 1 1 8 1 10 100 12 1 1 8 1 10 100 12 1 1 8 1 10 100 12 1 1 8 1 10 100 12 1 1 8 1 10 100 12 1 1 10 12 1 1 8 1 10 12 1 1 10 100 12 1 1 1 8 1 10 12 1 8 1 8 1 8 1 8 1 10 100 12 1 1 1 8 1 8 1 8 1 10 12 100 1 1 1 1 1 1 1 1 1 1 1 1 1 1 1 1 1 1 1 1 1 1 1 1 1 1 1 1 1 1 1 1 1 1 1 1 1 1 1 1 1 1 1 1 1 1 1 1 1 1 1 1 1 1 1 1 1 1 1 1 1 1 1 1 1 1 1 1 1 1 1 1 1 1 1 1 1 1 1 1 1 1 1 1 1 1 1 1
instanceKlass jdk/internal/reflect/UnsafeStaticFieldAccessorImpl
ciInstanceKlass jdk/internal/reflect/UnsafeFieldAccessorImpl 0 0 62 10 100 12 1 1 1 10 100 12 1 1 1 10 100 12 1 1 1 9 100 12 1 1 10 12 1 9 12 1 1 10 100 12 1 1 1 9 12 1 1 10 12 1 10 12 1 1 1 1 1 1 1 1 1 1 1 1 1 1 1 1
ciInstanceKlass jdk/internal/reflect/UnsafeStaticFieldAccessorImpl 0 0 47 10 100 12 1 1 1 9 100 12 1 1 1 10 100 12 1 1 1 9 12 1 1 8 11 100 12 1 1 1 10 100 12 1 1 1 1 1 1 1 1 1 1 1 1 1 1
ciInstanceKlass java/lang/annotation/Annotation 1 1 17 100 1 100 1 1 1 1 1 1 1 1 1 1 1 1 1
ciInstanceKlass jdk/internal/reflect/CallerSensitive 0 0 17 100 1 100 1 100 1 1 1 1 1 1 1 1 1 1 1
ciInstanceKlass jdk/internal/reflect/NativeConstructorAccessorImpl 0 0 125 10 100 12 1 1 1 9 100 12 1 1 1 100 1 10 12 1 9 12 1 1 9 12 1 1 10 100 12 1 1 1 10 100 12 1 1 1 10 100 12 1 1 1 9 12 1 9 12 1 1 9 12 1 1 10 100 12 1 1 1 100 1 10 10 12 1 1 10 12 1 10 12 1 1 10 12 1 100 1 10 12 1 1 10 12 1 1 8 10 12 1 1 1 1 1 1 1 1 1 1 1 1 1 1 1 1 1 1 1 1 1 1 100 1 100 1 100 1 1 1 1 1 1 1
instanceKlass java/lang/invoke/DelegatingMethodHandle
instanceKlass java/lang/invoke/BoundMethodHandle
instanceKlass java/lang/invoke/DirectMethodHandle
ciInstanceKlass java/lang/invoke/MethodHandle 1 1 736 100 1 9 7 12 1 1 1 10 7 12 1 1 1 10 7 12 1 1 1 7 1 7 1 10 12 1 1 9 12 1 1 10 12 1 10 12 1 1 10 12 1 1 10 100 12 1 1 1 10 12 1 1 10 12 1 1 11 100 12 1 1 1 10 12 1 1 10 12 1 10 12 1 10 12 1 1 9 12 1 1 9 12 1 1 10 100 12 1 1 1 10 12 1 1 10 12 1 10 12 1 100 1 100 1 10 8 1 10 12 1 1 10 12 1 8 1 10 12 1 1 10 12 1 10 7 12 1 1 1 10 12 1 1 10 12 1 1 10 12 1 1 10 7 12 1 1 1 10 12 1 1 10 12 1 1 10 12 1 10 12 1 1 10 100 12 1 1 10 7 12 1 1 10 12 1 10 12 1 10 12 1 1 10 12 1 1 10 12 1 1 10 12 1 1 10 7 12 1 1 1 10 7 12 1 1 1 10 12 1 1 10 12 1 1 10 12 1 1 8 1 10 7 12 1 1 1 8 1 10 12 1 10 12 1 1 10 12 1 1 10 12 1 8 1 10 12 1 1 8 1 10 12 1 8 1 10 100 12 1 1 1 9 12 1 1 100 1 10 9 100 12 1 1 1 9 100 1 8 1 10 12 1 1 10 12 1 10 12 1 1 10 12 1 10 12 1 1 10 12 1 10 12 1 1 10 12 1 10 12 1 1 10 12 1 1 8 1 10 12 1 1 8 1 10 12 1 10 12 1 1 10 12 1 10 12 1 10 12 1 1 9 100 12 1 1 1 10 12 1 1 11 12 1 10 12 1 10 12 1 1 10 100 12 1 1 100 1 11 12 1 10 100 1 11 12 1 100 1 10 12 1 11 12 1 9 100 12 1 1 1 11 12 1 1 11 100 12 1 1 1 10 12 1 1 9 12 1 11 12 1 9 12 1 9 12 1 9 12 1 11 12 1 1 9 12 1 9 12 1 9 12 1 9 12 1 9 12 1 9 12 1 9 12 1 8 1 10 12 1 10 12 1 8 1 10 12 1 10 12 1 10 12 1 1 10 10 10 7 12 1 1 10 12 1 1 100 1 100 1 8 1 8 1 10 10 12 1 1 10 12 1 10 12 1 100 1 10 100 12 1 1 1 10 9 7 12 1 1 1 10 12 1 1 10 12 1 1 8 1 8 1 10 100 12 1 1 9 12 1 9 12 1 1 9 12 1 1 10 12 1 7 1 10 12 1 10 12 1 1 9 12 1 1 9 12 1 1 10 7 12 1 1 1 11 7 12 1 1 9 12 1 10 12 1 1 10 12 1 9 12 1 10 12 1 8 10 12 1 1 8 1 1 1 1 1 1 1 1 100 1 1 1 1 1 1 1 1 1 1 1 1 1 1 1 1 1 1 1 1 1 1 1 1 1 1 1 1 1 1 100 1 1 1 1 1 1 1 1 1 1 1 1 1 1 1 1 1 1 1 1 1 1 1 1 1 1 1 1 1 1 1 1 1 1 1 1 1 1 1 1 1 1 1 1 1 1 1 1 1 1 1 1 1 1 1 1 1 1 1 1 1 1 1 1 1 1 1 1 1 1 1 1 1 1 1 1 1 1 1 1 1 1 1 1 1 1 100 1 1 100 1 100 1 100 1 1 100 1 1 100 1 1 1 1
staticfield java/lang/invoke/MethodHandle FORM_OFFSET J 20
staticfield java/lang/invoke/MethodHandle UPDATE_OFFSET J 13
staticfield java/lang/invoke/MethodHandle $assertionsDisabled Z 1
instanceKlass java/lang/invoke/DirectMethodHandle$Interface
instanceKlass java/lang/invoke/DirectMethodHandle$Special
instanceKlass java/lang/invoke/DirectMethodHandle$Constructor
instanceKlass java/lang/invoke/DirectMethodHandle$Accessor
instanceKlass java/lang/invoke/DirectMethodHandle$StaticAccessor
ciInstanceKlass java/lang/invoke/DirectMethodHandle 1 1 923 7 1 7 1 100 1 7 1 7 1 10 7 12 1 1 1 10 7 12 1 1 1 100 1 10 12 1 10 12 1 1 10 7 12 1 1 10 12 1 1 10 12 1 10 12 1 7 1 10 12 1 1 10 12 1 1 10 12 1 10 12 1 1 10 7 12 1 1 1 10 12 1 9 12 1 1 100 1 10 9 12 1 1 9 12 1 10 12 1 10 12 1 10 12 1 1 10 12 1 10 12 1 10 12 1 10 7 12 1 1 1 10 12 1 10 12 1 1 8 1 10 12 1 1 7 1 10 12 1 7 1 10 10 12 1 10 12 1 10 12 1 10 7 12 1 1 1 10 12 1 1 7 1 10 12 1 10 12 1 7 1 10 12 1 10 12 1 1 10 12 1 1 10 12 1 8 10 100 12 1 1 1 10 12 1 10 12 1 10 12 1 1 10 12 1 9 7 12 1 1 1 7 1 10 12 1 10 7 12 1 1 1 10 12 1 10 12 1 1 9 12 1 1 100 1 10 8 1 10 12 1 1 10 12 1 1 8 1 10 12 1 10 12 1 10 10 12 1 10 12 1 10 12 1 10 12 1 10 12 1 1 10 12 1 10 12 1 1 10 12 1 10 12 1 1 10 10 7 12 1 1 1 10 12 1 10 12 1 1 10 12 1 10 12 1 1 8 1 9 7 12 1 1 1 8 1 9 12 1 9 12 1 8 1 9 12 1 9 12 1 8 1 9 12 1 9 12 1 8 1 10 12 1 10 12 1 1 9 12 1 1 7 1 10 12 1 1 100 1 10 7 12 1 1 1 10 12 1 1 10 12 1 10 12 1 1 7 1 10 12 1 1 10 12 1 10 12 1 1 7 1 10 12 1 1 10 12 1 10 7 12 1 1 1 10 12 1 10 12 1 1 10 12 1 9 12 1 1 10 7 1 9 12 9 12 1 10 7 12 1 1 1 10 12 1 7 1 7 1 7 1 9 12 1 1 10 7 12 1 1 1 10 12 10 12 1 100 1 10 12 1 10 12 1 1 8 1 9 12 1 9 12 1 10 12 1 1 9 12 1 1 10 100 12 1 1 1 9 12 1 1 9 12 1 1 10 12 1 10 12 1 10 12 1 10 12 1 1 10 12 1 9 12 1 10 12 1 10 12 1 10 12 1 10 12 1 1 10 12 1 1 9 12 1 1 10 12 1 1 9 7 12 1 1 1 9 12 1 9 12 1 9 12 1 9 12 1 9 12 1 9 12 1 9 12 1 9 12 1 9 12 1 9 12 1 9 12 1 9 12 1 9 12 1 9 12 1 9 12 1 9 12 1 9 12 1 9 12 1 9 12 1 9 12 1 9 12 1 9 12 1 9 12 1 9 12 1 9 12 1 9 12 1 9 12 1 9 12 1 9 12 1 9 12 1 9 12 1 9 12 1 9 12 1 9 12 1 9 12 1 9 12 1 8 1 9 12 1 1 9 12 1 1 10 12 1 10 12 1 1 9 7 1 10 12 1 9 12 1 1 10 12 10 12 1 10 12 1 10 12 1 10 12 1 10 8 1 8 1 8 1 8 1 10 12 1 1 9 12 1 1 10 12 1 10 100 12 1 1 1 8 9 12 1 1 10 12 1 1 8 1 8 8 9 12 1 8 1 8 8 8 8 8 1 8 10 12 1 7 1 10 12 1 8 1 8 1 10 12 1 10 12 1 10 12 1 10 12 1 1 7 1 1 1 1 3 1 3 1 3 1 3 1 3 1 3 1 3 1 3 1 3 1 3 1 1 1 1 1 1 1 1 1 1 3 1 3 1 1 1 1 3 1 1 1 1 1 1 1 1 1 1 1 1 1 1 1 1 1 1 1 1 1 1 1 1 1 1 1 1 1 1 1 1 1 1 1 1 1 1 1 1 1 1 1 1 1 1 1 1 1 1 1 1 1 1 1 1 1 100 1 1 1 1 1 1 1 1 1 100 1 1 1 1 1 1 1 1 1 1 1 1 1 1 1 1 1 1 1 1 1 1 1 1 1 1 1 1 1 1 1 1 1 1 1 1 1 1 1 1 1 1 1 1 1 1 1 1 1 1 1 1
staticfield java/lang/invoke/DirectMethodHandle IMPL_NAMES Ljava/lang/invoke/MemberName$Factory; java/lang/invoke/MemberName$Factory
staticfield java/lang/invoke/DirectMethodHandle FT_UNCHECKED_REF I 8
staticfield java/lang/invoke/DirectMethodHandle ACCESSOR_FORMS [Ljava/lang/invoke/LambdaForm; 132 [Ljava/lang/invoke/LambdaForm;
staticfield java/lang/invoke/DirectMethodHandle ALL_WRAPPERS [Lsun/invoke/util/Wrapper; 10 [Lsun/invoke/util/Wrapper;
staticfield java/lang/invoke/DirectMethodHandle NFS [Ljava/lang/invoke/LambdaForm$NamedFunction; 12 [Ljava/lang/invoke/LambdaForm$NamedFunction;
staticfield java/lang/invoke/DirectMethodHandle OBJ_OBJ_TYPE Ljava/lang/invoke/MethodType; java/lang/invoke/MethodType
staticfield java/lang/invoke/DirectMethodHandle LONG_OBJ_TYPE Ljava/lang/invoke/MethodType; java/lang/invoke/MethodType
staticfield java/lang/invoke/DirectMethodHandle $assertionsDisabled Z 1
ciInstanceKlass java/lang/invoke/DirectMethodHandle$StaticAccessor 1 1 96 10 7 12 1 1 1 10 7 12 1 1 1 9 7 12 1 1 1 9 12 1 1 9 12 1 1 10 7 12 1 1 1 9 12 1 1 9 12 1 1 10 12 1 9 12 1 10 12 1 1 100 1 10 12 1 9 12 1 1 10 12 1 1 10 12 1 1 1 1 1 1 1 1 1 1 1 1 1 1 1 1 1 1 1 1 1 1 1 1 1 1 1 1 1 1
staticfield java/lang/invoke/DirectMethodHandle$StaticAccessor $assertionsDisabled Z 1
ciInstanceKlass java/lang/invoke/DirectMethodHandle$Accessor 1 1 93 10 7 12 1 1 1 10 7 12 1 1 1 9 7 12 1 1 1 9 12 1 1 10 7 12 1 1 1 9 12 1 1 9 12 1 1 10 12 1 9 12 1 10 12 1 1 100 1 10 12 1 9 12 1 1 10 12 1 1 10 12 1 1 1 1 1 1 1 1 1 1 1 1 1 1 1 1 1 1 1 1 1 1 1 1 1 1 1 1 1 1 1
staticfield java/lang/invoke/DirectMethodHandle$Accessor $assertionsDisabled Z 1
instanceKlass java/lang/invoke/VarHandleByteArrayAsDoubles$ByteArrayViewVarHandle
instanceKlass java/lang/invoke/VarHandleByteArrayAsLongs$ByteArrayViewVarHandle
instanceKlass java/lang/invoke/VarHandleByteArrayAsFloats$ByteArrayViewVarHandle
instanceKlass java/lang/invoke/VarHandleByteArrayAsInts$ByteArrayViewVarHandle
instanceKlass java/lang/invoke/VarHandleByteArrayAsChars$ByteArrayViewVarHandle
instanceKlass java/lang/invoke/VarHandleByteArrayAsShorts$ByteArrayViewVarHandle
instanceKlass java/lang/invoke/VarHandleReferences$Array
instanceKlass java/lang/invoke/VarHandleInts$FieldInstanceReadOnly
instanceKlass java/lang/invoke/VarHandleReferences$FieldInstanceReadOnly
ciInstanceKlass java/lang/invoke/VarHandle 1 1 473 10 7 12 1 1 1 10 7 12 1 1 9 12 1 1 9 12 1 1 100 1 10 8 1 10 12 1 1 10 7 12 1 1 1 10 12 1 1 10 100 12 1 1 1 9 100 12 1 1 1 10 12 1 1 10 100 12 1 1 1 10 12 1 1 9 12 1 10 12 1 9 12 1 1 10 100 12 1 1 10 12 1 9 100 12 1 1 1 9 12 1 1 10 12 1 1 100 1 100 1 10 8 1 10 12 1 1 10 12 1 8 1 10 12 1 10 12 1 9 12 1 1 9 12 1 10 12 1 10 12 1 1 10 12 1 10 10 100 12 1 1 1 10 12 1 1 10 12 1 1 10 100 12 1 1 1 10 100 12 1 1 1 10 100 12 1 1 1 9 12 1 1 9 10 12 1 10 12 1 10 12 1 1 10 12 1 10 100 12 1 1 1 9 12 1 1 10 12 1 1 9 12 1 10 12 1 10 12 1 10 100 12 1 1 100 1 10 9 7 12 1 1 1 9 12 1 1 10 7 12 1 1 1 10 12 1 10 12 1 10 12 1 10 12 1 10 12 1 10 12 1 1 8 10 12 1 1 7 1 10 12 1 1 100 1 1 1 1 1 1 1 1 1 1 1 1 1 1 1 1 1 1 1 1 1 1 1 1 1 1 1 1 1 1 1 1 1 1 1 1 1 1 1 1 1 1 1 1 1 1 1 1 1 1 1 1 1 1 1 1 1 1 1 1 1 1 1 1 1 1 1 1 100 1 1 1 1 1 1 1 1 100 1 1 1 1 1 1 1 1 1 1 1 1 100 1 100 1 1 100 1 100 1 100 1 100 1 100 1 100 1 100 1 100 1 100 1 100 1 100 1 100 1 100 1 100 1 100 1 100 1 100 1 100 1 100 1 100 1 100 1 100 1 100 1 100 1 100 1 100 1 100 1 100 1 100 1 100 1 100 1 100 1 100 1 100 1 100 1 1 1 1 1 1 100 1 1 1 100 1 1 100 1 100 1 100 1 100 1 100 1 100 1 1 1 1 100 1 100 1 100 1 100 1 100 1 100 1 100 1 100 1
staticfield java/lang/invoke/VarHandle VFORM_OFFSET J 16
staticfield java/lang/invoke/VarHandle $assertionsDisabled Z 1
ciInstanceKlass java/lang/invoke/MemberName 1 1 724 7 1 7 1 100 1 9 12 1 1 10 7 12 1 1 1 9 12 1 1 10 12 1 1 10 12 1 1 10 12 1 1 10 12 1 10 12 1 1 10 7 12 1 1 1 10 12 1 9 7 12 1 1 10 12 1 100 1 100 1 10 12 1 8 1 10 12 1 1 10 12 1 10 12 1 1 10 12 1 9 12 1 1 8 1 10 100 12 1 1 1 7 1 10 10 12 1 1 7 1 7 1 10 12 1 9 12 1 1 100 1 8 1 10 12 1 10 12 1 10 12 1 10 12 1 10 12 1 1 10 12 1 10 12 1 10 12 1 1 8 1 8 1 10 12 1 8 1 9 12 1 1 3 10 12 1 10 12 1 10 12 1 10 10 7 12 1 1 1 10 12 1 10 12 1 10 12 1 10 12 1 7 1 8 10 12 1 1 10 12 1 1 8 1 9 100 1 8 9 100 1 10 12 1 1 10 12 1 10 12 1 8 1 10 12 1 1 10 12 1 10 12 1 10 12 1 10 12 1 1 100 1 10 12 1 1 10 12 1 8 1 10 12 1 10 12 1 8 1 10 12 1 1 10 12 1 1 100 1 10 12 1 1 10 12 8 1 8 1 100 1 10 12 1 10 100 12 1 1 1 100 1 10 12 10 12 1 10 12 1 10 12 1 10 12 1 10 10 12 1 10 12 1 10 12 1 3 10 12 1 3 10 12 1 3 3 3 3 3 3 10 12 1 3 9 12 1 10 12 1 1 3 10 12 1 10 10 7 12 1 1 1 10 12 1 1 10 7 12 1 1 10 10 12 1 10 12 1 1 10 12 1 10 10 12 1 1 10 12 1 10 12 1 10 12 1 100 1 10 10 10 12 100 1 10 10 10 12 1 1 10 12 1 1 10 10 12 1 8 10 7 1 10 12 1 10 7 1 10 12 1 10 12 1 10 12 1 10 10 12 1 10 12 1 1 10 12 1 1 10 12 1 10 12 1 10 12 1 100 1 10 12 1 1 100 1 8 1 10 7 1 10 12 1 10 12 10 12 1 1 10 12 1 10 12 1 8 1 8 1 8 1 8 1 10 12 1 10 12 1 10 7 12 1 1 1 8 1 8 1 10 12 1 8 1 10 10 10 12 1 10 12 1 8 1 8 1 10 10 12 1 8 1 10 100 12 1 1 1 8 1 100 1 10 12 1 10 12 1 1 10 12 1 8 1 8 1 8 1 8 1 100 1 10 8 1 8 1 8 1 8 1 10 12 1 100 1 100 1 100 1 10 100 1 10 100 1 10 100 12 1 1 1 9 7 12 1 1 1 100 1 100 1 1 1 1 1 1 1 3 1 3 1 3 1 3 1 3 1 3 1 1 1 1 1 1 1 1 3 1 3 1 1 1 1 1 1 1 1 1 1 1 1 1 1 1 1 1 1 1 1 1 1 1 1 1 1 1 1 1 1 1 1 1 1 1 1 1 1 1 1 1 1 1 1 1 1 1 1 1 1 1 1 1 1 1 1 1 1 1 1 1 1 1 1 1 1 1 1 1 1 1 1 1 1 1 1 1 1 1 1 1 1 1 1 1 1 1 1 1 1 1 1 1 1 1 1 100 1 1 1 1 1 1 1 1 1 1 1 1 1 1 1
staticfield java/lang/invoke/MemberName $assertionsDisabled Z 1
ciInstanceKlass java/lang/invoke/ResolvedMethodName 1 1 16 10 100 12 1 1 1 100 1 1 1 1 1 1 1 1
ciInstanceKlass java/lang/invoke/MethodHandleNatives 1 1 690 100 1 10 7 12 1 1 1 9 7 12 1 1 1 10 12 1 1 100 1 10 10 12 1 1 10 12 1 10 12 1 8 1 8 1 8 1 8 1 8 1 8 1 8 1 8 1 8 1 8 1 10 12 1 1 7 1 10 7 12 1 1 1 10 100 12 1 1 1 7 1 10 10 12 1 1 8 1 10 12 1 8 1 10 12 1 1 8 1 10 12 1 1 9 100 12 1 1 1 8 1 10 100 12 1 1 1 100 1 10 12 100 1 100 1 8 1 7 1 10 10 12 1 7 1 9 7 12 1 1 10 12 1 1 10 12 1 10 7 12 1 1 1 10 12 1 1 9 12 1 8 1 10 12 1 1 10 12 1 8 1 10 12 1 1 7 1 10 12 1 10 7 12 1 1 1 10 12 1 10 12 1 1 10 12 1 1 8 1 10 12 1 1 8 1 10 12 1 8 1 8 1 8 1 100 1 10 12 1 8 1 10 100 12 1 1 1 10 12 1 1 10 100 12 1 1 10 10 12 1 1 10 12 1 10 100 12 1 1 1 100 1 8 1 10 100 12 1 1 1 7 1 8 1 10 12 1 8 1 8 1 8 1 8 1 8 1 10 12 1 1 10 12 1 1 10 12 1 10 12 1 1 10 12 1 1 7 1 10 12 1 100 1 100 1 10 12 1 10 12 1 8 1 8 1 10 10 12 1 1 10 12 1 1 8 1 10 100 12 1 1 8 1 8 1 10 12 1 1 10 7 12 1 1 1 100 1 10 12 1 1 7 1 9 12 1 1 10 7 12 1 1 1 10 10 12 1 9 12 1 10 12 1 9 12 1 9 12 1 10 12 1 1 10 12 1 10 12 1 1 7 1 7 1 10 12 1 1 10 12 1 10 12 1 1 10 7 12 1 1 1 10 12 1 8 1 10 12 1 10 12 1 10 12 1 1 10 12 1 10 7 12 1 1 1 10 12 1 1 100 1 8 1 10 9 7 12 1 1 1 10 12 1 1 10 12 1 1 100 1 10 12 1 1 10 12 1 1 100 1 100 1 10 10 100 1 100 1 10 100 1 10 10 12 1 1 10 100 1 10 12 1 10 12 1 1 10 12 1 1 10 12 1 1 10 12 1 10 12 1 1 10 8 1 10 12 1 10 12 1 10 12 1 10 12 1 10 12 1 1 10 12 1 10 12 1 10 12 1 10 10 7 12 1 1 10 12 1 1 1 1 1 1 1 1 1 1 1 1 1 100 1 1 1 1 1 1 1 1 1 1 1 1 1 1 1 1 1 1 1 1 1 1 1 1 1 1 1 1 1 1 1 1 1 1 1 1 1 1 1 1 1 1 1 1 1 1 1 1 1 1 1 1 1 1 1 1 1 1 1 1 1 1 1 1 1 100 1 1 1 1 1 1 1 1 1 1 1 1 1 1 1 1 1 1 1 1 1 1 1 1 1 1 1 1 1 1 1 1 1 100 1 1 1 1 1 1 1 1 1 1 1 1 1 1 1 1 1 1 1 1 1 1 1 1 1 1 100 1 1 1 1 1 1 1 100 1 1 1
staticfield java/lang/invoke/MethodHandleNatives $assertionsDisabled Z 1
ciInstanceKlass java/lang/invoke/LambdaForm 1 1 1059 7 1 100 1 10 7 12 1 1 1 9 12 1 1 9 12 1 9 12 1 9 12 1 1 9 12 1 1 9 12 1 1 9 12 1 1 9 12 1 1 9 12 1 10 7 12 1 1 9 12 1 10 12 1 1 100 1 10 10 12 1 1 10 12 1 10 12 1 10 12 1 1 10 12 1 9 12 1 9 12 1 10 12 1 1 10 7 12 1 1 1 10 12 1 1 9 100 12 1 1 1 10 12 1 1 9 7 12 1 1 10 12 1 10 12 1 1 10 12 1 1 10 12 1 1 7 1 10 7 12 1 1 1 10 12 1 1 10 12 1 10 12 1 1 9 12 1 1 9 12 1 9 12 1 1 10 12 1 9 12 1 10 100 12 1 1 1 10 12 1 1 100 1 10 12 1 9 12 1 1 10 100 12 1 1 1 10 12 1 10 12 1 7 1 10 12 1 10 12 1 10 12 1 1 10 12 1 1 10 12 1 10 12 1 10 12 1 10 12 1 1 8 1 10 12 1 10 12 1 10 10 12 1 8 1 8 1 9 12 1 9 12 1 1 10 12 1 1 10 12 1 9 12 1 10 12 1 1 10 7 12 1 1 1 10 12 1 1 10 12 1 10 12 1 10 100 12 1 1 1 9 12 1 10 12 1 8 1 8 1 8 1 8 1 8 1 8 1 8 1 8 1 10 12 1 9 12 1 7 1 10 12 1 1 9 12 1 10 12 1 10 12 1 1 10 12 10 12 1 10 12 1 1 10 12 1 1 10 10 12 1 1 10 12 1 1 7 1 8 1 10 12 1 1 10 12 1 10 12 1 1 10 8 1 10 12 1 1 8 1 8 1 8 1 10 12 1 10 12 1 10 12 1 1 100 1 10 12 1 1 10 12 1 1 10 7 12 1 1 1 10 12 1 1 9 12 1 1 8 1 10 100 12 1 1 1 10 7 12 1 1 10 12 10 12 1 1 10 12 1 1 9 12 1 8 10 12 1 1 100 1 10 12 1 1 10 12 1 9 7 12 1 1 9 100 12 1 1 1 8 1 10 100 12 1 1 10 12 1 1 100 1 100 1 10 10 12 1 1 10 12 1 1 8 1 8 1 100 1 8 1 10 12 10 12 1 10 12 1 10 12 1 1 8 1 8 1 10 12 1 10 12 1 1 8 1 8 1 8 1 100 1 8 1 100 1 8 1 100 1 8 1 10 12 1 8 1 9 10 7 12 1 1 1 10 12 1 9 12 1 1 10 12 1 10 10 12 1 10 12 1 10 12 1 10 12 1 1 10 12 1 10 12 1 1 10 12 1 1 10 12 1 1 10 12 1 1 8 1 100 10 12 1 10 12 1 9 12 1 1 10 7 12 1 1 8 1 8 1 100 1 8 1 8 1 8 1 8 1 8 1 8 1 8 1 8 1 10 12 1 1 10 12 1 1 10 12 1 10 12 1 10 12 1 10 12 1 8 1 8 1 8 1 10 12 1 8 1 10 12 1 8 1 8 1 8 1 8 1 8 1 10 12 1 10 12 1 10 12 1 1 10 7 12 1 1 1 10 12 1 10 12 1 10 12 1 10 12 1 10 12 1 10 12 1 10 12 1 9 12 1 1 8 1 10 12 1 1 9 12 1 1 10 12 1 1 9 12 1 9 12 1 1 9 12 1 9 12 1 1 7 1 10 7 12 1 1 1 9 12 1 10 12 1 10 12 1 8 1 10 12 1 9 12 1 1 7 1 10 7 12 1 1 1 8 1 100 1 10 12 1 9 12 1 9 12 1 10 12 1 10 12 1 10 7 12 1 1 1 10 12 1 9 7 12 1 1 10 12 1 1 10 12 1 10 12 1 10 12 1 9 12 10 12 1 10 10 12 1 9 12 1 9 9 12 1 7 9 12 1 1 10 12 1 1 9 12 1 10 12 1 10 7 1 9 1 1 1 1 3 1 3 1 1 3 1 3 1 1 1 1 1 1 1 1 1 1 1 1 1 1 1 1 1 1 1 1 1 1 1 1 1 1 1 1 1 1 1 1 1 1 1 1 1 1 1 1 1 1 1 1 1 1 1 1 1 1 1 100 1 1 1 1 1 1 1 1 1 1 1 1 1 1 1 1 1 1 1 1 1 1 1 1 1 1 1 1 1 1 1 1 1 1 1 1 1 1 1 1 1 1 1 1 1 1 1 1 1 1 1 1 1 1 1 1 1 1 1 1 1 1 100 1 1 1 1 1 1 1 1 1 1 1 1 1 1 1 1 1 1 1 1 1 1 1 1 1 1 1 1 1 1 1 1 1 1 100 1 1 1 1 1 1 1 1 1 1 1 1 1 1 1 1 1 1 1 1 1 1 100 1 1 1 100 1 1 100 1 1 1 1 1 1 1 1 1 1 1
staticfield java/lang/invoke/LambdaForm DEFAULT_CUSTOMIZED Ljava/lang/invoke/MethodHandle; null
staticfield java/lang/invoke/LambdaForm DEFAULT_KIND Ljava/lang/invoke/LambdaForm$Kind; java/lang/invoke/LambdaForm$Kind
staticfield java/lang/invoke/LambdaForm COMPILE_THRESHOLD I 0
staticfield java/lang/invoke/LambdaForm INTERNED_ARGUMENTS [[Ljava/lang/invoke/LambdaForm$Name; 5 [[Ljava/lang/invoke/LambdaForm$Name;
staticfield java/lang/invoke/LambdaForm IMPL_NAMES Ljava/lang/invoke/MemberName$Factory; java/lang/invoke/MemberName$Factory
staticfield java/lang/invoke/LambdaForm LF_identity [Ljava/lang/invoke/LambdaForm; 6 [Ljava/lang/invoke/LambdaForm;
staticfield java/lang/invoke/LambdaForm LF_zero [Ljava/lang/invoke/LambdaForm; 6 [Ljava/lang/invoke/LambdaForm;
staticfield java/lang/invoke/LambdaForm NF_identity [Ljava/lang/invoke/LambdaForm$NamedFunction; 6 [Ljava/lang/invoke/LambdaForm$NamedFunction;
staticfield java/lang/invoke/LambdaForm NF_zero [Ljava/lang/invoke/LambdaForm$NamedFunction; 6 [Ljava/lang/invoke/LambdaForm$NamedFunction;
staticfield java/lang/invoke/LambdaForm createFormsLock Ljava/lang/Object; java/lang/Object
staticfield java/lang/invoke/LambdaForm DEBUG_NAME_COUNTERS Ljava/util/HashMap; null
staticfield java/lang/invoke/LambdaForm DEBUG_NAMES Ljava/util/HashMap; null
staticfield java/lang/invoke/LambdaForm TRACE_INTERPRETER Z 0
staticfield java/lang/invoke/LambdaForm $assertionsDisabled Z 1
ciInstanceKlass java/lang/invoke/TypeDescriptor$OfMethod 1 0 43 100 1 100 1 100 1 1 1 1 1 1 1 1 1 1 1 1 1 1 1 1 1 1 1 1 1 1 1 1 1 1 1 1 1 1 1 1 1 1 100 1 1
ciInstanceKlass java/lang/invoke/MethodType 1 1 780 7 1 10 7 12 1 1 1 9 12 1 1 9 12 1 1 9 12 1 1 10 7 12 1 1 1 9 7 12 1 1 8 1 10 100 12 1 1 1 9 7 1 9 7 1 10 12 1 1 100 1 10 8 1 10 12 1 1 10 12 1 10 12 1 1 100 1 8 1 10 12 1 100 1 10 10 12 1 10 12 1 1 10 12 1 1 11 7 12 1 1 1 9 12 1 11 12 1 1 7 10 12 1 1 10 12 1 1 7 1 7 1 10 7 12 1 1 1 10 12 1 10 12 1 9 12 1 1 10 7 12 1 1 10 12 1 1 10 7 12 1 1 1 10 7 12 1 1 1 10 12 1 9 12 1 1 10 12 1 1 10 12 1 1 10 12 1 1 10 12 1 1 10 12 1 1 10 12 1 10 12 1 10 12 1 1 10 12 1 8 1 8 1 10 12 1 1 9 12 1 1 100 1 10 10 12 1 1 10 12 1 10 12 1 1 10 12 1 1 10 12 1 10 12 1 10 12 1 8 1 10 12 1 1 10 100 12 1 1 1 10 12 1 10 12 1 1 10 12 1 10 12 1 10 12 1 1 10 12 1 10 12 1 9 12 1 10 12 1 10 10 12 1 1 10 12 1 9 12 1 1 10 12 1 1 11 12 1 1 10 12 1 1 10 12 1 10 12 1 100 1 8 1 8 1 8 1 10 12 1 10 12 1 10 12 1 1 10 10 12 1 11 12 1 1 11 12 1 10 100 12 1 1 1 9 12 1 10 12 1 10 12 1 1 10 12 1 1 10 12 1 10 12 1 10 100 12 1 1 1 10 12 1 1 10 12 1 10 12 1 10 12 1 10 9 12 1 1 7 1 10 12 1 10 12 1 1 9 100 12 1 1 1 10 100 12 1 1 1 10 100 12 1 1 1 10 12 1 1 10 100 12 1 1 1 10 12 1 1 8 1 10 7 12 1 1 1 11 12 1 1 9 12 1 1 10 12 1 1 10 12 1 10 12 1 1 10 12 1 1 10 100 12 1 1 100 1 10 12 1 1 11 100 12 1 1 18 12 1 1 11 12 1 1 18 12 1 11 12 1 100 1 11 100 12 1 1 10 12 1 100 1 10 12 1 10 100 12 1 1 10 12 1 1 9 12 1 1 9 100 12 1 1 1 10 100 12 1 1 1 9 12 1 10 100 12 1 1 10 12 1 100 10 12 1 1 10 12 1 7 1 10 10 12 1 1 7 1 7 1 9 12 1 1 100 1 100 1 100 1 1 1 5 0 1 1 1 1 1 1 1 3 1 3 1 3 1 1 1 1 1 1 1 1 1 1 1 1 1 1 1 1 1 1 1 1 1 1 1 1 1 1 1 1 1 1 1 1 1 1 1 1 1 1 1 1 1 1 1 1 1 1 1 1 1 1 1 1 1 1 1 1 1 1 1 1 1 1 1 1 1 1 1 1 1 1 1 1 1 1 1 1 1 1 1 1 1 1 1 1 1 1 1 1 1 1 1 1 1 1 1 1 1 1 1 1 1 1 1 1 1 1 1 1 1 1 1 1 1 1 1 1 1 1 1 1 1 1 1 1 1 1 1 1 1 1 100 1 100 1 1 1 1 1 1 1 1 1 1 1 1 1 100 1 1 1 100 1 1 1 1 1 1 1 1 1 1 1 1 1 1 1 1 1 1 1 1 1 1 16 15 10 12 16 16 15 10 12 16 15 10 100 12 1 1 1 1 1 100 1 1 100 1 1 100 1 100 1 1
staticfield java/lang/invoke/MethodType internTable Ljdk/internal/util/ReferencedKeySet; jdk/internal/util/ReferencedKeySet
staticfield java/lang/invoke/MethodType NO_PTYPES [Ljava/lang/Class; 0 [Ljava/lang/Class;
staticfield java/lang/invoke/MethodType objectOnlyTypes [Ljava/lang/invoke/MethodType; 20 [Ljava/lang/invoke/MethodType;
staticfield java/lang/invoke/MethodType METHOD_HANDLE_ARRAY [Ljava/lang/Class; 1 [Ljava/lang/Class;
staticfield java/lang/invoke/MethodType serialPersistentFields [Ljava/io/ObjectStreamField; 0 [Ljava/io/ObjectStreamField;
staticfield java/lang/invoke/MethodType $assertionsDisabled Z 1
ciInstanceKlass java/lang/BootstrapMethodError 0 0 45 10 100 12 1 1 1 10 12 1 10 12 1 10 100 12 1 1 1 10 100 12 1 1 1 1 1 1 5 0 1 1 1 1 1 1 1 1 1 1 1 100 1 1 1
instanceKlass java/lang/invoke/VolatileCallSite
instanceKlass java/lang/invoke/MutableCallSite
instanceKlass java/lang/invoke/ConstantCallSite
ciInstanceKlass java/lang/invoke/CallSite 1 1 307 10 7 12 1 1 1 10 7 12 1 1 1 9 7 12 1 1 1 10 12 1 1 9 12 1 1 10 7 12 1 1 1 10 12 1 100 1 10 12 1 1 10 12 1 1 9 100 12 1 1 1 10 100 12 1 1 10 12 1 1 100 1 100 1 10 10 100 12 1 1 1 10 12 1 1 8 1 10 12 1 10 12 1 1 10 12 1 10 12 1 1 10 12 1 1 10 10 100 12 1 1 10 12 1 1 9 12 1 9 100 12 1 1 1 8 1 10 7 12 1 1 1 10 12 1 1 100 1 10 12 1 1 9 12 1 8 1 100 1 10 12 1 10 12 1 100 1 8 1 10 10 12 1 10 12 1 1 100 1 10 12 1 1 10 12 1 10 12 1 10 12 1 1 10 12 1 1 9 12 1 1 8 10 12 1 1 9 12 1 1 100 1 10 10 12 1 10 100 12 1 1 1 10 12 1 1 10 12 1 1 10 12 1 10 7 12 1 1 1 100 1 8 1 10 10 12 10 12 1 1 100 1 100 1 100 1 8 1 10 12 1 10 7 12 1 1 1 1 1 1 1 1 1 1 1 1 1 1 1 1 1 1 1 1 1 1 1 1 1 1 1 1 1 1 1 1 1 1 1 1 1 1 1 1 1 1 1 1 1 1 1 1 1 1 1 1 1 1 1 100 1 100 1 1 1 1
staticfield java/lang/invoke/CallSite $assertionsDisabled Z 1
ciInstanceKlass jdk/internal/foreign/abi/NativeEntryPoint 0 0 194 10 100 12 1 1 1 9 100 12 1 1 1 9 12 1 1 100 1 8 1 10 12 1 10 12 1 1 100 1 10 100 12 1 1 1 10 12 1 9 12 1 1 18 12 1 1 10 100 12 1 1 1 10 100 12 1 1 1 9 100 12 1 1 1 100 1 10 8 1 10 12 1 1 10 12 1 10 12 1 1 8 1 10 12 1 1 100 1 8 1 10 12 1 10 12 1 1 10 12 1 9 12 1 1 18 12 1 1 10 100 12 1 1 1 10 12 1 1 10 12 1 10 100 12 1 1 1 10 1 1 1 1 1 1 1 1 1 1 1 1 1 1 1 1 1 1 1 1 1 1 1 1 1 1 1 1 1 1 1 1 1 1 1 1 1 16 1 15 10 12 16 1 16 15 10 12 15 10 100 12 1 1 1 1 1 100 1 1 100 1 100 1 1
ciInstanceKlass jdk/internal/foreign/abi/ABIDescriptor 0 0 55 10 100 12 1 1 1 9 100 12 1 1 1 9 12 1 1 9 12 1 9 12 1 9 12 1 1 9 12 1 9 12 1 1 9 12 1 9 12 1 9 12 1 9 12 1 1 1 1 1 1 1 1 1 1
ciInstanceKlass jdk/internal/foreign/abi/VMStorage 0 0 91 10 100 12 1 1 1 9 100 12 1 1 1 9 12 1 1 9 12 1 1 9 12 1 1 100 1 10 8 1 10 12 1 1 10 12 1 10 12 1 1 10 12 1 18 12 1 18 12 1 1 18 12 1 1 1 1 1 1 1 1 1 1 1 1 1 1 1 1 1 1 1 8 1 15 15 15 15 15 10 100 12 1 1 1 1 100 1 100 1 1
ciInstanceKlass jdk/internal/foreign/abi/UpcallLinker$CallRegs 0 0 66 10 100 12 1 1 1 9 100 12 1 1 1 9 12 1 18 12 1 1 18 12 1 1 18 12 1 1 1 1 1 1 1 1 1 1 1 1 1 1 1 1 1 1 100 1 1 1 8 1 15 15 15 10 100 12 1 1 1 1 1 100 1 100 1 1
ciInstanceKlass java/lang/invoke/MethodHandleNatives$CallSiteContext 1 1 49 10 7 12 1 1 1 7 1 10 10 7 12 1 1 1 10 7 12 1 1 1 10 7 12 1 1 1 100 1 1 1 1 1 1 1 1 1 1 1 1 1 1 1 1 1 100 1 1
ciInstanceKlass java/lang/invoke/ConstantCallSite 1 1 65 10 7 12 1 1 1 9 7 12 1 1 1 9 12 1 1 10 7 12 1 1 1 10 12 1 100 1 10 12 9 12 1 1 100 1 10 10 12 1 1 10 12 1 1 1 1 1 1 1 1 1 1 1 1 1 100 1 1 1 1 1 1 1 1
staticfield java/lang/invoke/ConstantCallSite UNSAFE Ljdk/internal/misc/Unsafe; jdk/internal/misc/Unsafe
ciInstanceKlass java/lang/invoke/MutableCallSite 0 0 63 10 100 12 1 1 1 10 12 1 9 100 12 1 1 1 10 12 1 10 12 1 1 9 12 1 1 10 100 12 1 1 1 10 100 12 1 1 1 10 12 1 1 1 1 1 1 1 1 1 1 1 1 1 1 1 1 1 1 100 1 1 1
ciInstanceKlass java/lang/invoke/VolatileCallSite 0 0 37 10 100 12 1 1 1 10 12 1 10 100 12 1 1 1 10 12 1 10 12 1 1 1 1 1 1 1 1 1 1 1 1 1 1 1 1
ciInstanceKlass java/lang/AssertionStatusDirectives 0 0 24 10 100 12 1 1 1 100 1 1 1 1 1 1 1 1 1 1 1 1 1 1 1 1
ciInstanceKlass java/lang/Appendable 1 0 14 100 1 100 1 1 1 1 100 1 1 1 1 1
instanceKlass java/lang/StringBuilder
instanceKlass java/lang/StringBuffer
ciInstanceKlass java/lang/AbstractStringBuilder 1 1 605 7 1 10 7 12 1 1 1 9 7 12 1 1 1 9 12 1 9 12 1 1 9 12 1 1 10 100 12 1 1 1 10 12 1 1 7 1 3 3 10 12 1 10 12 1 1 11 7 1 100 1 100 1 10 8 1 10 12 1 10 12 1 10 12 1 1 10 12 1 10 12 1 9 12 1 10 12 1 9 12 1 1 10 12 1 1 10 7 12 1 1 1 10 10 12 1 10 12 1 10 12 1 1 10 12 1 1 10 7 12 1 1 1 10 7 12 1 1 1 100 1 8 1 10 10 12 1 1 100 1 10 12 10 12 1 1 10 10 12 1 1 10 12 1 1 10 12 1 1 10 12 1 1 10 10 7 12 1 1 1 10 12 1 100 1 10 10 100 12 1 1 1 9 12 1 1 9 12 1 10 12 1 1 10 10 12 1 1 10 12 10 12 1 10 12 1 1 10 12 1 1 10 12 1 1 10 12 1 10 12 1 1 10 12 1 1 10 12 1 10 12 1 1 8 1 10 12 1 1 10 12 1 10 12 1 10 12 1 10 12 1 10 12 1 10 12 1 10 7 12 1 1 10 12 1 10 12 1 10 100 12 1 1 1 100 1 100 1 10 12 1 10 100 12 1 1 10 12 1 10 12 1 10 12 1 10 12 1 1 10 12 1 10 12 1 1 10 12 1 1 10 10 7 12 1 1 1 10 12 1 10 12 1 10 12 1 1 10 12 1 10 12 1 10 12 1 10 12 1 10 12 1 10 12 1 10 12 1 10 12 1 10 12 1 1 10 12 1 10 12 1 10 12 10 12 1 1 18 12 1 1 100 1 10 100 12 1 1 1 18 10 12 1 1 10 12 1 10 12 1 1 11 12 1 1 10 12 1 10 12 10 12 1 10 10 10 12 1 10 5 0 10 10 12 1 1 100 1 8 1 10 10 12 1 1 10 100 12 1 1 1 10 12 1 10 12 1 1 100 1 10 12 100 1 10 100 1 10 100 1 1 1 1 1 1 1 1 1 1 1 100 1 1 1 1 1 1 1 1 1 1 1 1 1 1 1 1 1 1 1 1 1 1 1 1 1 1 1 1 1 1 1 1 1 1 1 1 1 1 1 1 1 1 1 1 1 1 1 1 1 1 1 1 1 1 1 1 1 1 1 1 1 1 1 1 1 1 1 1 1 1 1 1 1 1 1 1 1 1 1 1 1 1 1 1 1 1 1 1 1 1 1 1 1 1 1 1 1 1 1 1 100 1 1 1 1 1 1 1 1 1 1 1 1 1 1 1 1 1 100 1 1 1 1 1 1 100 1 1 16 1 15 10 12 16 15 10 12 15 10 100 12 1 1 1 1 1 1 1 100 1 100 1 1
staticfield java/lang/AbstractStringBuilder EMPTYVALUE [B 0
ciInstanceKlass java/lang/StringBuffer 0 0 483 10 100 12 1 1 1 10 12 1 10 12 1 10 12 1 1 9 100 12 1 1 1 10 12 1 1 10 12 1 10 12 1 1 9 12 1 1 10 12 1 10 12 1 1 10 12 1 1 10 12 1 10 12 1 1 10 12 1 10 12 1 1 10 12 1 1 10 100 12 1 1 1 10 12 1 1 10 12 1 10 12 1 10 12 1 10 12 1 10 12 1 10 12 1 10 12 1 10 12 1 10 12 1 10 12 1 10 12 1 10 12 1 10 12 1 10 12 1 1 10 12 1 10 12 1 1 10 12 1 1 10 10 12 1 1 10 12 1 10 12 1 10 12 1 10 12 1 10 12 1 10 12 1 10 12 10 12 1 10 12 1 10 12 1 10 12 1 1 10 12 1 10 12 1 10 10 12 1 1 10 12 1 10 12 1 10 12 1 10 10 100 12 1 1 1 10 10 12 1 1 9 12 1 1 10 100 12 1 1 10 100 1 8 10 100 12 1 1 1 8 10 12 1 8 1 10 12 1 10 12 1 10 100 12 1 1 1 10 100 12 1 1 1 100 1 10 12 100 1 8 1 10 10 12 1 1 10 12 1 1 10 12 1 10 12 1 10 12 1 1 10 12 1 10 12 1 10 12 1 10 12 1 10 12 1 10 12 10 12 1 10 12 1 10 12 1 10 12 1 10 12 1 10 12 1 10 12 1 10 12 1 10 12 1 10 12 1 10 12 10 12 10 12 1 10 12 1 10 12 1 10 12 10 12 1 10 12 1 10 12 1 10 12 1 10 12 1 10 12 1 10 12 1 10 12 1 10 12 1 10 12 1 10 12 1 100 1 10 12 1 9 100 12 1 1 1 9 100 1 9 12 1 1 100 1 100 1 100 1 100 1 1 1 1 5 0 1 1 1 1 1 1 1 1 1 1 1 1 1 1 1 1 1 1 1 1 1 1 1 1 1 1 1 1 1 1 1 1 1 1 1 1 1 1 1 1 1 1 1 1 1 1 1 1 1 1 1 1 1 1 1 1 1 1 1 1 1 100 1 1 1 1 1 100 1 1 1 1 1 1 1 1 1 1 1 1 1 1 1 1 1 1
ciInstanceKlass java/lang/StringBuilder 1 1 422 10 7 12 1 1 1 10 12 1 10 12 1 10 12 1 1 10 7 12 1 1 1 10 7 12 1 1 1 10 12 1 10 12 1 10 12 1 10 12 1 10 12 1 10 12 1 10 12 1 10 12 1 10 12 1 10 12 1 10 12 1 10 12 1 10 12 1 10 12 1 1 10 12 1 10 12 1 1 10 12 1 1 10 12 1 10 12 1 10 12 1 10 12 1 10 12 1 10 12 1 10 12 1 10 12 10 12 1 10 12 1 10 12 1 10 12 1 1 10 12 1 10 12 1 10 12 10 12 1 1 10 12 1 10 12 1 10 12 1 10 100 12 1 1 1 9 12 1 1 10 12 1 10 12 1 1 10 12 1 1 9 12 1 1 10 100 12 1 1 1 10 100 1 10 12 1 1 10 100 12 1 1 10 12 1 10 12 1 1 100 1 100 1 8 1 10 10 12 1 1 10 12 1 10 12 1 10 12 1 1 10 12 1 10 12 1 10 12 1 10 12 1 10 12 1 10 12 10 12 1 10 12 1 10 12 1 10 12 1 10 12 1 10 12 1 10 12 1 10 12 1 10 12 1 1 10 12 1 1 10 12 1 10 12 1 10 12 1 10 12 10 12 10 12 1 10 12 1 10 12 1 10 12 10 12 1 10 12 1 10 12 1 10 12 1 10 12 1 10 12 1 10 12 1 10 12 1 10 12 1 1 10 12 1 10 12 1 1 10 12 1 10 12 1 1 10 12 1 10 12 1 1 10 12 1 10 12 1 10 12 1 10 10 12 1 10 12 1 100 1 100 1 100 1 100 1 1 1 1 5 0 1 1 1 1 1 1 1 1 1 1 1 1 1 1 1 1 1 1 1 1 1 1 1 1 1 1 1 1 1 1 1 1 1 1 1 1 1 1 1 1 1 1 1 1 100 1 1 1 100 1 1 1 1 1 1 1 1 1 1 1
ciInstanceKlass jdk/internal/misc/UnsafeConstants 1 1 34 10 100 12 1 1 1 9 7 12 1 1 1 9 12 1 9 12 1 1 9 12 1 9 12 1 1 1 1 1 1 1 1 1
staticfield jdk/internal/misc/UnsafeConstants ADDRESS_SIZE0 I 8
staticfield jdk/internal/misc/UnsafeConstants PAGE_SIZE I 4096
staticfield jdk/internal/misc/UnsafeConstants BIG_ENDIAN Z 0
staticfield jdk/internal/misc/UnsafeConstants UNALIGNED_ACCESS Z 1
staticfield jdk/internal/misc/UnsafeConstants DATA_CACHE_LINE_FLUSH_SIZE I 0
ciInstanceKlass jdk/internal/misc/Unsafe 1 1 1287 10 7 12 1 1 1 9 7 12 1 1 1 9 12 1 1 10 12 1 1 10 7 12 1 1 1 10 12 1 1 10 12 1 1 10 12 1 1 10 12 1 1 10 12 1 1 10 12 1 1 10 12 1 1 10 12 1 1 10 12 1 1 10 12 1 1 10 12 1 1 10 12 1 1 10 12 1 1 10 12 1 10 12 1 100 1 10 10 12 1 1 10 12 1 1 5 0 10 12 1 1 10 12 1 1 10 7 12 1 1 1 10 12 1 1 10 12 1 10 12 1 10 12 1 1 10 12 1 1 10 12 1 10 12 1 100 1 100 1 10 8 1 10 12 1 1 10 12 1 8 1 10 12 1 1 10 12 1 10 12 1 10 12 1 1 10 12 1 10 12 1 1 10 12 1 1 10 12 1 10 12 1 10 12 1 10 12 1 1 10 12 1 10 12 1 10 12 1 1 10 12 1 5 0 5 0 5 0 10 12 1 10 12 1 10 12 1 10 12 1 10 12 1 10 12 1 10 12 1 10 12 1 10 12 1 1 10 12 1 10 12 1 100 1 8 1 10 100 1 10 10 12 1 1 10 12 1 1 10 12 1 10 12 1 1 10 12 1 1 10 12 1 10 12 1 1 10 12 1 9 7 12 1 1 9 12 1 100 1 10 10 12 1 1 8 1 10 8 1 8 1 10 12 1 1 9 7 12 1 1 1 9 100 1 9 7 1 9 100 1 9 9 100 1 9 100 1 9 100 1 10 12 1 1 10 12 1 1 10 12 1 1 10 12 1 1 5 0 5 0 9 12 1 1 10 12 1 10 12 1 10 12 1 1 10 12 1 1 10 12 1 8 1 3 10 12 1 1 10 12 1 1 10 12 1 10 12 1 1 10 12 1 1 10 12 1 10 12 1 10 12 1 10 12 1 10 12 1 10 12 1 1 10 12 1 1 10 12 1 10 12 1 10 12 1 10 12 1 10 12 1 10 12 1 1 10 12 1 1 10 12 1 10 12 1 10 12 1 10 12 1 10 12 1 10 12 1 1 10 12 1 1 10 12 1 1 10 12 1 1 10 12 1 10 12 1 10 12 1 10 12 1 10 12 1 10 12 1 10 12 1 1 10 12 1 1 10 12 1 10 12 1 10 12 1 10 12 1 10 12 1 10 12 1 10 12 1 1 10 12 1 1 10 12 1 10 12 1 10 12 1 10 12 1 10 12 1 10 12 1 10 12 1 10 12 1 1 10 12 1 10 12 1 10 12 1 10 12 1 10 12 1 1 10 12 1 10 12 1 10 12 1 10 12 1 10 12 1 10 12 1 10 12 1 10 12 1 1 10 12 1 10 12 1 10 12 1 10 12 1 10 12 1 10 12 1 1 10 12 1 10 12 1 10 12 1 1 10 12 1 10 12 1 10 12 1 10 12 1 10 12 1 10 12 1 10 12 1 10 12 1 10 12 1 10 12 1 10 12 1 10 12 1 10 12 1 10 12 1 10 12 1 10 12 1 10 12 1 10 12 1 10 12 1 10 12 1 10 12 1 10 12 1 10 12 1 100 1 10 100 1 10 9 12 1 5 0 10 12 1 1 5 0 10 12 1 5 0 10 12 1 10 12 1 10 12 1 1 10 12 1 1 10 12 1 10 12 1 10 12 1 10 12 1 1 10 12 1 10 12 1 10 12 1 10 12 1 10 12 1 1 10 12 1 10 12 1 10 12 1 10 12 1 1 10 12 1 10 12 1 10 12 1 1 10 12 1 10 12 1 10 12 1 10 12 1 1 10 12 1 10 10 12 1 1 10 12 1 10 12 1 1 10 12 1 10 12 5 0 5 0 5 0 10 12 1 1 10 12 1 10 12 1 10 12 10 7 12 1 1 8 1 7 1 11 12 1 1 8 1 11 12 1 1 10 7 12 1 1 10 12 1 10 12 1 10 12 1 10 12 1 10 12 1 1 10 12 1 10 12 1 10 12 1 10 12 1 10 12 1 10 12 1 10 7 1 10 12 1 9 12 1 7 1 9 12 1 7 1 9 12 1 7 1 9 12 1 7 1 9 12 1 7 1 9 12 1 7 1 9 12 1 7 1 9 12 1 7 1 9 12 1 10 12 1 9 12 1 9 12 1 9 12 1 9 12 1 9 12 1 9 12 1 9 12 1 9 12 1 9 12 1 9 12 1 1 1 3 1 1 1 1 1 1 1 1 1 1 1 1 1 1 1 1 1 1 1 1 1 1 1 1 1 1 1 1 1 1 1 1 1 1 1 1 1 1 1 1 1 1 1 1 1 1 1 1 1 1 1 1 1 1 1 1 1 1 1 1 1 1 1 1 1 1 1 1 1 1 1 1 1 1 1 1 1 1 1 1 1 1 1 1 1 1 1 1 1 100 1 1 1 1 1 1 1 1 1 1 1 1 1 1 1 1 1 1 1 1 1 1 1 1 1 1 1 1 1 1 1 1 1 1 1 1 1 1 1 1 1 1 1 1 1 1 1 1 1 1 1 1 1 1 1 1 1 1 1 1 1 1 1 1 1 1 1 1 1 1 1 1 1 1 1 1 1 1 1 1 1 1 1 1 1 1 1 1 1 1 1 1 1 1 1 1 1 1 1 1 1 1 1 1 1 1 1 1 1 1 1 1 1 1 1 1 1 1 1 1 1 1 1 1 1 1 1 1 1 1 1 1 1 1 1 1 1 1 1 1 1 1 1 1 1 1 1 1 1 1 1 1 1 1 1 1 1 1 1 1 1 1 1 1 1 1 1 1 1 1 1 1 1 1 1 1 1 1 1 1 1 1 1 1 1 1 1 1 1 1 1 1 1 1 1 1 1 1 1 1 1 1 1 1 1 1 3 1 1 1 1 1 1 1 1 1 1 1 1 1 1 1 1 1 1 1 1 1
staticfield jdk/internal/misc/Unsafe theUnsafe Ljdk/internal/misc/Unsafe; jdk/internal/misc/Unsafe
staticfield jdk/internal/misc/Unsafe ARRAY_BOOLEAN_BASE_OFFSET I 16
staticfield jdk/internal/misc/Unsafe ARRAY_BYTE_BASE_OFFSET I 16
staticfield jdk/internal/misc/Unsafe ARRAY_SHORT_BASE_OFFSET I 16
staticfield jdk/internal/misc/Unsafe ARRAY_CHAR_BASE_OFFSET I 16
staticfield jdk/internal/misc/Unsafe ARRAY_INT_BASE_OFFSET I 16
staticfield jdk/internal/misc/Unsafe ARRAY_LONG_BASE_OFFSET I 16
staticfield jdk/internal/misc/Unsafe ARRAY_FLOAT_BASE_OFFSET I 16
staticfield jdk/internal/misc/Unsafe ARRAY_DOUBLE_BASE_OFFSET I 16
staticfield jdk/internal/misc/Unsafe ARRAY_OBJECT_BASE_OFFSET I 16
staticfield jdk/internal/misc/Unsafe ARRAY_BOOLEAN_INDEX_SCALE I 1
staticfield jdk/internal/misc/Unsafe ARRAY_BYTE_INDEX_SCALE I 1
staticfield jdk/internal/misc/Unsafe ARRAY_SHORT_INDEX_SCALE I 2
staticfield jdk/internal/misc/Unsafe ARRAY_CHAR_INDEX_SCALE I 2
staticfield jdk/internal/misc/Unsafe ARRAY_INT_INDEX_SCALE I 4
staticfield jdk/internal/misc/Unsafe ARRAY_LONG_INDEX_SCALE I 8
staticfield jdk/internal/misc/Unsafe ARRAY_FLOAT_INDEX_SCALE I 4
staticfield jdk/internal/misc/Unsafe ARRAY_DOUBLE_INDEX_SCALE I 8
staticfield jdk/internal/misc/Unsafe ARRAY_OBJECT_INDEX_SCALE I 4
staticfield jdk/internal/misc/Unsafe ADDRESS_SIZE I 8
ciInstanceKlass jdk/internal/module/Modules 1 1 504 10 100 12 1 1 1 9 7 12 1 1 1 11 7 12 1 1 1 11 12 1 1 11 12 1 1 11 12 1 1 11 12 1 11 12 1 11 12 1 11 12 1 11 12 1 1 10 100 12 1 1 1 10 100 12 1 1 1 18 12 1 1 10 100 12 1 1 1 100 1 10 100 12 1 1 1 10 100 12 1 1 1 10 100 12 1 1 10 12 1 1 11 12 1 9 12 1 1 11 100 12 1 1 1 10 12 1 1 10 10 12 1 10 9 12 1 1 10 100 12 1 1 10 12 1 1 10 100 12 1 1 100 1 11 100 12 1 1 1 10 100 12 1 1 1 11 100 12 1 1 10 12 1 1 10 100 12 1 1 10 100 12 1 1 1 10 12 1 1 10 12 1 1 11 12 1 1 18 12 1 1 11 100 12 1 1 10 100 12 1 1 1 11 100 12 1 1 1 100 1 11 12 1 1 11 100 12 1 1 1 11 12 1 1 10 12 1 1 10 100 12 1 1 18 12 1 1 11 12 1 1 18 12 1 1 11 12 1 1 10 12 1 18 18 10 12 1 1 9 12 1 1 11 100 12 1 1 1 100 1 10 11 12 1 11 12 1 1 11 12 1 1 10 100 1 10 12 1 1 10 100 12 1 1 10 12 1 1 11 12 10 12 1 1 100 1 10 18 12 1 10 12 1 1 100 1 8 1 10 12 1 10 100 12 1 1 18 12 1 11 11 12 10 12 1 10 10 100 1 18 12 1 10 10 10 7 12 1 1 10 7 12 1 1 1 10 12 1 1 1 1 1 1 1 1 1 1 1 1 1 1 1 1 1 1 1 1 1 1 1 1 1 1 1 1 1 1 1 1 1 100 1 1 1 1 1 1 1 1 1 1 1 1 1 1 1 1 1 1 1 1 1 1 1 1 1 1 1 1 1 1 1 1 1 1 1 100 1 1 1 1 1 1 1 1 1 1 1 1 1 1 1 1 1 1 1 1 1 1 1 16 15 10 12 1 16 16 15 10 12 1 16 1 16 1 15 10 12 1 16 1 16 1 15 10 12 16 1 15 10 16 1 15 10 12 16 1 15 10 12 16 15 10 12 16 15 10 12 15 10 100 12 1 1 1 1 1 1 100 1 100 1 1
staticfield jdk/internal/module/Modules JLA Ljdk/internal/access/JavaLangAccess; java/lang/System$2
staticfield jdk/internal/module/Modules JLMA Ljdk/internal/access/JavaLangModuleAccess; java/lang/module/ModuleDescriptor$1
staticfield jdk/internal/module/Modules $assertionsDisabled Z 1
ciInstanceKlass java/lang/AutoCloseable 1 0 12 100 1 100 1 1 1 1 100 1 1 1
ciInstanceKlass java/io/Closeable 1 0 14 100 1 100 1 100 1 1 1 1 100 1 1 1
instanceKlass sun/nio/ch/ChannelInputStream
instanceKlass org/jetbrains/kotlin/protobuf/RopeByteString$RopeInputStream
instanceKlass org/jetbrains/kotlin/com/intellij/util/io/UnsyncByteArrayInputStream
instanceKlass org/jetbrains/kotlin/com/fasterxml/aalto/in/MergedStream
instanceKlass java/util/zip/ZipFile$ZipFileInputStream
instanceKlass java/io/FilterInputStream
instanceKlass java/io/FileInputStream
instanceKlass java/io/ByteArrayInputStream
ciInstanceKlass java/io/InputStream 1 1 195 100 1 10 7 12 1 1 1 100 1 10 10 7 12 1 1 1 10 7 12 1 1 1 10 12 1 100 1 3 10 12 1 1 100 1 8 1 10 12 1 10 100 12 1 1 1 3 100 1 8 1 10 10 100 12 1 1 1 100 1 10 11 100 12 1 1 1 10 12 1 1 11 12 1 1 11 100 12 1 1 1 11 12 1 1 100 1 10 100 12 1 1 1 5 0 10 12 1 10 12 1 1 100 1 10 8 1 10 8 1 8 1 10 12 1 1 10 100 12 1 1 1 100 1 5 0 10 12 1 100 1 100 1 1 1 1 3 1 3 1 1 1 1 1 1 1 1 1 1 1 1 1 1 1 1 1 1 1 1 1 1 1 1 1 1 1 1 1 1 1 1 1 1 1 1 1 1 1 1 1 1 1 1 1 1 1 1 1 1 1 1 1 1 1
ciInstanceKlass java/io/ByteArrayInputStream 1 1 117 10 7 12 1 1 1 9 7 12 1 1 1 9 12 1 1 9 12 1 9 12 1 10 100 12 1 1 1 10 7 12 1 1 1 10 7 12 1 1 1 10 100 12 1 1 1 10 12 1 1 3 10 100 1 10 100 12 1 1 1 9 12 1 1 100 1 10 10 7 12 1 1 1 1 1 1 1 1 1 1 1 1 1 1 1 1 1 1 1 1 1 1 1 1 1 1 1 1 1 1 1 100 1 1 1 1 1 1 1 1 1 1 1 1 1 1
staticfield java/io/ByteArrayInputStream $assertionsDisabled Z 1
ciInstanceKlass java/net/URL 1 1 771 10 7 12 1 1 1 10 12 1 10 7 12 1 1 9 12 1 1 9 12 1 10 7 12 1 1 1 10 12 1 1 10 12 1 1 9 12 1 1 10 7 12 1 1 1 8 1 10 12 1 1 100 1 10 10 12 1 1 8 1 10 12 1 1 9 12 1 100 1 8 1 10 12 1 10 12 1 8 1 9 12 1 10 12 1 1 9 12 1 10 12 1 10 12 1 9 12 1 9 12 1 8 1 9 12 1 10 12 1 1 8 1 9 12 1 1 10 12 1 1 10 7 12 1 1 1 8 1 10 12 1 7 1 10 12 1 10 12 1 10 12 1 10 12 1 1 10 12 1 1 8 1 10 12 1 1 10 12 1 8 1 9 12 1 8 1 10 12 1 10 7 12 1 1 1 100 1 10 12 1 10 12 1 1 10 7 12 1 1 1 100 1 8 1 10 10 12 1 8 1 10 12 1 1 10 12 1 10 12 1 10 12 1 10 12 1 10 12 1 10 12 1 8 1 10 12 1 8 1 10 10 100 1 10 10 12 1 8 1 10 7 12 1 1 1 10 12 1 9 100 12 1 1 1 10 100 12 1 1 1 9 12 1 1 10 12 1 10 100 12 1 1 1 100 1 100 1 10 12 1 10 12 1 10 12 1 10 12 1 10 12 1 10 12 10 10 12 1 10 12 1 10 12 1 1 8 1 9 100 12 1 1 1 10 100 12 1 1 1 10 12 1 1 9 100 12 1 1 1 10 12 1 1 100 1 10 12 1 10 12 1 10 10 12 1 1 10 12 1 1 10 12 1 10 12 1 10 12 1 10 7 12 1 1 1 10 12 1 1 10 12 1 9 12 1 1 9 12 1 1 100 1 8 1 10 10 12 1 9 12 1 1 10 7 12 1 1 8 1 10 100 12 1 1 8 1 10 12 1 1 10 12 1 8 1 8 1 10 7 12 1 1 1 100 1 10 100 12 1 1 1 10 12 1 10 12 1 100 1 10 9 100 12 1 1 1 10 100 12 1 1 10 12 1 1 10 12 1 8 1 100 1 10 10 100 12 1 1 1 10 12 1 8 9 100 12 1 1 1 10 12 1 1 10 12 1 10 12 1 1 10 100 12 1 1 11 7 12 1 1 10 12 1 10 12 1 9 12 1 10 12 1 1 10 100 12 1 1 10 100 12 1 1 1 8 10 100 12 1 1 100 1 10 8 8 10 12 1 8 8 8 100 1 10 12 1 9 12 1 1 10 12 1 10 12 1 1 10 12 1 10 12 10 12 1 1 10 12 1 1 10 10 10 12 1 10 12 1 10 12 1 10 12 1 10 12 1 10 10 12 1 100 1 8 1 10 10 10 12 1 1 10 12 1 10 12 1 1 8 1 7 1 10 10 7 1 10 12 1 9 7 12 1 1 1 9 12 1 1 7 1 10 10 7 12 1 1 1 100 1 1 1 1 1 5 0 1 1 1 1 1 1 1 1 1 1 1 1 1 1 1 1 1 1 1 1 1 1 1 1 1 1 1 1 1 1 1 1 1 1 1 1 1 1 1 1 1 1 1 1 1 1 1 1 100 1 1 1 1 1 1 1 1 1 1 1 1 1 1 1 1 1 1 1 1 1 1 1 1 1 1 1 1 1 1 1 1 1 1 1 1 1 100 1 1 1 1 1 1 1 1 1 1 1 1 1 1 1 1 1 100 1 1 1 1 1 1 1 1 1 1 1 1 1 1 1 1 1 1 1
staticfield java/net/URL defaultFactory Ljava/net/URLStreamHandlerFactory; java/net/URL$DefaultFactory
staticfield java/net/URL streamHandlerLock Ljava/lang/Object; java/lang/Object
staticfield java/net/URL serialPersistentFields [Ljava/io/ObjectStreamField; 7 [Ljava/io/ObjectStreamField;
ciInstanceKlass java/net/URLClassLoader 1 1 600 10 7 12 1 1 1 7 1 10 12 1 9 7 12 1 1 1 10 7 12 1 1 1 9 12 1 1 7 1 10 12 1 9 12 1 1 10 12 1 10 10 12 1 10 100 12 1 1 1 10 12 1 1 10 100 12 1 1 1 10 100 12 1 1 1 100 1 10 12 1 1 10 12 1 1 10 12 1 1 100 1 100 1 10 100 12 1 1 1 100 1 8 1 10 12 1 10 100 12 1 1 1 10 12 1 1 10 12 1 1 11 100 12 1 1 1 11 100 12 1 1 1 11 12 1 1 100 1 11 12 1 11 100 12 1 1 10 12 1 11 12 1 11 12 1 1 11 10 12 1 1 10 12 1 1 10 12 1 1 100 1 10 12 1 10 12 1 1 100 1 100 1 10 12 1 1 100 1 10 10 12 1 1 10 100 12 1 1 10 12 1 100 1 100 1 10 8 1 10 12 1 1 8 1 10 12 1 1 10 10 12 1 8 1 8 1 10 12 1 1 10 100 12 1 1 1 10 100 12 1 1 1 10 12 1 1 10 12 1 1 10 12 1 1 10 12 1 10 12 1 100 1 100 1 8 1 10 12 1 10 12 1 1 10 12 1 1 100 1 10 12 1 10 100 12 1 1 1 10 12 1 1 10 12 1 1 10 12 1 1 10 12 1 10 100 12 1 1 1 10 12 1 1 8 1 10 12 1 1 11 100 12 1 1 1 9 100 12 1 1 1 10 100 12 1 1 1 9 12 1 9 12 1 9 12 1 9 12 1 9 12 1 9 12 1 10 100 12 1 1 1 8 1 10 12 1 1 100 1 10 10 12 1 10 12 1 1 10 12 1 1 100 1 10 12 1 10 12 1 1 10 12 1 10 12 1 1 100 1 10 100 12 1 1 9 100 12 1 1 1 10 12 1 8 1 100 1 8 1 10 12 1 10 12 1 8 1 10 12 1 10 12 1 9 12 1 1 10 100 12 1 1 10 12 1 10 12 1 10 100 1 8 1 10 100 1 10 12 1 10 100 12 1 100 1 10 12 1 10 12 1 100 1 10 10 7 12 1 1 1 1 1 1 1 1 1 1 1 1 1 1 1 1 1 1 1 1 1 1 1 1 1 1 1 1 1 1 1 1 1 1 1 1 1 100 1 100 1 100 1 100 1 1 1 1 1 1 1 1 1 1 1 1 1 1 1 1 1 1 1 1 1 1 1 1 1 1 1 1 1 1 1 1 1 1 1 1 1 1 1 1 1 1 1 1 1 1 100 1 1 1 1 1 1 1 1 1 1 1 1 1 1 1 1 1 1 1 1 1 1 1 1 1 1 1 1 1 1 1 1 1 1 1 1 1 100 1 1 1
instanceKlass org/jetbrains/kotlin/util/ImplementationStatus
instanceKlass org/jetbrains/kotlin/fir/expressions/ConstantArgumentKind
instanceKlass org/jetbrains/kotlin/contracts/description/EventOccurrencesRange
instanceKlass org/jetbrains/kotlin/types/EnrichedProjectionKind
instanceKlass org/jetbrains/kotlin/fir/analysis/checkers/syntax/FirPrefixAndSuffixSyntaxChecker$Direction
instanceKlass org/jetbrains/kotlin/resolve/Compatibility
instanceKlass org/jetbrains/kotlin/diagnostics/rendering/LanguageFeatureMessageRenderer$Type
instanceKlass java/util/Locale$Category
instanceKlass org/jetbrains/kotlin/diagnostics/Severity
instanceKlass org/jetbrains/kotlin/fir/resolve/calls/tower/MemberScopeTowerLevel$DispatchReceiverToUse
instanceKlass org/jetbrains/kotlin/fir/types/EraseUpperBoundMode
instanceKlass org/jetbrains/kotlin/fir/resolve/inference/CalculatorForNestedCall$FixationDirection
instanceKlass org/jetbrains/kotlin/fir/resolve/dfa/Operation
instanceKlass org/jetbrains/kotlin/fir/resolve/calls/FirSyntheticPropertiesScope$SyntheticGetterCompatibility
instanceKlass org/jetbrains/kotlin/types/TypeCheckerState$LowerCapturedTypePolicy
instanceKlass org/jetbrains/kotlin/types/SmartcastStability
instanceKlass org/jetbrains/kotlin/fir/resolve/dfa/PropertyStability
instanceKlass org/jetbrains/kotlin/fir/declarations/utils/FirScriptCustomizationKind
instanceKlass org/jetbrains/kotlin/fir/declarations/CallToPotentiallyHiddenSymbolResult
instanceKlass org/jetbrains/kotlin/types/TypeApproximatorConfiguration$IntersectionStrategy
instanceKlass org/jetbrains/kotlin/types/model/TypeVariance
instanceKlass org/jetbrains/kotlin/fir/resolve/transformers/FirCallCompletionResultsWriterTransformer$Mode
instanceKlass org/jetbrains/kotlin/resolve/calls/inference/components/TypeVariableDirectionCalculator$ResolveDirection
instanceKlass org/jetbrains/kotlin/resolve/calls/inference/components/VariableFixationFinder$TypeVariableFixationReadiness
instanceKlass org/jetbrains/kotlin/resolve/calls/inference/components/ConstraintSystemCompletionMode
instanceKlass org/jetbrains/kotlin/resolve/ForbiddenNamedArgumentsTarget
instanceKlass org/jetbrains/kotlin/fir/resolve/calls/stages/FirCallArgumentsProcessor$State
instanceKlass org/jetbrains/kotlin/resolve/calls/inference/model/ConstraintKind
instanceKlass org/jetbrains/kotlin/fir/resolve/calls/ConstructorFilter
instanceKlass org/jetbrains/kotlin/resolve/calls/tasks/ExplicitReceiverKind
instanceKlass org/jetbrains/kotlin/fir/resolve/calls/tower/ProcessResult
instanceKlass org/jetbrains/kotlin/resolve/calls/inference/model/NewConstraintSystemImpl$State
instanceKlass org/jetbrains/kotlin/fir/resolve/dfa/cfg/EdgeKind
instanceKlass org/jetbrains/kotlin/fir/resolve/transformers/body/resolve/FirExpressionsResolveTransformer$CallResolutionMode
instanceKlass org/jetbrains/kotlin/fir/resolve/dfa/cfg/ControlFlowGraph$Kind
instanceKlass org/jetbrains/kotlin/fir/scopes/ProcessorAction
instanceKlass org/jetbrains/kotlin/types/model/CaptureStatus
instanceKlass org/jetbrains/kotlin/fir/types/ProjectionKind
instanceKlass kotlin/DeprecationLevel
instanceKlass org/jetbrains/kotlin/load/java/typeEnhancement/TypeComponentPosition
instanceKlass org/jetbrains/kotlin/load/java/typeEnhancement/MutabilityQualifier
instanceKlass org/jetbrains/kotlin/load/java/typeEnhancement/NullabilityQualifier
instanceKlass org/jetbrains/kotlin/fir/deserialization/AbstractAnnotationDeserializer$CallableKind
instanceKlass org/jetbrains/kotlin/metadata/ProtoBuf$MemberKind
instanceKlass org/jetbrains/kotlin/metadata/ProtoBuf$Class$Kind
instanceKlass org/jetbrains/kotlin/metadata/ProtoBuf$Modality
instanceKlass org/jetbrains/kotlin/metadata/ProtoBuf$Visibility
instanceKlass org/jetbrains/kotlin/metadata/ProtoBuf$Effect$InvocationKind
instanceKlass org/jetbrains/kotlin/metadata/ProtoBuf$Expression$ConstantValue
instanceKlass org/jetbrains/kotlin/metadata/ProtoBuf$Effect$EffectType
instanceKlass org/jetbrains/kotlin/metadata/ProtoBuf$VersionRequirement$VersionKind
instanceKlass org/jetbrains/kotlin/metadata/ProtoBuf$VersionRequirement$Level
instanceKlass org/jetbrains/kotlin/serialization/deserialization/descriptors/DeserializedContainerAbiStability
instanceKlass org/jetbrains/kotlin/metadata/jvm/JvmProtoBuf$StringTableTypes$Record$Operation
instanceKlass java/lang/annotation/ElementType
instanceKlass org/jetbrains/kotlin/fir/java/FirJavaTypeConversionMode
instanceKlass org/jetbrains/kotlin/resolve/deprecation/DeprecationLevelValue
instanceKlass org/jetbrains/kotlin/fir/java/declarations/FirJavaTypeParameter$BoundsEnhancementState
instanceKlass org/jetbrains/kotlin/descriptors/annotations/KotlinTarget
instanceKlass kotlin/annotation/AnnotationTarget
instanceKlass kotlin/annotation/AnnotationRetention
instanceKlass org/jetbrains/kotlin/descriptors/EffectiveVisibility$Permissiveness
instanceKlass org/jetbrains/kotlin/load/java/structure/impl/classFiles/BinaryClassSignatureParser$JavaSignatureVariance
instanceKlass javaslang/collection/HashArrayMappedTrieModule$Action
instanceKlass org/jetbrains/kotlin/load/kotlin/header/KotlinClassHeader$Kind
instanceKlass org/jetbrains/kotlin/fir/scopes/impl/DefaultImportPriority
instanceKlass org/jetbrains/kotlin/resolve/jvm/NotFoundPackagesCachingStrategy$CacheType
instanceKlass org/jetbrains/kotlin/fir/resolve/calls/tower/InvokeResolvePriority
instanceKlass org/jetbrains/kotlin/resolve/calls/tower/CandidateApplicability
instanceKlass org/jetbrains/kotlin/fir/resolve/FirTowerDataMode
instanceKlass org/jetbrains/kotlin/fir/resolve/transformers/StatusComputationSession$StatusComputationStatus
instanceKlass org/jetbrains/kotlin/fir/diagnostics/DiagnosticKind
instanceKlass org/jetbrains/kotlin/fir/declarations/InlineStatus
instanceKlass org/jetbrains/kotlin/types/Variance
instanceKlass org/jetbrains/kotlin/fir/expressions/FirOperation
instanceKlass java/math/RoundingMode
instanceKlass org/jetbrains/kotlin/fir/expressions/FirFunctionCallOrigin
instanceKlass org/jetbrains/kotlin/fir/builder/AbstractRawFirBuilder$ValueParameterDeclaration
instanceKlass org/jetbrains/kotlin/descriptors/annotations/AnnotationUseSiteTarget
instanceKlass org/jetbrains/kotlin/fir/declarations/FirPropertyBodyResolveState
instanceKlass org/jetbrains/kotlin/fir/lightTree/fir/modifier/ModifierFlag
instanceKlass org/jetbrains/kotlin/parsing/KotlinParsing$DeclarationParsingMode
instanceKlass org/jetbrains/kotlin/parsing/KotlinParsing$NameParsingMode
instanceKlass org/jetbrains/kotlin/parsing/KotlinParsing$AnnotationParsingMode
instanceKlass org/jetbrains/kotlin/parsing/KotlinExpressionParsing$Precedence
instanceKlass org/jetbrains/kotlin/com/intellij/diagnostic/ActivityCategory
instanceKlass org/jetbrains/kotlin/load/java/SpecialGenericSignatures$TypeSafeBarrierDescription
instanceKlass org/jetbrains/kotlin/builtins/PrimitiveType
instanceKlass org/jetbrains/kotlin/resolve/jvm/JvmPrimitiveType
instanceKlass org/jetbrains/kotlin/fir/analysis/checkers/MppCheckerKind
instanceKlass org/jetbrains/kotlin/descriptors/ClassKind
instanceKlass org/jetbrains/kotlin/fir/declarations/impl/FirDeclarationStatusImpl$Modifier
instanceKlass org/jetbrains/kotlin/descriptors/Modality
instanceKlass org/jetbrains/kotlin/fir/declarations/FirResolvePhase
instanceKlass org/jetbrains/kotlin/metadata/ProtoBuf$Type$Argument$Projection
instanceKlass org/jetbrains/kotlin/load/java/AnnotationQualifierApplicabilityType
instanceKlass org/jetbrains/kotlin/container/ComponentStorageState
instanceKlass org/jetbrains/kotlin/fir/types/ConeNullability
instanceKlass org/jetbrains/kotlin/fir/FirSession$Kind
instanceKlass org/jetbrains/kotlin/metadata/ProtoBuf$QualifiedNameTable$QualifiedName$Kind
instanceKlass org/jetbrains/kotlin/metadata/ProtoBuf$TypeParameter$Variance
instanceKlass org/jetbrains/kotlin/metadata/ProtoBuf$Annotation$Argument$Value$Type
instanceKlass org/jetbrains/kotlin/protobuf/WireFormat$JavaType
instanceKlass org/jetbrains/kotlin/protobuf/WireFormat$FieldType
instanceKlass org/jetbrains/kotlin/config/LanguageFeature$State
instanceKlass org/jetbrains/kotlin/config/LanguageFeature$Kind
instanceKlass org/jetbrains/kotlin/config/LanguageFeature
instanceKlass org/jetbrains/kotlin/konan/target/Architecture
instanceKlass org/jetbrains/kotlin/konan/target/Family
instanceKlass org/jetbrains/kotlin/platform/wasm/WasmTarget
instanceKlass java/nio/file/attribute/PosixFilePermission
instanceKlass kotlin/io/FileWalkDirection
instanceKlass org/jetbrains/kotlin/cli/jvm/index/JavaRoot$RootType
instanceKlass org/jetbrains/kotlin/cli/jvm/compiler/jarfs/ZipEntryDescription$CompressionKind
instanceKlass java/lang/invoke/MethodHandleImpl$ArrayAccess
instanceKlass java/nio/file/AccessMode
instanceKlass java/util/stream/Collector$Characteristics
instanceKlass org/jetbrains/kotlin/com/intellij/pom/java/LanguageLevel
instanceKlass org/jetbrains/kotlin/com/intellij/openapi/util/LowMemoryWatcher$LowMemoryWatcherType
instanceKlass org/jetbrains/kotlin/com/intellij/ide/plugins/ActionDescriptorName
instanceKlass kotlin/coroutines/intrinsics/CoroutineSingletons
instanceKlass kotlinx/coroutines/CoroutineStart
instanceKlass org/jetbrains/kotlin/com/intellij/openapi/progress/impl/CoreProgressManager$CheckCanceledBehavior
instanceKlass org/jetbrains/kotlin/com/intellij/util/messages/Topic$BroadcastDirection
instanceKlass org/jetbrains/kotlin/com/intellij/openapi/extensions/ExtensionPoint$Kind
instanceKlass org/jetbrains/kotlin/com/intellij/util/messages/impl/BusState
instanceKlass org/jetbrains/kotlin/com/intellij/diagnostic/LoadingState
instanceKlass org/jetbrains/kotlin/cli/jvm/compiler/EnvironmentConfigFiles
instanceKlass org/jetbrains/kotlin/config/JvmSerializeIrMode
instanceKlass org/jetbrains/kotlin/config/JvmAbiStability
instanceKlass kotlin/reflect/jvm/internal/impl/resolve/jvm/JvmPrimitiveType
instanceKlass kotlin/reflect/jvm/internal/impl/builtins/PrimitiveType
instanceKlass kotlin/reflect/jvm/internal/impl/builtins/functions/FunctionClassKind
instanceKlass kotlin/LazyThreadSafetyMode
instanceKlass java/util/stream/StreamShape
instanceKlass java/util/stream/MatchOps$MatchKind
instanceKlass java/util/stream/StreamOpFlag$Type
instanceKlass java/util/stream/StreamOpFlag
instanceKlass org/jetbrains/kotlin/config/JvmTarget
instanceKlass org/jetbrains/kotlin/storage/LockBasedStorageManager$NotValue
instanceKlass org/jetbrains/kotlin/load/java/ReportLevel
instanceKlass org/jetbrains/kotlin/config/IrVerificationMode
instanceKlass java/util/regex/Pattern$Qtype
instanceKlass org/jetbrains/kotlin/config/LanguageVersion
instanceKlass java/lang/reflect/ProxyGenerator$PrimitiveTypeInfo
instanceKlass java/lang/annotation/RetentionPolicy
instanceKlass org/jetbrains/kotlin/config/JvmDefaultMode
instanceKlass org/jetbrains/kotlin/config/JVMAssertionsMode
instanceKlass org/jetbrains/kotlin/config/ExplicitApiMode
instanceKlass org/jetbrains/kotlin/cli/common/messages/CompilerMessageSeverity
instanceKlass org/jetbrains/kotlin/com/intellij/openapi/diagnostic/LogLevel
instanceKlass java/lang/invoke/MethodHandles$Lookup$ClassOption
instanceKlass java/lang/invoke/VarHandle$AccessType
instanceKlass java/lang/invoke/VarHandle$AccessMode
instanceKlass java/lang/invoke/MethodHandleImpl$Intrinsic
instanceKlass java/lang/invoke/LambdaForm$BasicType
instanceKlass java/lang/invoke/LambdaForm$Kind
instanceKlass sun/invoke/util/Wrapper
instanceKlass org/jetbrains/kotlin/cli/common/CompilerSystemProperties
instanceKlass org/jetbrains/kotlin/cli/common/ExitCode
instanceKlass java/util/zip/ZipCoder$Comparison
instanceKlass java/nio/file/LinkOption
instanceKlass sun/nio/fs/WindowsPathType
instanceKlass java/nio/file/StandardOpenOption
instanceKlass java/util/concurrent/TimeUnit
instanceKlass java/io/File$PathStatus
instanceKlass java/lang/module/ModuleDescriptor$Requires$Modifier
instanceKlass java/lang/reflect/AccessFlag$Location
instanceKlass java/lang/reflect/AccessFlag
instanceKlass java/lang/module/ModuleDescriptor$Modifier
instanceKlass java/lang/reflect/ClassFileFormatVersion
instanceKlass java/lang/Thread$State
ciInstanceKlass java/lang/Enum 1 1 204 9 7 12 1 1 1 9 12 1 1 10 7 12 1 1 1 9 12 1 10 7 12 1 1 1 100 1 10 10 12 1 1 10 12 1 100 1 10 10 7 12 1 1 10 12 1 1 18 12 1 1 10 100 12 1 1 1 10 12 1 1 11 7 12 1 1 1 100 1 8 1 10 12 1 100 1 100 1 10 8 1 10 12 1 1 10 12 1 1 8 1 10 12 1 10 100 1 8 1 10 10 12 1 1 10 100 12 1 1 1 100 1 100 1 100 1 1 1 1 1 1 1 1 1 1 1 1 1 1 1 1 1 1 1 1 1 1 1 1 1 1 1 1 1 1 1 1 1 1 1 1 1 1 1 1 1 1 1 1 1 1 1 3 1 1 1 1 100 1 100 1 1 100 1 1 1 1 1 1 1 1 1 1 1 16 15 10 12 16 15 10 100 12 1 1 1 1 1 100 1 100 1 1
ciInstanceKlass java/util/jar/Manifest 1 1 339 10 7 12 1 1 1 7 1 10 9 7 12 1 1 1 7 1 10 9 12 1 1 9 12 1 1 10 12 1 10 12 1 1 10 12 1 1 10 12 1 1 10 12 1 1 11 7 1 11 12 1 1 10 12 1 1 10 100 12 1 1 1 100 1 100 1 10 8 1 10 12 1 1 10 12 1 1 10 12 1 10 12 1 11 100 1 10 12 1 10 12 1 1 11 12 1 1 10 12 1 11 12 1 1 11 100 12 1 1 1 11 100 12 1 1 11 12 1 1 100 1 10 12 1 8 1 11 12 1 100 1 10 12 1 1 11 12 1 10 12 1 10 12 1 10 100 12 1 1 1 8 1 10 12 1 1 10 9 100 12 1 1 1 10 12 1 1 10 100 12 1 10 12 1 10 12 1 9 100 12 1 1 1 8 1 10 12 1 8 1 8 1 7 1 10 12 1 10 12 1 10 12 1 1 100 1 8 1 10 12 1 1 8 1 10 10 12 1 1 8 1 10 12 1 1 10 100 12 1 1 1 10 12 1 10 11 12 1 1 10 12 1 10 100 12 1 1 1 10 12 1 1 10 12 1 10 12 1 1 11 10 12 1 11 10 12 1 100 1 1 1 1 1 1 1 1 1 1 1 1 1 1 1 1 1 1 1 1 1 1 1 1 1 1 1 1 1 1 1 1 1 1 1 1 1 1 1 1 1 1 1 100 1 1 1 1 1 1 1 1 1 1 1 1 1 1 100 1 1 1 1 1 1 1 1 1 1 1
instanceKlass jdk/internal/loader/ClassLoaders$BootClassLoader
instanceKlass jdk/internal/loader/ClassLoaders$PlatformClassLoader
instanceKlass jdk/internal/loader/ClassLoaders$AppClassLoader
ciInstanceKlass jdk/internal/loader/BuiltinClassLoader 1 1 737 9 7 12 1 1 1 10 7 12 1 1 1 10 7 12 1 1 1 9 12 1 1 9 12 1 1 7 1 10 12 1 9 12 1 10 12 1 9 12 1 10 7 12 1 1 1 10 7 12 1 1 1 10 7 12 1 1 1 11 7 12 1 1 1 100 1 100 1 10 10 12 1 1 8 1 10 12 1 10 12 7 1 10 12 1 10 12 1 1 11 7 12 1 1 1 11 7 12 1 1 1 11 12 1 1 7 1 8 1 8 1 10 9 12 1 1 10 7 12 1 1 11 12 1 1 10 12 1 1 10 12 1 1 10 12 1 1 10 7 12 1 1 1 10 12 1 10 100 12 1 1 1 10 12 1 1 11 7 12 1 1 1 10 100 12 1 1 100 1 10 7 12 1 1 1 10 12 1 100 1 8 1 10 12 1 1 10 8 1 10 12 1 1 10 12 1 1 10 12 1 1 11 7 12 1 1 11 12 1 100 1 10 11 12 1 1 11 10 12 1 1 100 1 10 12 1 10 7 12 1 10 12 1 7 1 10 12 1 10 7 12 1 1 1 100 1 10 12 1 1 11 12 1 100 1 100 1 10 12 1 10 12 1 1 100 1 100 1 10 12 1 10 12 1 18 12 1 1 10 12 1 10 12 1 1 18 100 1 10 100 12 1 1 1 7 1 10 10 12 1 1 10 12 1 1 10 12 1 1 10 12 1 9 12 1 1 100 1 10 10 12 1 1 10 12 1 1 10 12 1 10 12 10 12 1 1 10 12 1 1 10 12 1 1 10 12 1 10 12 1 1 18 12 1 7 1 10 12 1 1 10 12 1 10 12 1 1 10 12 1 100 1 10 12 1 100 1 10 12 1 10 7 12 1 1 1 10 12 1 11 12 1 100 1 10 12 1 7 1 100 1 10 12 1 10 12 1 11 12 1 1 10 12 1 1 10 12 1 1 10 12 1 1 10 12 1 1 10 12 1 10 12 1 10 12 1 10 12 1 8 1 10 12 1 1 10 7 12 1 1 10 12 1 100 1 8 1 8 1 10 10 12 1 8 1 8 1 10 7 12 1 1 1 11 7 12 1 1 1 9 7 12 1 1 1 10 7 12 1 1 1 9 12 1 9 12 1 9 12 1 9 12 1 9 12 1 9 12 1 10 7 12 1 1 1 8 1 10 12 1 7 1 10 12 1 1 10 12 1 7 1 10 11 12 1 1 10 12 10 12 1 10 12 1 100 1 10 12 1 10 12 1 10 10 12 1 10 7 12 1 1 8 1 10 7 12 1 1 10 12 1 1 1 1 1 1 1 1 1 1 1 1 1 1 1 1 1 1 1 1 1 1 1 1 1 1 1 1 1 1 1 1 1 1 1 1 1 1 1 1 1 1 1 1 1 1 1 1 1 1 1 1 1 1 1 1 100 1 1 1 1 1 1 1 1 1 1 1 1 1 1 1 1 1 1 100 1 100 1 1 1 1 1 1 1 1 1 1 1 1 1 1 1 1 1 1 1 1 1 1 1 1 1 1 1 1 1 1 1 1 1 1 1 1 1 1 1 1 1 1 1 1 1 1 1 1 1 1 1 100 1 1 16 15 10 12 16 15 10 12 16 15 10 12 16 1 15 10 100 12 1 1 1 1 1 100 1 1 1 1 1 100 1 100 1 1
staticfield jdk/internal/loader/BuiltinClassLoader packageToModule Ljava/util/Map; java/util/concurrent/ConcurrentHashMap
staticfield jdk/internal/loader/BuiltinClassLoader $assertionsDisabled Z 1
ciInstanceKlass jdk/internal/loader/ClassLoaders 1 1 183 10 100 12 1 1 1 10 7 12 1 1 1 10 12 1 1 10 100 12 1 1 1 9 7 12 1 1 1 9 12 1 1 9 12 1 1 7 1 11 100 12 1 1 1 100 1 11 12 1 1 11 12 1 1 10 100 12 1 1 1 10 100 12 1 1 1 100 1 100 1 10 7 12 1 1 1 9 12 1 1 10 12 1 1 7 1 10 12 1 1 10 12 1 7 1 8 1 10 7 12 1 1 1 10 12 1 1 7 1 10 12 1 10 12 1 10 12 1 8 1 10 7 12 1 1 8 1 8 1 10 12 1 7 1 10 12 1 10 12 1 10 12 1 1 1 1 1 1 1 1 1 1 1 1 1 1 1 1 1 1 1 1 100 1 1 1 1 1 1 1 1 1 1 1 1 1 1 1 1 1 1 1
staticfield jdk/internal/loader/ClassLoaders JLA Ljdk/internal/access/JavaLangAccess; java/lang/System$2
staticfield jdk/internal/loader/ClassLoaders BOOT_LOADER Ljdk/internal/loader/ClassLoaders$BootClassLoader; jdk/internal/loader/ClassLoaders$BootClassLoader
staticfield jdk/internal/loader/ClassLoaders PLATFORM_LOADER Ljdk/internal/loader/ClassLoaders$PlatformClassLoader; jdk/internal/loader/ClassLoaders$PlatformClassLoader
staticfield jdk/internal/loader/ClassLoaders APP_LOADER Ljdk/internal/loader/ClassLoaders$AppClassLoader; jdk/internal/loader/ClassLoaders$AppClassLoader
ciInstanceKlass jdk/internal/loader/ClassLoaders$AppClassLoader 1 1 119 8 1 10 7 12 1 1 1 10 7 12 1 1 1 10 100 12 1 1 1 10 12 1 1 10 100 12 1 1 1 10 12 1 1 10 12 1 1 7 1 8 1 10 12 10 7 12 1 1 1 10 100 12 1 1 10 12 1 1 10 12 1 1 10 7 12 1 1 1 100 1 10 12 1 1 1 1 1 1 1 1 1 1 1 1 1 1 1 1 1 1 1 1 1 100 1 1 1 1 1 1 1 1 1 1 1 1 1 1 1 1 1 1 1 100 1 1 1
ciInstanceKlass jdk/internal/loader/ClassLoaders$PlatformClassLoader 1 1 42 8 1 10 7 12 1 1 1 10 7 12 1 1 1 100 1 10 12 1 100 1 1 1 1 1 1 1 1 1 1 1 1 1 1 100 1 1 1 100 1 1
ciInstanceKlass java/security/CodeSource 1 1 398 10 7 12 1 1 1 9 7 12 1 1 1 9 12 1 1 9 12 1 1 9 12 1 1 10 7 12 1 1 1 9 12 1 1 10 100 12 1 1 10 100 10 100 12 1 1 1 10 100 12 1 1 1 10 12 1 1 100 1 10 10 100 12 1 1 1 10 100 12 1 1 1 10 12 1 1 100 1 10 12 1 1 10 12 1 1 10 12 1 1 10 12 1 10 10 10 12 1 1 10 100 12 1 1 1 10 12 1 10 12 1 10 12 1 8 1 10 12 1 10 12 1 10 12 1 1 10 12 1 8 1 10 12 1 1 10 100 1 10 10 12 1 1 8 1 10 12 1 10 12 1 10 12 1 8 1 8 1 9 12 1 1 100 1 8 1 10 12 1 10 12 1 1 8 1 10 12 1 8 1 8 1 8 1 10 100 12 1 1 10 12 1 1 10 12 1 10 12 1 1 10 12 1 1 10 12 1 1 100 1 100 1 10 12 1 10 12 10 12 1 1 10 100 12 1 1 10 12 1 100 1 10 12 10 100 12 1 1 1 10 8 1 10 12 1 10 12 1 10 12 1 1 100 1 10 12 1 1 100 1 100 1 8 1 8 1 10 10 12 1 1 10 100 12 1 1 1 100 1 10 12 10 12 1 1 11 100 12 1 1 10 10 12 1 11 10 12 1 8 1 100 1 10 12 1 10 12 1 1 10 12 1 11 12 1 1 100 1 1 1 1 5 0 1 1 1 1 1 1 1 1 1 1 1 1 1 1 1 1 1 1 1 1 1 1 1 1 1 1 1 1 1 1 1 1 1 1 1 1 1 1 1 1 1 1 1 1 1 1 1 1 1 1 1 1 1 1 1 1 1 1 1 1 1 1 1 1 1 1 100 1 1 1 1 1 1 1
ciInstanceKlass java/util/concurrent/ConcurrentMap 1 1 208 11 100 12 1 1 1 10 100 12 1 1 11 12 1 1 11 100 12 1 1 1 11 100 12 1 1 1 11 12 1 1 100 1 11 12 1 11 12 1 100 1 11 100 12 1 1 1 18 12 1 11 12 1 1 11 100 12 1 1 11 12 1 1 11 100 12 1 11 12 1 1 11 12 1 1 100 1 100 1 1 1 1 1 1 1 1 1 1 1 1 1 1 1 1 1 1 1 1 1 1 1 1 1 1 1 1 1 1 1 1 1 1 1 1 1 1 1 1 1 1 1 1 1 1 1 1 1 1 1 1 1 1 1 1 1 1 1 1 16 15 11 12 15 10 100 12 1 1 1 1 1 100 1 100 1 1 1 100 1 8 1 1 12 10 1 1 1 8 1 1 1 8 1 1 8 1 1 1 8 1 1 1 8 1 1 1 8 1 1 1 8 1 1 1 8 1 1 1 8 1 1 1 8 1 1 8 1
instanceKlass kotlin/collections/AbstractMutableMap
instanceKlass java/util/Collections$SingletonMap
instanceKlass org/jetbrains/kotlin/protobuf/SmallSortedMap
instanceKlass org/jetbrains/kotlin/com/intellij/util/containers/ConcurrentRefHashMap
instanceKlass org/jetbrains/kotlin/com/intellij/util/containers/RefHashMap
instanceKlass java/util/EnumMap
instanceKlass java/util/TreeMap
instanceKlass java/util/IdentityHashMap
instanceKlass java/util/WeakHashMap
instanceKlass java/util/Collections$EmptyMap
instanceKlass sun/util/PreHashedMap
instanceKlass java/util/HashMap
instanceKlass java/util/ImmutableCollections$AbstractImmutableMap
instanceKlass java/util/concurrent/ConcurrentHashMap
ciInstanceKlass java/util/AbstractMap 1 1 196 10 7 12 1 1 1 10 7 12 1 1 1 11 7 12 1 1 1 10 11 12 1 1 11 7 12 1 1 1 11 12 1 1 7 1 11 12 1 10 12 1 1 11 12 1 100 1 10 11 12 1 11 7 1 10 12 1 1 11 12 1 9 12 1 1 7 1 10 12 1 9 12 1 1 100 1 10 11 11 12 1 1 11 12 1 100 1 100 1 11 12 1 8 1 100 1 10 10 12 1 1 8 1 10 12 1 10 12 1 1 10 12 1 1 1 1 1 1 1 1 1 1 1 1 1 1 1 1 1 1 1 1 1 1 1 1 1 1 1 1 1 1 1 1 1 1 1 1 1 1 1 1 100 1 1 1 1 1 1 1 100 1 1 1 1 1 1 1 1 1 100 1 1 1 1 1 1 1 1 1 100 1 100 1 100 1 100 1 100 1 1 1 1 1 1
ciInstanceKlass java/util/concurrent/ConcurrentHashMap 1 1 1210 7 1 7 1 3 10 12 1 1 3 100 1 10 7 12 1 1 1 100 1 10 100 12 1 1 1 100 1 11 12 1 1 11 12 1 11 12 1 1 9 12 1 1 9 12 1 1 9 12 1 10 7 12 1 1 1 7 1 10 12 1 1 10 12 1 1 10 7 12 1 1 1 4 10 12 1 9 12 1 10 12 1 1 100 1 10 5 0 10 12 1 10 12 1 1 5 0 10 12 1 1 10 12 1 9 12 1 1 10 12 1 1 9 12 1 9 12 1 1 10 12 1 1 9 12 1 10 12 1 1 9 12 1 1 10 12 1 1 100 1 10 100 1 10 12 1 10 12 1 1 10 12 1 1 10 12 1 1 10 12 1 10 12 1 1 10 12 1 1 100 1 10 12 1 1 7 1 100 1 8 1 10 12 1 10 12 1 1 10 12 1 1 11 100 12 1 1 10 12 1 1 11 12 1 1 11 100 12 1 1 1 11 100 12 1 1 1 11 12 1 100 1 11 12 1 11 12 1 10 12 1 1 10 12 1 1 9 12 1 1 10 100 12 1 1 1 9 10 12 1 1 9 12 1 10 12 1 1 5 0 9 12 1 1 7 1 10 12 1 9 12 1 1 7 1 10 12 1 9 12 1 100 1 10 100 1 10 10 12 1 1 8 1 10 12 1 10 12 1 1 11 100 1 10 12 1 10 100 12 1 1 1 8 1 10 100 12 1 1 1 8 1 10 12 1 8 1 10 12 1 10 12 1 1 10 100 12 1 1 10 12 1 10 12 1 10 12 1 9 12 1 9 10 12 1 9 12 1 1 11 100 12 1 1 1 11 7 12 1 1 1 100 1 10 12 11 100 12 1 1 10 11 7 12 1 10 12 1 100 1 10 12 1 100 1 10 10 9 7 12 1 1 1 10 12 3 10 100 12 1 1 9 12 1 10 12 1 1 9 12 1 1 9 12 1 10 12 1 1 10 100 12 1 1 9 12 1 9 7 12 1 1 10 12 1 1 10 12 1 3 9 12 1 9 12 1 10 12 1 1 7 1 9 3 9 12 1 100 1 10 12 1 9 12 1 10 12 1 9 12 1 10 12 1 9 12 1 10 100 12 1 1 1 100 10 12 1 100 1 5 0 10 100 12 1 1 100 1 10 12 1 1 10 12 1 10 12 1 100 1 10 12 1 10 100 1 100 1 10 10 12 1 10 100 1 10 12 1 10 100 1 10 12 1 10 100 1 10 12 1 1 100 1 10 12 1 10 10 12 1 100 1 10 12 1 10 10 12 1 100 1 10 12 1 10 100 1 10 12 1 10 100 1 10 12 1 10 100 1 10 12 1 10 100 1 10 12 1 10 100 1 10 12 1 10 100 1 10 12 1 10 100 1 10 12 1 10 100 1 10 10 100 1 10 10 100 1 10 10 100 1 10 12 1 10 100 1 10 12 1 10 100 1 10 12 1 10 100 1 10 12 1 10 100 1 10 12 1 10 100 1 10 10 100 1 10 10 100 1 10 10 100 1 10 12 1 10 100 1 10 12 1 10 100 1 10 12 1 10 100 1 10 12 1 10 100 1 10 12 1 10 10 12 1 10 7 12 1 1 1 10 12 1 7 1 7 1 10 12 1 9 12 1 1 9 12 1 1 10 12 1 1 8 10 12 1 1 8 8 8 8 7 10 12 1 1 10 12 1 100 1 8 1 10 7 1 100 1 100 1 1 1 5 0 1 1 3 1 3 1 1 1 1 3 1 3 1 3 1 1 1 1 1 3 1 3 1 3 1 1 1 1 1 1 1 1 1 1 1 1 1 1 1 1 1 1 1 1 1 1 1 1 1 100 1 1 1 1 1 1 1 1 1 1 1 1 1 1 1 1 1 1 1 1 1 1 1 1 1 1 1 1 1 1 1 1 1 1 1 1 1 1 1 1 1 1 1 1 1 1 1 1 1 1 1 1 1 1 1 1 1 1 1 1 1 1 1 1 1 1 1 1 1 1 1 1 1 1 1 1 1 1 1 1 1 1 1 1 100 1 1 1 1 1 1 1 1 1 1 1 100 1 1 1 1 1 1 1 1 1 1 1 1 1 1 1 1 1 1 1 1 1 1 1 1 1 1 1 1 1 1 1 1 1 1 1 1 1 1 1 1 1 1 1 1 1 1 1 1 1 1 1 1 1 1 1 1 1 1 1 1 1 1 1 1 1 1 1 1 1 1 1 1 1 1 1 1 1 1 1 1 1 1 1 1 1 1 1 1 1 1 1 1 1 1 1 1 1 1 1 1 1 1 1 1 1 1 1 1 1 1 1 1 1 1 1 1 1 1 1 1 1 1 1 1 1 1 1 1 1 1 1 1 1 1 1 1 1 1 1 1 1 1 1 1 1 1 1 1 1 1 1 1 1 1 1 1 1 1 1 1 1 1 1 1 1 1 1 1 1 1 1 1 1 1 1 1 1 1 1 1 1 1 1 1 1 1 1 1 1 1 1 1 1 1 1 1 1 1 1 1 1 1 1 1 1 1 1 1 1 1 1 1 1 1 1 1 1 1 1 1 1 1 1 100 1 100 1 100 1 100 1 100 1 100 1 100 1 100 1 100 1 1 1 1 1 1 1 1 1 1 1 1 1 1 1 1 1 1 1 1 1 1 1 1 1 1 1 1 1 1 1 1 1 1 1 1 1 1 1 1 1 1 1 1 1 1 1 1 1 1 1 1 1 1 1 1 1 1
staticfield java/util/concurrent/ConcurrentHashMap NCPU I 8
staticfield java/util/concurrent/ConcurrentHashMap serialPersistentFields [Ljava/io/ObjectStreamField; 3 [Ljava/io/ObjectStreamField;
staticfield java/util/concurrent/ConcurrentHashMap U Ljdk/internal/misc/Unsafe; jdk/internal/misc/Unsafe
staticfield java/util/concurrent/ConcurrentHashMap SIZECTL J 20
staticfield java/util/concurrent/ConcurrentHashMap TRANSFERINDEX J 32
staticfield java/util/concurrent/ConcurrentHashMap BASECOUNT J 24
staticfield java/util/concurrent/ConcurrentHashMap CELLSBUSY J 36
staticfield java/util/concurrent/ConcurrentHashMap CELLVALUE J 144
staticfield java/util/concurrent/ConcurrentHashMap ABASE I 16
staticfield java/util/concurrent/ConcurrentHashMap ASHIFT I 2
ciInstanceKlass java/lang/Iterable 1 1 62 10 7 12 1 1 1 11 7 12 1 1 1 11 7 12 1 1 1 11 12 1 1 11 7 12 1 1 1 10 100 12 1 1 1 100 1 1 1 1 1 1 1 1 1 1 1 1 1 1 1 1 1 1 1 1 1 1 1 1 1 1
ciInstanceKlass java/util/Collection 1 1 115 11 100 12 1 1 1 100 1 11 7 12 1 1 1 10 100 12 1 1 1 11 12 1 1 11 100 12 1 1 1 11 12 1 1 11 100 12 1 1 1 11 12 1 1 10 100 12 1 1 1 11 12 1 10 7 12 1 1 1 100 1 100 1 1 1 1 1 1 1 1 1 1 1 1 1 1 1 1 1 1 1 1 1 1 1 1 1 1 1 1 1 1 1 1 1 1 1 1 1 1 1 1 1 1 1 1 1 1 1 1 1 1 1 1
ciInstanceKlass java/util/SequencedCollection 1 1 109 100 1 10 12 1 1 11 100 12 1 1 1 11 100 12 1 1 1 11 12 1 1 11 12 1 100 1 100 1 1 1 1 1 1 1 1 1 1 1 1 1 1 1 1 1 1 1 1 1 1 1 1 1 1 1 1 1 100 1 8 1 1 12 10 1 1 1 8 1 1 1 8 1 1 1 8 1 1 1 8 1 1 8 1 1 1 8 1 1 8 1 1 1 8 1 1 8 1 1 1 8 1 1 8 1 1 8 1
ciInstanceKlass java/util/List 1 1 251 10 100 12 1 1 1 11 100 12 1 1 1 11 100 12 1 1 1 11 12 1 1 11 100 12 1 1 11 12 1 1 11 12 1 1 10 100 12 1 1 1 100 1 100 1 10 12 1 1 100 1 10 100 12 1 1 1 11 12 1 1 11 12 1 11 12 1 100 1 10 12 1 11 12 1 1 11 12 1 1 11 12 1 10 100 12 1 1 1 9 7 12 1 1 1 7 1 10 12 10 12 1 7 1 10 12 1 1 10 12 1 10 12 1 1 11 12 1 1 100 1 1 1 1 1 1 1 1 1 1 1 1 1 1 1 1 1 1 1 1 1 1 1 1 1 1 1 1 1 1 1 1 1 1 1 1 1 1 1 1 1 1 1 1 100 1 100 1 1 1 1 1 1 1 1 1 1 1 1 1 1 1 1 1 1 1 1 1 1 1 1 1 1 1 1 1 1 1 1 1 1 1 1 1 1 1 1 1 1 1 1 1 1 1 1 1 1 1 1 1 1 1 1 1 1 1 1 1 1 1 1 1 1 1 1 1 1 1 1 1 1 1 1 100 1 1 100 1 1 1
ciInstanceKlass java/util/RandomAccess 1 0 7 100 1 100 1 1 1
instanceKlass org/jetbrains/kotlin/com/google/common/collect/ImmutableCollection
instanceKlass org/jetbrains/kotlin/it/unimi/dsi/fastutil/ints/AbstractIntCollection
instanceKlass org/jetbrains/kotlin/it/unimi/dsi/fastutil/objects/AbstractObjectCollection
instanceKlass org/jetbrains/kotlin/com/intellij/util/containers/UnsafeWeakList
instanceKlass java/util/AbstractQueue
instanceKlass org/jetbrains/kotlin/com/google/common/collect/Multimaps$Entries
instanceKlass org/jetbrains/kotlin/com/google/common/collect/AbstractMapBasedMultimap$WrappedCollection
instanceKlass java/util/HashMap$Values
instanceKlass java/util/LinkedHashMap$LinkedValues
instanceKlass org/jetbrains/kotlin/com/intellij/util/containers/ImmutableList
instanceKlass java/util/ArrayDeque
instanceKlass java/util/AbstractSet
instanceKlass java/util/ImmutableCollections$AbstractImmutableCollection
instanceKlass java/util/AbstractList
ciInstanceKlass java/util/AbstractCollection 1 1 160 10 7 12 1 1 1 10 7 12 1 1 1 10 12 1 1 11 7 12 1 1 1 11 12 1 1 10 12 1 1 10 100 12 1 1 1 10 12 1 1 10 12 1 1 10 7 12 1 1 10 7 12 1 1 1 7 1 10 100 12 1 1 1 10 100 12 1 1 1 100 1 10 11 12 1 11 7 1 10 12 1 10 12 1 10 7 12 1 1 1 11 8 1 7 1 10 10 12 1 1 8 1 10 12 1 10 12 1 1 1 1 1 1 1 1 1 1 1 1 1 1 1 1 1 1 1 1 1 1 1 1 1 1 1 1 1 1 1 1 1 1 1 1 1 1 1 1 1 1 1 1 1 1 1 1 1 1 1 1
instanceKlass org/jetbrains/kotlin/com/intellij/lang/impl/PsiBuilderImpl$1
instanceKlass java/util/AbstractList$SubList
instanceKlass org/jetbrains/kotlin/com/intellij/lang/impl/PsiBuilderImpl$RelativeTokenTypesView
instanceKlass java/util/AbstractSequentialList
instanceKlass kotlin/collections/AbstractMutableList
instanceKlass org/jetbrains/kotlin/protobuf/UnmodifiableLazyStringList
instanceKlass org/jetbrains/kotlin/protobuf/LazyStringArrayList
instanceKlass java/util/ArrayList$SubList
instanceKlass org/jetbrains/kotlin/com/intellij/util/containers/DisposableWrapperList
instanceKlass org/jetbrains/kotlin/com/intellij/util/SmartList
instanceKlass java/util/Vector
instanceKlass java/util/Collections$SingletonList
instanceKlass org/jetbrains/kotlin/utils/SmartList
instanceKlass java/util/Arrays$ArrayList
instanceKlass java/util/Collections$EmptyList
instanceKlass java/util/ArrayList
ciInstanceKlass java/util/AbstractList 1 1 218 10 7 12 1 1 1 9 7 12 1 1 1 10 12 1 1 10 12 1 1 100 1 10 10 12 1 1 11 7 12 1 1 1 11 12 1 1 11 12 1 10 100 12 1 1 1 10 12 1 11 12 1 11 12 1 11 12 1 10 12 1 1 10 12 1 1 11 100 12 1 1 1 11 100 1 11 7 1 10 12 1 7 1 10 12 1 10 12 1 1 7 1 7 1 10 12 1 100 1 10 100 1 100 1 10 8 1 10 12 1 1 10 12 1 10 12 1 1 10 12 1 8 1 100 1 8 1 8 1 8 1 10 100 1 11 10 10 12 1 11 12 1 10 12 1 1 8 1 8 1 1 1 1 1 1 1 1 1 1 1 1 1 1 1 1 1 1 1 1 1 1 1 1 1 1 1 1 1 1 1 1 1 1 1 1 1 1 1 1 1 1 1 1 1 1 1 1 1 1 1 1 1 1 1 1 1 1 100 1 100 1 1 1 1 1 1 1
instanceKlass org/jetbrains/kotlin/com/intellij/util/containers/Stack
instanceKlass org/jetbrains/kotlin/config/MavenComparableVersion$ListItem
ciInstanceKlass java/util/ArrayList 1 1 509 10 7 12 1 1 1 7 1 9 7 12 1 1 1 9 12 1 100 1 100 1 10 8 1 10 12 1 1 10 12 1 10 12 1 1 10 12 1 9 12 1 11 7 12 1 1 1 9 12 1 1 11 12 1 1 7 10 7 12 1 1 1 9 12 1 10 12 1 10 12 1 1 10 7 12 1 1 1 10 7 12 1 1 1 10 12 1 1 10 12 1 1 10 12 1 1 10 12 1 10 12 1 1 100 1 100 1 10 12 1 10 10 7 12 1 1 1 10 7 12 1 1 10 12 1 100 1 10 10 12 10 12 1 1 10 12 1 1 10 12 1 10 12 10 12 1 1 7 1 10 12 1 1 10 12 1 1 10 12 1 100 1 10 11 12 1 1 11 100 12 1 1 1 11 12 1 10 12 1 10 12 1 10 12 1 1 100 1 10 12 1 1 10 10 12 1 1 10 12 1 8 1 8 1 8 1 8 1 10 12 1 1 10 12 1 1 11 12 1 100 1 10 100 12 1 1 10 12 1 10 12 1 1 10 100 12 1 1 10 12 1 10 100 12 1 1 1 11 100 12 1 1 1 10 12 1 100 1 8 1 10 7 1 10 12 1 7 1 10 12 1 10 12 1 1 7 1 10 12 1 10 12 1 1 11 100 12 1 1 100 1 10 12 1 10 12 1 1 11 100 12 1 1 10 12 1 1 10 12 1 1 10 12 1 1 10 12 1 1 11 7 12 1 1 10 12 1 1 100 1 100 1 100 1 1 1 1 5 0 1 3 1 1 1 1 1 1 1 1 1 1 1 1 1 1 1 1 1 1 1 1 1 1 1 1 1 1 1 1 1 1 1 1 1 1 1 1 1 1 1 1 1 1 1 1 1 1 1 1 1 1 1 1 1 1 1 1 1 1 1 1 1 1 1 1 1 1 1 1 1 1 1 1 1 1 1 1 1 1 1 1 1 1 1 1 1 1 1 1 1 1 1 1 1 1 1 1 1 1 1 1 1 1 1 1 100 1 1 1 1 100 1 1 1 1 1 1 1 1 1 1 1 1 1 1 1 1 1 1 1 1 1 1 1 1 1 1 1 1 1 100 1 1 1 1 1 1 1 1 1 1 1 1 1 1 1 1 1 1 100 1 100 1 1 1 1 1 1
staticfield java/util/ArrayList EMPTY_ELEMENTDATA [Ljava/lang/Object; 0 [Ljava/lang/Object;
staticfield java/util/ArrayList DEFAULTCAPACITY_EMPTY_ELEMENTDATA [Ljava/lang/Object; 0 [Ljava/lang/Object;
ciInstanceKlass java/lang/StackTraceElement 0 0 235 10 100 12 1 1 1 10 100 12 1 1 9 12 1 1 9 12 1 1 9 12 1 9 12 1 8 1 10 100 12 1 1 1 100 1 9 12 1 8 1 9 12 1 9 12 1 9 12 1 1 10 12 1 1 10 12 1 8 1 10 100 12 1 1 1 100 1 10 12 1 10 12 1 1 10 12 1 10 12 1 1 10 12 1 10 12 1 10 10 12 1 8 1 10 12 1 10 12 1 1 10 12 1 1 10 12 1 10 12 1 10 12 1 9 12 1 1 10 100 12 1 1 1 10 12 1 1 100 1 10 12 1 1 10 100 12 1 1 10 100 12 1 1 1 10 100 12 1 1 10 100 12 1 1 10 10 12 1 1 10 12 1 1 10 12 1 1 10 12 1 100 1 1 1 1 1 1 1 3 1 3 1 1 5 0 1 1 1 1 1 1 1 1 1 1 1 1 1 1 1 1 1 1 1 1 1 1 1 1 1 1 1 1 1 100 1 100 1 1 1 1 1 1 1 100 1 1 1 1 1 1 1 1 1
instanceKlass java/nio/CharBuffer
instanceKlass java/nio/IntBuffer
instanceKlass java/nio/LongBuffer
instanceKlass java/nio/ByteBuffer
ciInstanceKlass java/nio/Buffer 1 1 256 100 1 10 7 12 1 1 1 9 7 12 1 1 1 9 12 1 9 12 1 1 9 12 1 9 12 1 1 10 12 1 1 10 12 1 1 10 12 100 1 100 1 10 8 1 10 12 1 1 10 12 1 8 1 8 1 10 12 1 1 10 12 1 8 1 9 12 1 1 100 1 8 1 10 12 1 8 1 8 1 9 12 10 12 1 8 1 8 1 8 1 10 12 1 8 1 8 1 8 1 100 1 10 100 1 10 100 1 10 9 12 1 1 10 7 12 1 1 1 100 1 10 12 1 1 10 12 1 10 100 12 1 1 10 7 12 1 1 1 10 7 12 1 1 1 9 12 1 1 10 7 12 1 1 1 9 12 1 1 7 1 10 10 12 1 1 7 1 10 10 7 12 1 1 1 1 1 3 1 1 1 1 1 1 1 1 1 1 1 1 1 1 100 1 1 1 1 1 1 1 100 1 1 1 1 1 1 1 1 1 1 1 1 1 1 1 1 1 1 1 1 1 1 1 1 1 1 1 1 1 1 1 1 1 1 1 1 1 1 1 100 1 100 1 100 1 100 1 100 1 100 1 100 1 1
staticfield java/nio/Buffer UNSAFE Ljdk/internal/misc/Unsafe; jdk/internal/misc/Unsafe
staticfield java/nio/Buffer SCOPED_MEMORY_ACCESS Ljdk/internal/misc/ScopedMemoryAccess; jdk/internal/misc/ScopedMemoryAccess
staticfield java/nio/Buffer IOOBE_FORMATTER Ljava/util/function/BiFunction; jdk/internal/util/Preconditions$4
staticfield java/nio/Buffer $assertionsDisabled Z 1
ciInstanceKlass java/lang/StackWalker 0 0 271 9 100 12 1 1 1 100 1 10 100 12 1 1 1 10 12 1 1 10 100 12 1 1 1 10 12 1 1 10 12 1 11 100 12 1 1 1 10 12 1 1 10 12 1 1 10 12 1 1 100 1 8 1 10 12 1 10 12 1 10 12 1 10 100 12 1 1 9 12 1 1 9 12 1 1 9 12 1 1 9 12 1 1 10 12 1 1 9 12 1 1 9 12 1 1 9 12 1 1 10 100 12 1 1 1 11 12 1 1 100 1 8 1 10 10 100 12 1 1 9 12 1 1 10 12 1 1 10 100 12 1 1 1 10 100 12 1 1 1 18 12 1 1 100 1 8 1 10 8 1 10 12 1 1 10 100 12 1 1 1 10 12 1 1 9 100 12 1 1 11 100 12 1 1 1 10 12 1 1 1 1 1 1 1 1 1 1 1 1 1 1 1 1 1 1 1 1 1 1 1 1 1 1 1 1 1 1 1 1 1 1 1 1 1 1 1 1 1 1 1 1 1 1 1 1 1 1 1 1 1 1 1 1 1 1 1 1 1 1 1 1 1 1 100 1 1 16 15 10 12 16 1 15 10 100 12 1 1 1 1 1 1 1 1 1 100 1 100 1 1
ciInstanceKlass java/lang/StackStreamFactory$AbstractStackWalker 1 0 375 100 1 100 1 3 10 100 12 1 1 1 10 100 12 1 1 10 100 12 1 1 1 9 12 1 1 10 12 1 1 9 12 1 1 9 12 1 1 9 12 1 1 9 12 1 10 100 12 1 1 1 10 12 1 1 10 100 12 1 1 9 12 1 1 9 12 1 1 10 12 1 1 9 100 12 1 1 1 10 12 1 1 10 12 1 9 12 1 1 10 100 12 1 1 1 10 12 1 1 9 12 1 1 9 100 12 1 1 1 100 1 10 8 1 10 12 1 1 10 12 1 8 1 10 12 1 1 10 100 12 1 1 1 100 1 8 1 10 12 1 8 1 10 12 10 100 12 1 1 9 12 1 8 1 5 0 8 1 8 1 9 12 1 1 10 12 1 1 18 12 1 1 10 100 12 1 1 1 10 12 1 1 10 12 1 10 12 1 9 12 1 10 12 1 10 12 1 10 12 1 10 12 1 10 12 1 10 12 1 1 8 1 10 12 1 10 12 1 10 12 1 10 12 1 1 8 1 10 12 1 1 10 12 1 1 10 12 1 1 10 12 1 10 12 1 10 100 12 1 1 1 10 12 1 10 12 1 9 12 1 8 1 10 12 1 10 12 1 10 12 1 1 10 12 1 10 12 1 10 12 1 1 10 12 1 10 12 1 10 12 1 10 12 1 10 12 1 10 12 1 1 10 12 1 1 10 12 1 8 1 1 1 1 1 1 1 1 1 1 1 1 1 100 1 1 1 1 1 1 1 100 1 1 1 1 100 1 1 1 1 1 1 1 1 1 1 1 1 1 1 1 1 1 1 1 16 15 15 10 100 12 1 1 1 1 1 1 1 1 100 1 100 1 1
ciInstanceKlass java/lang/StackWalker$StackFrame 0 0 41 100 1 10 12 1 1 100 1 100 1 1 1 1 1 1 1 1 1 1 1 1 1 1 1 1 1 1 1 1 1 1 1 1 1 1 1 100 1 1 1
instanceKlass java/lang/LiveStackFrameInfo
ciInstanceKlass java/lang/StackFrameInfo 0 0 142 10 100 12 1 1 1 9 100 12 1 1 1 9 100 1 9 12 1 1 11 100 12 1 1 1 9 12 1 1 11 12 1 1 10 12 1 1 10 100 12 1 1 1 10 12 1 11 12 1 11 12 1 1 11 12 1 10 12 1 1 9 12 1 1 10 12 1 1 10 100 12 1 1 10 12 1 1 11 12 1 1 9 12 1 1 10 100 1 10 12 1 9 12 1 1 10 12 1 1 100 1 8 1 10 12 1 10 100 12 1 1 1 100 1 1 1 1 1 1 1 1 1 1 1 1 1 1 1 1 1 1 100 1 1 100 1 1 1 1 1 1
ciInstanceKlass java/lang/LiveStackFrame 0 0 135 100 1 10 100 12 1 1 1 11 100 12 1 1 1 11 12 1 10 100 12 1 1 1 100 1 8 1 10 12 1 1 10 100 12 1 1 1 9 100 12 1 1 1 10 100 12 1 1 1 10 100 12 1 1 1 11 12 1 10 12 1 100 1 100 1 1 1 1 1 1 1 1 1 1 1 1 1 1 1 1 1 1 1 1 1 1 1 1 1 1 1 1 100 1 1 1 1 1 1 1 100 1 8 1 1 12 10 1 1 1 8 1 1 1 8 1 1 1 8 1 1 1 8 1 1 8 1 1 1 8 1 1 8 1
ciInstanceKlass java/lang/LiveStackFrameInfo 0 0 97 10 100 12 1 1 1 9 100 12 1 1 1 9 12 1 9 12 1 9 12 1 9 12 1 1 100 1 10 12 1 1 10 12 1 8 1 10 12 1 1 8 1 8 1 8 1 10 100 1 10 12 1 100 1 10 12 1 100 1 100 1 1 1 3 1 3 1 1 1 1 1 1 1 1 1 1 1 1 1 1 1 1 1 1 1 1 1 1 1 1 1 1 1 100 1 1
instanceKlass java/util/concurrent/locks/AbstractQueuedSynchronizer
ciInstanceKlass java/util/concurrent/locks/AbstractOwnableSynchronizer 1 1 32 10 7 12 1 1 1 9 7 12 1 1 1 100 1 1 1 1 5 0 1 1 1 1 1 1 1 1 1 1 1 1
ciInstanceKlass java/lang/Boolean 1 1 152 10 7 12 1 1 1 9 7 12 1 1 1 10 12 1 1 10 12 1 8 1 10 7 12 1 1 9 12 1 1 9 12 1 10 12 1 1 10 12 1 1 10 12 1 1 10 7 12 1 1 1 100 1 100 1 10 12 1 1 9 100 12 1 1 9 12 10 100 12 1 1 1 10 12 1 1 8 1 10 7 12 1 1 1 9 12 1 1 100 1 100 1 100 1 1 1 1 1 1 5 0 1 1 1 1 1 1 1 1 1 1 3 1 1 1 1 1 1 1 1 1 1 1 1 1 1 1 1 1 1 100 1 1 1 1 1 1 1 1 1 1 100 1 1 1 1 1 1 1 1 1
staticfield java/lang/Boolean TRUE Ljava/lang/Boolean; java/lang/Boolean
staticfield java/lang/Boolean FALSE Ljava/lang/Boolean; java/lang/Boolean
staticfield java/lang/Boolean TYPE Ljava/lang/Class; java/lang/Class
ciInstanceKlass java/lang/Character 1 1 604 7 1 100 1 100 1 9 12 1 1 8 1 9 12 1 1 100 1 9 12 1 1 10 100 12 1 1 1 10 100 12 1 1 1 10 100 12 1 1 1 10 7 12 1 1 1 9 7 12 1 1 1 10 12 1 10 12 1 1 10 12 1 1 10 100 12 1 1 10 12 1 1 3 3 3 3 3 10 12 1 1 10 12 1 3 11 7 12 1 1 1 11 12 1 1 10 12 1 1 10 12 1 1 100 1 10 10 12 1 3 10 12 1 1 10 12 1 10 12 1 1 100 1 8 1 10 12 1 1 10 12 1 10 12 1 10 12 1 10 100 12 1 1 1 10 12 1 10 12 1 10 12 1 1 10 12 1 10 7 12 1 1 10 10 12 1 10 10 12 1 10 12 1 1 10 12 1 10 10 12 1 10 12 1 10 12 1 10 12 1 10 12 1 10 12 1 10 12 1 10 12 10 10 12 10 10 12 1 10 10 12 1 10 10 12 1 10 10 12 1 10 12 1 10 12 1 10 12 1 10 12 1 10 12 1 10 12 1 10 10 12 1 10 10 12 1 10 10 12 1 1 10 10 12 1 10 5 0 10 12 1 10 12 1 10 10 12 1 10 10 12 1 1 10 10 12 1 10 10 12 1 9 12 1 1 100 1 10 10 12 1 10 12 1 1 3 10 100 12 1 1 1 10 12 1 10 100 12 1 1 100 1 10 10 12 1 1 10 12 1 1 10 12 1 1 8 1 10 12 1 9 100 12 1 1 1 10 12 1 10 10 12 1 10 12 1 1 10 12 1 10 10 12 1 1 10 10 12 1 1 100 1 8 1 10 12 1 1 10 7 12 1 1 1 8 1 10 12 1 1 9 12 1 1 100 1 100 1 100 1 1 1 1 3 1 3 1 3 1 3 1 1 1 1 1 3 1 1 3 1 3 1 3 1 3 1 3 1 3 1 3 1 3 1 3 1 3 1 3 1 3 1 3 1 3 1 3 1 3 1 3 1 3 1 3 1 3 1 3 1 3 1 3 1 3 1 3 1 3 1 3 1 3 1 1 1 1 1 1 1 1 1 1 1 1 1 1 1 1 1 1 1 3 1 1 1 1 1 1 1 3 1 1 3 1 1 1 1 1 3 1 1 5 0 1 1 1 1 1 1 1 1 1 1 1 1 1 1 1 1 1 1 1 1 1 1 1 1 1 1 1 1 1 1 1 1 1 1 1 1 1 1 1 1 1 1 1 1 1 1 1 1 1 1 1 1 1 1 1 1 1 1 1 1 1 1 1 1 1 1 1 1 1 1 1 1 1 1 1 1 1 1 1 1 1 1 1 1 1 1 1 1 1 1 100 1 100 1 1 1 1 1 1
staticfield java/lang/Character TYPE Ljava/lang/Class; java/lang/Class
staticfield java/lang/Character $assertionsDisabled Z 1
instanceKlass java/math/BigInteger
instanceKlass java/util/concurrent/atomic/AtomicLong
instanceKlass java/util/concurrent/atomic/AtomicInteger
instanceKlass java/lang/Long
instanceKlass java/lang/Integer
instanceKlass java/lang/Short
instanceKlass java/lang/Byte
instanceKlass java/lang/Double
instanceKlass java/lang/Float
ciInstanceKlass java/lang/Number 1 1 37 10 7 12 1 1 1 10 100 12 1 1 1 100 1 1 1 1 5 0 1 1 1 1 1 1 1 1 1 1 1 1 1 1 1 1 1
ciInstanceKlass java/lang/Float 1 1 279 7 1 100 1 10 100 12 1 1 1 10 100 12 1 1 1 4 100 1 10 12 1 1 10 12 1 1 8 1 8 1 10 100 12 1 1 1 10 12 1 1 10 12 1 1 10 7 1 4 10 7 12 1 1 9 12 1 1 10 12 1 1 10 12 1 10 10 12 1 1 10 12 1 10 12 1 3 3 100 1 4 4 4 3 10 12 1 1 9 12 1 1 100 1 10 3 3 4 4 10 12 1 3 3 3 10 12 1 1 10 12 1 1 10 12 1 10 100 12 1 1 1 10 12 1 1 10 12 1 1 10 7 12 1 1 1 8 1 10 12 1 1 9 12 1 1 100 1 100 1 100 1 1 1 1 4 1 4 1 1 1 4 1 1 3 1 3 1 3 1 3 1 3 1 1 1 1 5 0 1 1 1 1 1 1 1 1 1 1 100 1 1 1 1 1 1 1 1 1 1 1 1 1 3 1 1 1 1 1 1 1 1 1 1 1 1 1 1 1 1 1 1 1 1 1 1 1 1 1 1 1 1 1 1 1 1 1 1 1 1 1 1 1 1 1 1 1 1 1 1 1 1 1 1 1 1 1 1 1 1 1 1 1 1 1 100 1 1 1 1 1 1 1 100 1 100 1 1
staticfield java/lang/Float TYPE Ljava/lang/Class; java/lang/Class
staticfield java/lang/Float $assertionsDisabled Z 1
ciInstanceKlass java/lang/Double 1 1 290 7 1 100 1 10 100 12 1 1 1 10 12 1 1 10 100 1 10 12 1 1 10 100 12 1 1 1 6 0 8 1 10 12 1 1 8 1 10 12 1 1 8 1 6 0 10 12 1 1 100 1 5 0 5 0 8 1 8 1 10 100 12 1 1 1 10 100 12 1 1 1 8 1 10 12 1 1 8 1 8 1 8 1 10 12 1 1 10 12 1 10 12 1 1 10 12 1 10 12 1 10 12 1 1 10 12 1 10 7 1 6 0 10 7 12 1 1 9 12 1 1 10 12 1 10 12 1 10 12 1 10 12 1 10 12 1 5 0 10 12 1 1 10 12 1 10 12 1 10 100 12 1 1 1 10 12 1 1 10 12 1 1 8 1 10 7 12 1 1 1 9 12 1 1 100 1 100 1 100 1 1 1 6 0 1 6 0 1 6 0 1 1 1 6 0 1 1 3 1 3 1 3 1 3 1 3 1 1 1 1 5 0 1 1 1 1 1 1 1 1 1 1 1 1 1 1 1 1 100 1 1 1 1 1 1 1 1 1 1 1 1 3 1 1 1 1 1 1 1 1 1 1 1 1 1 1 1 1 1 1 1 1 1 1 1 1 1 1 1 1 1 1 1 1 1 1 100 1 1 1 1 1 1 1 100 1 100 1 1
staticfield java/lang/Double TYPE Ljava/lang/Class; java/lang/Class
ciInstanceKlass java/lang/Byte 1 1 213 7 1 100 1 10 100 12 1 1 1 9 12 1 1 8 1 9 12 1 1 100 1 10 12 1 1 10 12 1 1 10 100 12 1 1 1 10 100 12 1 1 1 9 100 12 1 1 1 10 12 1 1 100 1 100 1 10 12 1 1 8 1 10 12 1 1 8 1 10 12 1 10 12 1 10 12 1 10 12 1 1 10 12 1 10 12 1 10 12 1 1 10 8 1 8 1 10 7 1 9 12 1 1 10 12 1 1 10 12 1 1 10 12 1 1 10 12 1 5 0 10 12 1 1 8 1 10 7 12 1 1 1 9 12 1 1 100 1 100 1 1 1 3 1 3 1 1 1 1 3 1 3 1 1 5 0 1 1 1 1 1 1 1 1 1 1 1 1 1 1 1 1 1 1 1 1 1 1 1 1 1 1 1 1 1 1 1 1 1 1 1 1 1 1 1 1 1 1 1 1 1 1 1 1 1 1 1 1 1 1 1 1
staticfield java/lang/Byte TYPE Ljava/lang/Class; java/lang/Class
ciInstanceKlass java/lang/Short 1 1 222 7 1 100 1 100 1 10 100 12 1 1 1 10 12 1 1 100 1 100 1 10 12 1 1 8 1 10 12 1 1 8 1 10 12 1 10 12 1 10 12 1 10 12 1 1 10 12 1 1 10 12 1 9 12 1 1 8 1 9 12 1 1 100 1 10 12 1 1 10 12 1 10 100 12 1 1 1 10 100 12 1 1 1 9 100 12 1 1 1 10 12 1 10 12 1 1 10 8 1 8 1 10 100 1 9 12 1 1 10 12 1 1 10 12 1 1 10 12 1 1 10 12 1 3 3 5 0 10 12 1 1 8 1 10 7 12 1 1 1 9 12 1 1 100 1 100 1 1 1 3 1 3 1 1 1 1 3 1 3 1 1 5 0 1 1 1 1 1 1 1 1 1 1 1 1 1 1 1 1 1 1 1 1 1 1 1 1 1 1 1 3 1 1 1 1 1 1 1 1 1 1 1 1 1 1 1 1 1 1 1 1 1 1 1 1 1 1 1 1 1 1
staticfield java/lang/Short TYPE Ljava/lang/Class; java/lang/Class
ciInstanceKlass java/lang/Integer 1 1 453 7 1 100 1 7 1 7 1 10 12 1 1 9 12 1 1 9 12 1 1 10 100 12 1 1 1 10 12 1 1 10 100 12 1 1 1 10 10 12 1 1 10 100 12 1 1 1 10 12 1 10 12 1 1 10 7 12 1 1 1 10 12 1 1 10 12 1 1 10 12 1 10 12 1 10 12 1 1 10 10 12 1 9 12 1 1 9 12 1 100 1 8 1 10 12 1 100 1 10 12 1 8 1 10 12 1 1 10 12 1 8 1 10 12 1 8 1 10 12 1 1 3 10 12 1 1 3 10 12 1 1 10 12 1 1 10 7 12 1 1 1 11 7 1 10 12 1 1 11 10 12 1 1 8 1 10 12 1 1 8 1 100 1 10 12 1 1 10 12 1 1 5 0 8 1 10 12 1 10 12 1 10 12 1 10 12 1 1 7 1 9 12 1 1 9 12 1 1 10 12 1 10 7 1 9 12 1 10 12 1 10 12 1 10 12 1 1 10 7 12 1 1 1 100 1 100 1 10 12 1 1 10 12 1 1 8 1 8 1 10 12 1 1 8 1 8 1 8 1 8 1 8 1 8 1 10 12 1 10 12 1 5 0 3 3 3 3 10 12 1 10 12 1 3 10 12 1 10 100 12 1 1 1 10 12 1 1 10 12 1 1 8 1 10 7 12 1 1 1 9 12 1 1 100 1 100 1 100 1 1 1 1 3 1 1 1 3 1 3 1 1 5 0 1 1 1 1 1 1 1 1 1 100 1 1 1 1 1 1 1 1 1 1 1 1 1 1 1 1 1 1 1 1 1 1 1 1 1 1 1 1 1 1 1 1 1 1 1 1 1 1 1 1 3 1 1 1 1 1 1 1 1 1 1 1 1 1 1 1 1 100 1 1 1 1 1 1 1 1 1 1 1 1 1 1 1 1 1 1 1 1 1 1 1 1 1 1 1 1 1 1 1 1 1 1 1 1 1 1 1 1 1 1 1 1 1 1 100 1 1 1 1 1 1 1 1 1 100 1 100 1 1
staticfield java/lang/Integer TYPE Ljava/lang/Class; java/lang/Class
staticfield java/lang/Integer digits [C 36
staticfield java/lang/Integer DigitTens [B 100
staticfield java/lang/Integer DigitOnes [B 100
ciInstanceKlass java/lang/Long 1 1 524 7 1 100 1 7 1 7 1 10 12 1 1 9 12 1 1 9 7 12 1 1 1 10 100 12 1 1 1 10 12 1 1 10 100 12 1 1 1 10 10 12 10 12 1 10 12 1 10 12 1 5 0 5 0 100 1 10 12 1 1 10 12 1 1 10 12 1 10 12 1 10 12 1 10 12 1 1 10 100 12 1 1 10 12 1 10 12 1 1 10 12 1 1 10 12 1 1 10 12 1 1 10 100 12 1 1 1 10 12 1 1 10 12 1 10 12 1 10 12 1 10 12 1 1 10 10 12 1 5 0 5 0 9 12 1 1 9 12 1 5 0 100 1 8 1 10 12 1 8 1 10 12 1 8 1 8 1 10 12 1 1 5 0 10 12 1 1 5 0 10 12 1 1 10 12 1 1 10 100 12 1 1 1 11 100 1 10 12 1 1 11 10 12 1 1 8 1 10 12 1 1 8 1 100 1 10 12 1 1 10 12 1 8 1 8 1 11 12 1 1 10 12 1 10 12 1 10 12 1 5 0 5 0 9 7 12 1 1 1 10 12 1 10 12 1 1 8 1 8 1 10 12 1 1 8 1 8 1 8 1 8 1 8 1 8 1 10 12 1 10 7 1 9 12 1 1 10 12 1 10 12 1 1 10 12 1 1 10 7 12 1 1 1 100 1 100 1 10 12 1 1 10 12 1 1 5 0 10 12 1 10 12 1 5 0 5 0 5 0 10 12 1 1 10 12 1 5 0 5 0 10 12 1 10 12 1 10 100 12 1 1 1 10 12 1 1 10 12 1 1 8 1 10 7 12 1 1 1 9 12 1 1 100 1 100 1 100 1 1 1 1 5 0 1 1 1 1 3 1 3 1 5 0 1 1 1 1 1 1 1 1 1 100 1 1 1 1 1 1 1 1 1 1 1 1 1 1 1 1 1 1 1 1 1 1 1 1 1 1 1 1 1 1 1 1 1 1 1 1 1 1 1 1 1 1 1 1 1 1 1 1 1 1 1 1 1 1 1 3 1 1 1 1 1 1 1 1 1 1 1 1 1 1 1 100 1 1 1 1 1 1 1 1 1 1 1 1 1 1 1 1 1 1 1 1 1 1 1 1 1 1 1 1 1 1 1 1 1 1 1 1 1 1 1 1 1 1 1 100 1 1 1 1 1 1 1 1 1 100 1 100 1 1
staticfield java/lang/Long TYPE Ljava/lang/Class; java/lang/Class
ciInstanceKlass java/util/Iterator 1 1 53 100 1 8 1 10 12 1 1 10 100 12 1 1 1 11 100 12 1 1 1 11 12 1 1 11 100 12 1 1 1 100 1 1 1 1 1 1 1 1 1 1 1 1 1 1 1 1 1 1 1 1 1
ciInstanceKlass java/lang/reflect/RecordComponent 0 0 196 10 100 12 1 1 1 9 100 12 1 1 1 9 12 1 1 9 12 1 10 12 1 1 10 12 1 1 10 100 12 1 1 1 10 12 1 1 9 12 1 1 10 12 1 1 10 12 1 1 10 12 1 10 100 12 1 1 10 100 12 1 1 9 12 1 1 10 100 12 1 1 1 11 100 12 1 1 1 10 9 100 12 1 1 1 10 100 12 1 1 1 9 12 1 1 10 100 12 1 1 1 10 12 1 1 11 100 12 1 1 10 100 12 1 1 100 1 9 12 1 9 12 1 1 9 12 1 10 100 12 1 1 1 10 12 1 1 10 12 1 1 100 1 10 10 12 1 10 12 1 1 8 1 10 12 1 10 12 1 9 12 1 100 1 1 1 1 1 1 1 1 1 1 1 1 1 1 1 1 1 1 1 1 1 1 100 1 1 1 1 1 1 100 1 1
ciInstanceKlass jdk/internal/vm/vector/VectorSupport 0 0 573 100 1 10 100 12 1 1 1 9 12 1 1 10 12 1 1 100 1 10 12 1 11 100 12 1 1 1 11 100 12 1 1 1 11 100 12 1 1 11 100 12 1 1 11 100 12 1 1 1 11 100 12 1 1 11 100 12 1 1 11 100 12 1 1 11 100 12 1 1 11 100 12 1 1 11 100 12 1 1 11 100 12 1 1 1 11 100 12 1 1 11 100 12 1 1 1 11 100 12 1 1 1 11 100 12 1 1 11 100 12 1 1 1 11 100 12 1 1 100 1 10 12 1 1 11 100 12 1 1 11 100 12 1 1 11 100 12 1 1 11 100 12 1 1 11 100 12 1 1 11 100 12 1 1 9 12 1 1 10 100 12 1 1 11 100 12 1 1 10 12 1 1 10 100 12 1 1 1 10 12 1 10 12 1 1 10 12 1 1 1 1 1 3 1 3 1 3 1 3 1 3 1 3 1 3 1 3 1 3 1 3 1 3 1 3 1 3 1 3 1 3 1 3 1 3 1 3 1 3 1 3 1 3 1 3 1 3 1 3 1 3 1 3 1 3 1 3 1 3 1 3 1 3 1 3 1 3 1 3 1 3 1 3 1 3 1 3 1 3 1 3 1 3 1 3 1 3 1 3 1 3 1 3 1 3 1 3 1 3 1 3 1 3 1 3 1 3 1 1 1 1 1 1 1 1 1 1 1 1 1 1 1 1 1 1 1 1 1 1 1 1 1 1 1 1 1 1 1 1 1 1 1 1 1 1 1 1 1 1 1 1 1 1 1 1 1 1 1 1 1 1 1 1 1 1 1 1 1 1 1 1 1 1 1 1 1 1 1 1 1 1 1 1 1 1 1 1 1 1 1 1 1 1 1 1 1 1 1 1 1 1 1 1 1 1 1 1 1 1 1 1 1 1 1 1 1 1 1 1 1 1 1 1 1 1 1 1 1 1 1 1 1 1 1 1 1 1 1 1 1 1 1 1 1 1 1 1 1 1 1 1 1 1 1 1 1 1 1 1 1 1 1 1 1 1 1 1 1 1 1 1 1 1 1 1 1 1 1 1 1 1 1 1 1 1 1 1 1 1 1 1 1 1 1 1 1 1 1 1 1 1 1 1 1 1 1 1 1 1 1 1 1 1 1 1 1 1 1 1 1 1 1 1 1 1 1 1 1 1 1 1 1 1 1 1 1 1 1 1 1 1 1 100 1 100 1 100 1 100 1 100 1 1 1 1 1 1 1 1 1 1 1 1 1 1 1 1 1 1 1 1 1 1 1 1 1 1 1 1 1 1 1
instanceKlass jdk/internal/vm/vector/VectorSupport$VectorShuffle
instanceKlass jdk/internal/vm/vector/VectorSupport$VectorMask
instanceKlass jdk/internal/vm/vector/VectorSupport$Vector
ciInstanceKlass jdk/internal/vm/vector/VectorSupport$VectorPayload 0 0 32 10 100 12 1 1 1 9 100 12 1 1 1 10 100 12 1 1 1 1 1 1 1 1 1 1 1 1 1 1 1 1
ciInstanceKlass jdk/internal/vm/vector/VectorSupport$Vector 0 0 28 10 100 12 1 1 1 100 1 1 1 1 1 1 1 1 1 1 1 1 1 1 1 100 1 1 1 1
ciInstanceKlass jdk/internal/vm/vector/VectorSupport$VectorMask 0 0 28 10 100 12 1 1 1 100 1 1 1 1 1 1 1 1 1 1 1 1 1 1 1 100 1 1 1 1
ciInstanceKlass jdk/internal/vm/vector/VectorSupport$VectorShuffle 0 0 28 10 100 12 1 1 1 100 1 1 1 1 1 1 1 1 1 1 1 1 1 1 1 100 1 1 1 1
ciInstanceKlass jdk/internal/vm/FillerObject 0 0 16 10 100 12 1 1 1 100 1 1 1 1 1 1 1 1
instanceKlass kotlin/KotlinNullPointerException
ciInstanceKlass java/lang/NullPointerException 1 1 52 10 100 12 1 1 1 10 12 1 9 100 12 1 1 1 10 12 1 1 9 12 1 1 10 12 1 1 10 12 1 1 1 1 5 0 1 1 1 1 1 1 1 1 100 1 100 1 100 1 1 1
ciInstanceKlass java/lang/ArithmeticException 1 1 26 10 100 12 1 1 1 10 12 1 100 1 1 1 1 5 0 1 1 1 1 1 1 1 1 1
ciInstanceKlass java/util/Set 1 1 144 100 1 10 100 12 1 1 1 9 7 12 1 1 1 7 1 10 12 1 1 10 12 1 7 1 7 1 10 12 1 7 1 7 1 11 7 12 1 1 1 11 12 1 1 7 1 10 12 1 10 12 1 1 11 12 1 1 1 1 1 1 1 1 1 1 1 1 1 1 1 1 1 1 1 1 1 1 1 1 1 1 1 1 1 1 1 1 1 1 1 1 1 1 1 1 1 1 1 1 1 1 1 1 1 1 1 1 1 1 1 1 1 1 1 1 1 1 1 1 1 1 1 1 1 1 1 1 1 1 1 1 1 1 1 1 1 1 1 1 1 1 1 1
ciInstanceKlass java/lang/StringLatin1 1 1 392 7 1 10 100 12 1 1 1 10 12 1 1 10 7 12 1 1 1 10 7 12 1 1 1 10 12 1 10 7 12 1 1 1 10 12 1 1 10 7 12 1 1 1 10 7 12 1 1 1 10 12 1 1 10 12 1 1 10 10 12 1 10 12 1 10 9 7 12 1 1 1 10 12 1 1 10 100 12 1 1 1 10 12 10 12 1 1 10 12 1 1 10 12 1 10 12 1 1 10 12 1 1 10 7 12 1 1 1 10 12 1 10 12 1 1 9 12 1 1 100 1 10 10 12 1 1 10 7 12 1 1 1 10 12 1 10 12 1 100 1 100 1 8 1 10 12 1 8 1 10 12 1 1 100 1 10 10 12 10 7 12 1 1 1 8 1 8 1 8 1 10 12 1 1 10 100 12 1 1 10 12 1 10 12 1 1 10 12 1 1 10 12 1 1 10 12 1 10 12 10 12 10 12 1 10 12 10 10 12 1 10 12 1 10 12 1 10 100 12 1 1 1 10 100 12 1 1 1 10 12 1 1 10 12 1 1 10 10 7 12 1 1 1 1 1 1 1 1 1 1 1 1 1 1 1 1 1 1 1 1 1 1 1 1 1 1 1 1 1 1 1 1 1 1 1 1 1 1 1 1 1 1 1 1 1 1 1 1 1 1 1 1 100 1 1 1 1 1 1 1 1 1 1 1 1 1 1 1 1 1 1 1 1 1 1 1 1 1 1 1 1 1 1 1 1 1 1 1 1 1 1 1 1 1 1 100 1 1 1 1 1 1 1 1 1 1 1 1 1 1 1 1 1 1 1 1 1 1 1 100 1 1 1 1 1 1 1 1 1 1 1 1 1 1 1 1 1 1 1 1 1 1 1 1 1 1 100 1 1 1 1
staticfield java/lang/StringLatin1 $assertionsDisabled Z 1
ciInstanceKlass java/lang/Math 1 1 460 7 1 10 100 12 1 1 1 10 7 12 1 1 1 10 12 1 10 12 1 10 12 1 10 12 1 10 12 1 6 0 6 0 10 12 1 10 12 1 10 12 1 10 12 1 10 12 1 10 12 1 1 10 12 1 10 12 1 10 12 1 10 12 1 10 12 1 10 7 12 1 1 1 100 1 3 3 3 10 7 12 1 1 1 100 1 5 0 5 0 5 0 5 0 5 0 9 100 12 1 1 1 10 100 12 1 1 1 100 1 8 1 10 12 1 8 1 10 12 1 1 10 12 1 1 100 1 5 0 5 0 100 1 3 5 0 3 5 0 10 12 1 10 12 1 10 12 1 10 12 1 10 12 1 8 1 10 12 1 8 1 10 12 1 1 10 12 1 1 9 12 1 1 9 12 1 100 1 100 1 10 10 12 1 1 8 1 10 12 1 10 12 1 1 10 10 12 1 10 12 1 10 12 1 10 12 1 1 8 1 8 1 10 12 1 1 10 12 1 10 12 10 12 10 12 1 10 12 1 10 12 1 10 12 1 10 12 6 0 10 12 1 9 12 1 1 100 1 10 10 12 1 100 1 10 12 1 10 12 1 1 10 12 1 10 12 1 10 12 10 12 1 1 10 12 1 1 10 12 1 1 10 12 6 0 10 12 1 1 10 12 10 12 1 4 10 12 1 10 12 1 10 12 10 12 1 10 12 1 10 12 1 10 12 1 10 12 1 10 12 1 5 0 6 0 4 6 0 4 6 0 4 10 12 1 9 12 1 1 10 12 9 12 1 10 7 12 1 1 1 4 6 0 1 1 6 0 1 6 0 1 6 0 1 1 1 1 1 1 1 1 1 1 1 1 1 1 1 1 1 1 1 1 1 1 1 1 1 1 1 1 1 1 1 1 1 1 1 1 1 1 1 1 1 1 1 1 1 1 1 1 1 1 1 1 1 1 1 1 1 1 1 1 1 1 1 1 1 1 1 1 1 1 1 1 1 1 1 1 1 1 1 1 1 1 1 1 1 1 1 1 1 1 1 1 1 1 1 1
staticfield java/lang/Math negativeZeroFloatBits J -2147483648
staticfield java/lang/Math negativeZeroDoubleBits J -9223372036854775808
staticfield java/lang/Math $assertionsDisabled Z 1
instanceKlass java/lang/ProcessEnvironment
instanceKlass java/util/LinkedHashMap
ciInstanceKlass java/util/HashMap 1 1 629 10 7 12 1 1 1 100 1 10 12 1 1 100 1 10 7 12 1 1 1 100 1 11 12 1 1 11 12 1 11 12 1 1 10 7 12 1 1 1 7 1 3 10 7 12 1 1 1 100 1 100 1 10 8 1 10 12 1 1 10 12 1 10 12 1 1 10 12 1 10 7 12 1 1 1 8 1 10 12 1 9 12 1 1 10 12 1 9 12 1 1 4 10 12 1 10 12 1 1 11 7 12 1 1 9 12 1 1 10 7 12 1 1 1 6 0 10 12 1 1 11 12 1 1 11 7 12 1 1 1 11 7 12 1 1 1 11 12 1 1 7 1 11 12 1 11 12 1 10 12 1 10 12 1 1 9 12 10 12 1 1 9 7 12 1 1 1 9 12 9 12 1 10 12 1 1 9 12 1 7 1 10 12 1 1 10 12 1 1 10 12 1 1 10 12 1 1 10 12 1 1 9 12 1 10 12 1 1 3 4 10 12 1 1 10 12 1 1 9 12 1 1 9 10 12 1 1 10 12 1 1 10 12 1 1 10 12 1 9 12 1 1 7 1 10 12 1 10 12 1 10 7 12 1 1 1 7 1 9 12 1 1 7 1 10 9 12 7 1 10 100 1 10 11 7 12 1 1 1 100 1 10 11 7 12 1 1 11 100 12 1 1 1 10 12 1 100 1 100 1 10 12 1 10 12 1 10 12 1 10 100 12 1 1 10 12 1 1 10 12 1 1 10 100 12 1 1 1 8 10 100 12 1 1 1 100 1 10 4 4 10 12 1 1 10 100 12 1 1 1 10 12 1 8 1 6 0 10 100 12 1 1 1 100 1 11 100 12 1 1 1 10 12 1 10 12 1 10 10 12 1 1 6 0 8 1 10 12 1 10 12 100 1 100 1 1 1 1 5 0 1 3 1 1 1 3 1 3 1 3 1 1 1 1 1 1 1 1 1 1 1 1 1 1 1 1 1 1 1 1 1 1 100 1 1 1 1 1 1 1 1 1 1 1 1 1 1 1 1 1 1 1 1 1 1 1 1 1 1 1 1 1 1 1 1 1 100 1 1 1 1 1 1 1 1 1 1 1 1 1 1 1 1 1 1 1 1 1 1 1 1 1 1 1 1 1 1 1 1 1 1 1 1 1 1 1 1 1 1 1 1 1 1 1 1 1 1 1 100 1 1 1 1 1 1 1 1 1 1 1 1 1 1 1 1 1 1 1 1 1 1 1 1 1 1 1 1 1 1 1 1 1 1 1 1 1 1 1 1 1 1 1 1 1 1 1 1 100 1 1 1 1 1 1 1 1 100 1 1 1 1 1 1 1 1 1 1 1 1 1 1 1 1 1 1 100 1 100 1 100 1 100 1 100 1 100 1 100 1 100 1 1 1 1 1 1 1 1 1 1 1 1 1 1 1 1 1 1
ciInstanceKlass jdk/internal/util/ArraysSupport 1 1 378 7 1 100 1 8 1 10 12 1 1 10 12 1 1 10 100 12 1 1 9 7 12 1 1 1 9 12 1 1 10 7 12 1 1 1 9 12 1 1 10 7 12 1 1 1 9 12 1 10 12 9 12 1 10 12 1 1 10 12 7 1 10 12 1 1 10 12 1 100 1 10 12 1 1 10 12 100 1 10 12 1 100 1 10 12 1 100 1 100 1 10 8 1 10 12 1 1 10 12 1 10 12 1 1 10 9 12 1 1 11 7 12 1 1 1 9 12 1 9 12 1 10 12 1 1 9 12 1 9 12 1 9 12 1 9 12 1 9 12 1 9 12 1 9 12 1 10 12 1 1 10 100 12 1 1 1 9 12 1 9 12 1 10 12 1 1 10 12 1 9 12 1 10 12 1 10 100 12 1 1 1 9 12 1 9 12 1 10 12 1 10 12 1 10 7 12 1 1 1 3 10 12 1 100 1 8 1 8 1 8 1 10 10 100 12 1 1 1 11 100 12 1 1 1 10 12 1 10 100 12 1 1 1 10 12 1 1 10 12 1 1 9 12 1 10 12 1 9 12 1 9 12 1 9 12 1 9 12 1 9 12 1 9 12 1 9 12 1 100 1 10 7 12 1 1 1 1 1 3 1 3 1 3 1 3 1 3 1 3 1 3 1 3 1 1 1 1 1 1 1 1 1 1 1 1 1 1 1 1 1 1 1 1 1 1 1 1 1 1 1 1 1 1 1 1 1 1 1 1 1 1 1 1 1 1 1 1 1 1 1 1 1 1 1 1 1 1 1 1 1 1 1 1 1 1 1 1 1 1 1 1 1 1 1 1 1 1 1 1 1 1 1 100 1 1 1 1
staticfield jdk/internal/util/ArraysSupport U Ljdk/internal/misc/Unsafe; jdk/internal/misc/Unsafe
staticfield jdk/internal/util/ArraysSupport BIG_ENDIAN Z 0
staticfield jdk/internal/util/ArraysSupport LOG2_ARRAY_BOOLEAN_INDEX_SCALE I 0
staticfield jdk/internal/util/ArraysSupport LOG2_ARRAY_BYTE_INDEX_SCALE I 0
staticfield jdk/internal/util/ArraysSupport LOG2_ARRAY_CHAR_INDEX_SCALE I 1
staticfield jdk/internal/util/ArraysSupport LOG2_ARRAY_SHORT_INDEX_SCALE I 1
staticfield jdk/internal/util/ArraysSupport LOG2_ARRAY_INT_INDEX_SCALE I 2
staticfield jdk/internal/util/ArraysSupport LOG2_ARRAY_LONG_INDEX_SCALE I 3
staticfield jdk/internal/util/ArraysSupport LOG2_ARRAY_FLOAT_INDEX_SCALE I 2
staticfield jdk/internal/util/ArraysSupport LOG2_ARRAY_DOUBLE_INDEX_SCALE I 3
staticfield jdk/internal/util/ArraysSupport LOG2_BYTE_BIT_SIZE I 3
staticfield jdk/internal/util/ArraysSupport JLA Ljdk/internal/access/JavaLangAccess; java/lang/System$2
ciInstanceKlass jdk/internal/util/Preconditions 1 1 194 10 100 12 1 1 1 11 100 12 1 1 1 11 100 12 1 1 1 100 1 100 1 10 7 12 1 1 1 10 12 1 8 1 100 1 10 100 12 1 1 1 10 12 1 1 8 1 8 1 10 100 12 1 1 7 1 10 12 1 8 1 10 100 12 1 1 1 8 1 10 12 1 1 10 12 1 1 11 12 1 8 1 8 1 11 12 1 1 8 1 8 1 8 1 10 12 1 1 10 12 1 1 10 12 1 10 12 1 10 12 1 10 12 7 1 10 10 12 1 1 9 12 1 1 7 1 10 9 12 1 7 1 10 9 12 1 1 1 1 1 1 1 1 1 1 1 1 1 1 1 1 1 1 1 1 1 1 1 1 1 1 1 1 1 1 1 1 1 1 1 1 1 1 1 1 1 1 1 1 1 1 1 1 1 1 1 1 1 1 1 1 1 1
staticfield jdk/internal/util/Preconditions SIOOBE_FORMATTER Ljava/util/function/BiFunction; jdk/internal/util/Preconditions$4
staticfield jdk/internal/util/Preconditions AIOOBE_FORMATTER Ljava/util/function/BiFunction; jdk/internal/util/Preconditions$4
staticfield jdk/internal/util/Preconditions IOOBE_FORMATTER Ljava/util/function/BiFunction; jdk/internal/util/Preconditions$4
ciInstanceKlass java/util/function/BiFunction 1 1 65 10 100 12 1 1 1 18 12 1 1 11 100 12 1 1 11 100 12 1 100 1 1 1 1 1 1 1 1 1 1 1 1 1 1 1 1 1 1 1 1 1 1 1 1 1 1 1 16 15 11 12 15 10 100 12 1 1 1 1 100 1 100 1 1
ciInstanceKlass jdk/internal/util/Preconditions$4 1 1 61 9 7 12 1 1 1 10 7 12 1 1 1 10 100 12 1 1 1 11 100 12 1 1 1 100 1 100 1 100 1 10 12 1 100 1 1 1 1 1 1 1 1 1 1 1 1 1 1 1 1 1 1 1 1 1 12 1 1 1 1
ciInstanceKlass java/util/Arrays 1 1 1029 10 7 12 1 1 1 10 100 12 1 1 1 10 7 12 1 1 1 10 12 1 10 12 1 10 12 1 10 12 1 10 12 1 10 12 1 10 100 12 1 1 1 100 1 100 1 10 8 1 10 12 1 1 10 12 1 8 1 8 1 10 12 1 1 10 12 1 100 1 10 12 1 9 100 12 1 1 1 10 7 12 1 1 100 1 10 12 1 1 10 7 12 1 1 10 7 12 1 1 1 100 1 10 12 1 10 12 1 1 7 1 9 7 12 1 1 1 10 12 1 1 10 100 12 1 1 10 12 1 10 12 1 1 10 12 1 10 12 1 1 100 1 11 12 1 1 10 12 1 10 7 12 1 1 1 10 12 10 12 1 10 12 1 10 12 10 12 1 11 100 12 1 1 1 10 7 12 1 1 1 100 1 10 12 1 10 100 1 10 12 1 10 100 1 10 12 1 10 100 1 10 12 1 10 10 12 1 1 10 12 1 10 12 1 10 12 1 10 12 1 10 12 1 10 100 12 1 1 1 10 12 1 10 100 12 1 1 1 10 12 1 10 12 1 10 7 12 1 1 1 10 12 1 10 12 1 10 12 1 10 12 1 10 12 1 10 12 1 10 12 1 10 12 1 10 12 1 10 12 1 10 12 1 10 12 1 10 12 1 10 12 1 10 12 1 10 12 1 1 10 12 1 1 10 7 12 1 1 1 10 7 1 10 100 1 10 7 1 10 100 1 10 100 1 10 100 1 10 100 1 10 100 1 10 12 1 8 1 10 12 1 1 10 12 1 1 10 12 1 1 10 12 1 1 10 12 1 1 10 12 1 1 10 12 1 1 10 12 1 1 10 12 1 1 7 1 10 12 10 12 1 1 10 12 1 10 12 1 1 10 12 1 1 9 100 12 1 1 1 10 12 1 9 100 1 10 12 1 9 100 1 10 12 1 9 100 1 10 12 1 9 100 1 10 12 1 9 100 1 10 12 1 9 10 12 1 10 12 1 10 12 1 9 12 1 100 1 10 10 12 1 1 10 12 1 10 12 1 10 12 1 10 12 1 10 12 1 10 12 1 10 12 1 10 12 1 10 12 1 8 1 8 1 10 12 1 10 12 1 8 1 10 12 1 10 12 1 10 12 1 10 100 12 1 1 1 3 10 100 1 10 10 12 1 1 11 100 12 1 1 10 12 1 1 10 12 1 10 12 1 10 12 1 10 12 1 10 12 1 10 12 1 10 12 1 10 12 1 11 12 1 8 1 10 11 12 1 11 100 12 1 1 1 11 100 12 1 1 1 11 12 1 1 18 12 1 1 11 12 1 1 11 100 12 1 1 1 18 12 1 11 100 12 1 1 1 18 12 1 11 100 12 1 1 1 18 12 1 100 1 10 100 12 1 1 1 10 12 1 10 12 1 10 12 1 10 12 1 10 12 1 10 12 1 10 12 1 10 12 1 1 10 12 1 10 100 12 1 1 10 12 1 10 12 1 10 12 1 1 10 12 1 10 12 1 10 12 1 1 10 12 1 10 12 1 10 12 1 1 10 12 1 10 12 1 10 12 1 10 12 1 10 12 10 12 1 10 12 10 12 10 12 1 10 12 10 12 1 10 12 1 10 12 1 1 1 1 3 1 3 1 1 1 1 1 1 1 1 1 1 1 1 1 1 1 1 1 1 1 1 1 1 1 1 1 1 1 1 1 1 1 1 1 1 1 1 1 1 1 1 1 1 1 1 1 1 1 1 1 1 1 1 1 1 1 1 1 1 1 1 1 1 1 1 1 1 1 1 1 1 1 1 1 1 1 1 1 1 1 1 1 1 1 1 1 1 1 1 1 1 1 1 1 1 1 1 1 1 1 1 1 1 1 1 1 1 1 1 1 1 1 1 1 1 1 1 1 1 1 1 1 1 1 1 1 1 1 1 1 1 1 1 1 1 1 1 1 1 1 1 1 1 1 1 1 1 1 1 1 1 1 1 1 1 1 1 1 1 1 1 1 1 1 1 1 1 1 1 1 1 1 1 1 1 1 1 1 1 1 1 1 1 1 1 1 1 1 1 1 1 1 1 1 1 1 1 1 1 1 1 1 1 1 1 1 1 1 1 1 1 1 1 1 1 1 1 1 1 1 1 1 1 1 1 1 1 1 1 1 1 1 1 1 1 1 1 1 1 1 1 1 1 1 1 1 1 1 1 1 1 1 1 1 1 100 1 1 16 15 10 12 15 10 12 15 10 12 15 10 12 15 10 100 12 1 1 1 1 1 100 1 100 1 1 1 1 100 1 1 1 1 1 1 100 1 1 100 1 1 100 1 1 1 100 1 100 1 1
staticfield java/util/Arrays $assertionsDisabled Z 1
instanceKlass java/util/EnumMap$EntrySet
instanceKlass org/jetbrains/kotlin/com/google/common/collect/Sets$ImprovedAbstractSet
instanceKlass org/jetbrains/kotlin/com/intellij/openapi/vfs/CompactVirtualFileSet
instanceKlass java/util/Collections$SingletonSet
instanceKlass java/util/LinkedHashMap$LinkedKeySet
instanceKlass java/util/LinkedHashMap$LinkedEntrySet
instanceKlass kotlin/collections/AbstractMutableSet
instanceKlass java/lang/ProcessEnvironment$CheckedEntrySet
instanceKlass java/util/EnumSet
instanceKlass jdk/internal/util/ReferencedKeySet
instanceKlass java/util/TreeMap$KeySet
instanceKlass java/util/TreeSet
instanceKlass java/util/IdentityHashMap$KeySet
instanceKlass java/util/HashMap$KeySet
instanceKlass java/util/AbstractMap$1
instanceKlass java/util/WeakHashMap$KeySet
instanceKlass java/util/Collections$SetFromMap
instanceKlass java/util/HashSet
instanceKlass java/util/ImmutableCollections$MapN$1
instanceKlass java/util/Collections$EmptySet
instanceKlass java/util/HashMap$EntrySet
ciInstanceKlass java/util/AbstractSet 1 1 96 10 7 12 1 1 1 7 1 7 1 11 12 1 1 10 7 1 10 12 1 1 100 1 100 1 10 12 1 1 11 7 12 1 1 1 11 12 1 1 10 100 12 1 1 10 7 12 1 1 1 11 10 12 1 1 11 12 1 11 12 1 1 1 1 1 1 1 1 1 1 1 1 1 1 1 1 100 1 1 1 1 1 1 1 1 1 1 1 1 1 1 1 1 1 1
ciInstanceKlass java/lang/StringUTF16 1 1 604 100 1 7 1 10 100 12 1 1 1 100 1 10 7 1 3 100 1 100 1 10 8 1 10 12 1 1 10 12 1 8 1 10 12 1 1 10 12 1 9 12 1 1 10 12 1 1 100 1 8 1 10 12 1 9 12 1 1 9 12 1 10 10 12 1 1 10 12 1 1 10 100 12 1 1 1 10 12 1 10 12 1 1 10 12 1 1 10 12 1 1 10 12 1 1 10 12 1 10 12 1 1 10 12 1 1 10 12 1 1 10 12 1 1 10 12 1 10 12 1 10 12 1 1 10 12 1 100 1 10 12 1 10 10 12 1 1 10 12 1 10 12 1 1 10 12 1 10 7 12 1 1 1 10 7 12 1 1 1 10 12 10 12 1 1 10 12 1 10 12 1 1 10 12 1 1 10 12 1 10 12 1 10 12 1 7 1 10 12 1 1 10 12 1 3 10 12 1 1 10 12 1 10 12 1 10 12 1 10 12 1 10 12 1 10 12 1 1 9 12 1 10 12 1 10 12 1 10 12 1 10 12 1 10 12 1 10 10 12 10 12 10 10 12 1 1 10 100 12 1 1 1 10 12 1 10 12 1 100 1 8 1 8 1 10 12 1 1 100 1 10 10 100 12 1 1 1 10 100 12 1 1 8 1 8 1 8 1 10 12 1 1 10 12 1 1 10 12 10 12 1 10 100 12 1 1 10 12 1 1 10 12 1 1 10 12 1 10 12 10 12 10 12 1 10 12 10 12 1 10 12 1 10 12 1 10 12 1 10 12 1 10 100 12 1 1 1 10 100 12 1 1 1 10 12 1 1 10 12 1 1 11 100 12 1 1 10 12 1 10 12 1 10 12 1 1 9 12 1 1 9 12 1 5 0 5 0 10 12 1 10 12 10 12 10 7 12 1 1 1 10 12 1 1 1 1 1 1 1 1 1 1 1 1 1 1 1 1 1 1 1 1 1 1 1 1 1 1 1 1 1 1 1 100 1 1 1 1 1 1 1 1 1 1 1 1 1 1 1 1 1 1 1 1 1 1 1 1 1 1 1 1 1 1 1 1 1 1 1 1 1 1 1 1 1 1 1 1 1 1 1 1 1 1 1 1 1 1 1 1 1 1 1 1 1 1 1 1 1 1 1 1 1 1 1 1 1 1 1 1 1 1 1 1 1 100 1 1 1 1 1 1 1 1 1 1 1 1 1 1 1 1 1 100 1 1 1 1 1 1 1 1 1 1 1 1 1 1 1 1 1 1 1 1 1 1 1 1 1 1 1 1 1 1 1 1 1 1 1 1 1 1 1 1 1 1 1 1 1 1 1 1 1 1 1 1 1 1 1 1 1 1 1 1 1 100 1 100 1 1 1 1 1
staticfield java/lang/StringUTF16 HI_BYTE_SHIFT I 0
staticfield java/lang/StringUTF16 LO_BYTE_SHIFT I 8
staticfield java/lang/StringUTF16 $assertionsDisabled Z 1
ciInstanceKlass java/lang/Integer$IntegerCache 1 1 95 10 100 12 1 1 1 7 1 10 7 12 1 1 1 9 7 12 1 1 1 8 1 10 7 12 1 1 1 10 12 1 1 10 100 12 1 1 1 3 10 12 1 100 1 9 12 1 1 10 7 12 1 1 1 9 12 1 1 10 12 1 9 12 1 100 1 10 1 1 3 1 1 1 1 1 1 1 1 1 1 1 1 1 1 1 1 100 1 100 1 1 1 1 1
staticfield java/lang/Integer$IntegerCache high I 127
staticfield java/lang/Integer$IntegerCache cache [Ljava/lang/Integer; 256 [Ljava/lang/Integer;
staticfield java/lang/Integer$IntegerCache $assertionsDisabled Z 1
instanceKlass org/jetbrains/kotlin/utils/exceptions/KotlinIllegalArgumentExceptionWithAttachments
instanceKlass java/nio/charset/UnsupportedCharsetException
instanceKlass java/nio/charset/IllegalCharsetNameException
instanceKlass org/jetbrains/kotlin/container/UnresolvedServiceException
instanceKlass java/nio/file/InvalidPathException
instanceKlass java/lang/NumberFormatException
ciInstanceKlass java/lang/IllegalArgumentException 1 1 35 10 100 12 1 1 1 10 12 1 10 12 1 10 12 1 100 1 1 1 1 5 0 1 1 1 1 1 1 1 1 1 1 1 1
ciInstanceKlass java/lang/invoke/MethodHandleStatics 1 1 320 10 100 12 1 1 1 9 7 12 1 1 1 9 12 1 1 10 7 12 1 1 1 9 12 1 9 12 1 9 12 1 9 12 1 9 100 12 1 1 1 100 1 10 8 1 10 12 1 1 10 100 12 1 1 1 8 1 10 100 12 1 1 1 10 12 1 1 8 1 8 1 10 12 1 10 100 12 1 1 1 10 7 12 1 1 8 1 10 12 1 1 8 1 8 1 8 1 8 1 10 12 1 1 100 1 10 12 10 12 1 10 12 1 100 1 10 10 12 1 1 100 1 10 10 12 1 100 1 100 1 8 1 8 1 10 12 1 8 1 10 7 12 1 1 1 9 12 1 1 10 7 12 1 1 1 10 12 1 1 9 12 1 1 10 7 12 1 1 1 8 1 10 7 12 1 1 10 7 12 1 1 1 8 1 8 1 8 1 8 1 8 1 10 12 1 10 7 12 1 1 1 9 12 1 8 1 8 1 8 1 8 1 9 12 1 8 1 9 12 1 8 1 8 1 9 12 1 8 1 8 1 9 12 1 8 1 9 12 1 8 1 9 12 1 8 1 8 1 9 12 1 8 1 8 1 10 12 1 1 8 1 10 12 1 1 1 1 1 1 1 1 1 1 1 1 1 1 1 1 1 1 1 1 1 1 1 100 1 100 1 100 1 1 1 1 1 1 1 1 1 1 1 1 1 1 1 1 1 1 1 1 1 1 1 1 1 1 1 1
staticfield java/lang/invoke/MethodHandleStatics UNSAFE Ljdk/internal/misc/Unsafe; jdk/internal/misc/Unsafe
staticfield java/lang/invoke/MethodHandleStatics CLASSFILE_VERSION I 65
staticfield java/lang/invoke/MethodHandleStatics DEBUG_METHOD_HANDLE_NAMES Z 0
staticfield java/lang/invoke/MethodHandleStatics TRACE_INTERPRETER Z 0
staticfield java/lang/invoke/MethodHandleStatics TRACE_METHOD_LINKAGE Z 0
staticfield java/lang/invoke/MethodHandleStatics TRACE_RESOLVE Z 0
staticfield java/lang/invoke/MethodHandleStatics COMPILE_THRESHOLD I 0
staticfield java/lang/invoke/MethodHandleStatics LOG_LF_COMPILATION_FAILURE Z 0
staticfield java/lang/invoke/MethodHandleStatics DONT_INLINE_THRESHOLD I 30
staticfield java/lang/invoke/MethodHandleStatics PROFILE_LEVEL I 0
staticfield java/lang/invoke/MethodHandleStatics PROFILE_GWT Z 1
staticfield java/lang/invoke/MethodHandleStatics CUSTOMIZE_THRESHOLD I 127
staticfield java/lang/invoke/MethodHandleStatics VAR_HANDLE_GUARDS Z 1
staticfield java/lang/invoke/MethodHandleStatics MAX_ARITY I 255
staticfield java/lang/invoke/MethodHandleStatics VAR_HANDLE_IDENTITY_ADAPT Z 0
staticfield java/lang/invoke/MethodHandleStatics DUMP_CLASS_FILES Ljdk/internal/util/ClassFileDumper; jdk/internal/util/ClassFileDumper
instanceKlass java/util/LinkedHashSet
ciInstanceKlass java/util/HashSet 1 1 303 10 7 12 1 1 1 7 1 10 9 7 12 1 1 1 11 7 12 1 1 1 10 7 12 1 1 1 10 12 1 1 10 12 1 1 10 12 1 10 12 1 7 1 10 10 12 1 1 11 7 12 1 1 1 10 10 12 1 1 10 12 1 1 9 12 1 1 10 12 1 1 10 12 1 1 10 12 1 10 7 12 1 1 1 10 100 1 100 1 10 12 1 10 100 12 1 1 10 12 1 10 12 1 10 12 1 1 10 12 1 1 11 100 12 1 1 11 12 1 10 12 1 1 10 100 12 1 1 1 10 12 1 100 1 100 1 10 8 1 10 12 1 1 10 12 1 10 12 1 1 10 12 1 10 12 1 10 100 12 1 1 1 8 1 10 12 1 4 4 10 12 1 1 8 1 10 12 1 1 4 10 100 12 1 1 1 100 1 10 12 1 1 11 100 12 1 1 1 100 1 10 12 1 100 1 10 12 1 10 12 1 1 10 12 1 100 1 8 1 10 10 12 1 10 10 100 1 100 1 1 1 1 5 0 1 1 1 1 1 1 1 1 1 1 1 1 1 1 1 1 1 1 1 1 1 1 1 1 1 1 1 1 1 1 1 1 1 1 100 1 1 1 1 100 1 1 1 1 1 1 1 1 1 1 1 1 1 1 1 1 1 1 1 100 1 1 100 1 100 1 1 1
staticfield java/util/HashSet PRESENT Ljava/lang/Object; java/lang/Object
instanceKlass kotlin/collections/CollectionsKt__CollectionsKt
ciInstanceKlass kotlin/collections/CollectionsKt__CollectionsJVMKt 1 1 227 1 100 1 7 1 1 1 1 1 7 1 12 10 1 8 1 7 1 1 12 10 1 1 1 1 1 1 1 1 1 1 1 8 1 12 10 1 100 1 1 12 10 1 100 1 1 12 11 1 1 12 10 1 1 1 1 12 10 1 1 1 1 7 1 1 12 10 1 7 1 1 12 10 1 1 8 12 10 1 1 1 1 1 8 1 1 12 10 1 8 1 1 1 1 1 1 1 12 10 1 1 12 10 1 1 1 1 1 1 1 8 1 12 10 1 1 1 1 1 1 1 8 1 100 1 12 10 1 1 1 1 8 12 10 1 1 1 1 1 1 1 1 1 1 12 10 7 1 1 12 10 1 7 1 1 12 10 1 8 1 1 1 1 1 1 100 1 1 12 10 1 1 12 10 1 100 1 8 1 12 10 1 1 1 12 10 1 8 1 12 10 1 1 1 1 3 3 3 1 3 1 3 1 1 1 1 1 1 1 1 1 1 1 1 1 1 1 1 1 1 1 1 1 1 1 1
instanceKlass kotlin/collections/CollectionsKt__IterablesKt
ciInstanceKlass kotlin/collections/CollectionsKt__CollectionsKt 1 1 411 1 100 1 100 1 1 1 1 1 8 1 7 1 1 12 10 1 7 1 1 12 10 1 7 1 1 1 1 1 1 7 1 1 12 9 1 7 1 1 1 1 8 1 7 1 12 10 1 7 12 10 1 1 1 1 1 1 7 1 12 10 1 1 1 1 12 10 1 1 1 1 1 1 12 10 1 1 1 100 1 12 10 1 1 1 1 8 1 12 10 1 100 1 1 12 10 1 100 1 1 12 11 1 1 12 10 1 1 1 1 1 1 1 1 1 1 1 1 1 1 1 1 1 8 1 12 10 1 1 12 10 1 1 12 10 1 1 1 1 1 7 1 12 11 1 12 10 1 1 1 1 1 11 1 1 1 1 1 1 1 12 11 1 1 1 1 1 1 1 1 1 1 1 1 1 8 1 100 1 12 11 1 1 1 1 1 1 12 11 1 1 1 1 1 8 1 1 12 10 1 1 12 10 1 1 1 1 1 1 1 1 12 11 1 1 1 1 1 1 12 10 1 100 1 100 1 1 12 10 1 1 1 1 1 1 1 1 1 1 1 12 10 1 1 1 8 1 100 1 1 12 11 1 1 12 10 1 1 1 1 8 1 100 1 12 10 1 12 10 1 1 1 1 1 1 1 1 8 1 100 1 12 10 1 1 100 1 100 10 1 8 1 1 12 10 1 12 10 1 8 1 8 1 1 12 10 1 12 10 1 100 1 8 10 1 8 1 8 1 1 1 100 1 8 10 1 1 8 1 1 1 1 8 1 1 12 11 1 100 1 12 11 1 12 11 1 1 100 1 1 1 8 1 1 12 10 1 1 12 10 10 1 1 1 1 3 3 3 1 3 1 3 1 1 1 1 1 1 1 1 1 1 1 1 1 1 1 1 1 1 1 1 1 1 1 1 1 1 1 1 1 1 1 1 1 1 1 1 1 1
instanceKlass kotlin/collections/CollectionsKt__IteratorsJVMKt
ciInstanceKlass kotlin/collections/CollectionsKt__IterablesKt 1 1 151 1 100 1 100 1 1 1 1 1 8 1 7 1 1 12 10 1 100 1 1 12 10 1 7 1 1 1 1 1 1 1 1 8 1 7 1 1 12 11 1 7 1 1 12 10 1 1 1 1 1 1 1 1 1 1 1 1 7 1 12 10 1 12 11 1 7 1 1 12 11 1 1 12 11 1 7 1 1 12 10 1 7 1 1 1 1 1 1 1 12 10 1 12 10 1 100 1 12 10 1 1 12 10 1 12 10 1 100 1 1 12 10 1 1 1 1 1 1 10 1 1 1 1 3 3 3 1 3 1 3 1 1 1 1 1 1 1 1 1 1 1 1 1 1 1 1 1 1 1 1
instanceKlass kotlin/collections/CollectionsKt
ciInstanceKlass kotlin/collections/CollectionsKt___CollectionsKt 1 1 1625 1 100 1 100 1 1 1 1 1 8 1 7 1 1 12 10 1 7 1 1 12 11 1 1 1 1 1 1 1 1 1 1 1 1 1 1 1 1 7 1 12 11 1 7 1 1 12 10 1 1 1 1 1 1 1 1 100 1 1 12 10 1 100 1 1 12 10 1 1 1 1 1 1 1 8 1 1 12 11 1 100 1 1 12 10 1 1 12 11 1 7 1 1 12 11 1 7 1 1 12 11 1 1 12 11 1 1 1 1 1 7 1 1 1 1 1 12 10 1 1 1 1 1 8 1 100 1 12 10 1 1 1 1 1 1 1 1 1 1 1 1 1 12 11 1 100 1 12 11 1 12 11 1 1 1 1 1 12 10 1 100 1 8 1 12 10 1 1 12 11 1 8 1 8 1 1 1 1 1 1 1 8 1 8 1 1 1 1 1 1 1 1 1 1 1 12 11 1 1 12 10 1 1 12 10 1 1 1 1 1 1 1 1 100 1 1 12 10 1 100 1 8 10 1 1 1 1 11 1 1 1 1 1 12 11 1 12 10 1 1 1 12 10 1 1 1 1 8 1 12 11 1 1 1 1 1 1 1 1 100 1 1 12 9 1 12 10 1 1 1 8 11 11 1 1 12 10 12 10 1 1 1 12 10 1 1 12 10 1 100 1 8 10 1 1 8 1 8 1 1 1 1 1 1 1 1 7 12 10 1 8 1 1 12 10 1 12 10 1 8 1 1 12 10 10 1 1 12 10 1 1 12 10 12 10 1 1 12 10 1 7 10 1 100 1 12 10 10 1 1 12 10 1 1 1 1 1 1 1 1 1 1 7 1 1 12 10 1 12 10 1 1 1 1 1 1 1 1 1 1 1 1 1 1 11 1 1 1 1 1 1 1 1 1 100 1 12 11 1 1 1 1 1 1 1 1 1 1 1 1 1 1 1 8 1 1 1 1 1 1 1 8 1 1 12 10 1 1 1 1 1 1 1 1 1 1 1 1 1 1 1 1 12 10 1 1 1 1 1 1 1 1 1 1 1 1 1 8 1 100 10 1 1 12 10 1 12 10 1 12 10 1 1 12 11 1 1 1 1 1 1 12 10 1 7 10 12 10 1 1 1 1 1 1 11 11 1 1 1 1 1 1 1 1 1 1 12 10 1 1 12 10 1 1 1 1 1 1 12 11 1 1 1 1 1 1 1 8 1 100 1 12 10 1 100 1 1 12 10 1 1 1 1 100 10 1 1 1 1 1 100 1 1 12 10 1 1 1 1 7 1 1 12 11 1 100 1 7 1 1 12 10 1 1 12 10 12 10 1 1 1 1 1 1 1 1 1 1 1 1 12 10 1 1 1 1 1 1 1 1 1 8 1 12 10 1 1 1 1 1 1 1 1 1 1 11 1 1 100 1 1 1 1 1 12 10 1 1 1 100 1 1 1 1 100 1 1 12 10 1 1 1 100 1 1 1 1 1 12 10 1 1 1 100 1 1 1 1 1 12 10 1 1 1 100 1 1 1 1 1 100 1 1 1 1 1 12 10 1 1 1 100 1 1 1 1 1 12 10 1 1 1 100 1 1 1 1 7 1 12 10 1 100 10 1 100 1 100 1 12 10 1 12 10 1 12 11 1 1 1 1 1 1 1 1 1 8 1 1 1 1 1 1 1 8 1 1 1 1 1 1 1 1 1 1 1 1 8 1 1 1 1 1 1 1 1 1 1 1 1 1 1 1 100 10 12 10 1 1 12 10 1 1 1 1 12 10 1 1 1 1 7 1 1 12 10 1 1 12 10 1 7 10 1 7 10 1 1 12 10 1 1 1 1 1 12 10 1 1 1 1 1 1 1 1 1 1 1 7 1 12 10 1 1 1 1 1 1 1 1 1 1 1 1 1 1 1 1 1 1 1 1 10 12 11 11 1 1 1 1 1 1 1 1 1 1 1 1 1 1 1 1 1 1 1 1 1 1 1 1 1 1 1 100 1 12 10 1 100 1 1 1 1 1 1 1 1 1 1 1 1 1 1 1 1 1 1 1 1 1 1 1 1 1 1 1 1 1 1 1 1 1 1 1 1 1 1 1 1 1 1 1 1 1 1 1 1 1 1 1 1 7 1 7 1 12 10 1 7 1 12 10 1 1 1 12 10 1 1 1 10 10 1 1 1 1 1 1 1 1 8 1 12 10 1 1 1 1 12 10 1 10 1 1 1 1 1 1 1 1 1 1 1 1 1 1 1 1 12 10 1 1 1 1 8 1 1 1 1 1 8 1 1 1 1 1 1 1 1 100 1 12 11 1 1 1 1 1 1 1 1 1 1 1 1 12 11 1 1 1 1 1 1 8 1 1 1 1 1 1 1 1 1 10 1 7 1 1 12 10 1 1 1 1 12 10 1 1 1 12 11 1 1 1 1 1 1 1 1 1 1 1 1 1 1 1 1 1 1 1 1 1 1 1 100 1 12 10 1 1 1 1 100 1 12 10 1 1 1 1 1 12 11 1 1 1 1 1 1 1 1 1 1 1 1 1 1 1 1 1 12 10 1 12 10 1 1 1 1 1 1 1 1 1 1 1 1 1 1 1 1 1 1 1 1 1 1 1 1 1 1 1 1 1 1 1 1 1 1 1 1 1 1 1 1 1 1 1 100 1 8 10 1 1 1 1 1 1 1 1 1 1 1 1 1 1 1 1 1 8 1 1 1 1 1 1 1 1 1 1 1 1 1 1 1 1 1 1 1 1 1 1 1 1 1 1 1 1 1 1 1 1 1 1 1 1 1 1 1 1 1 1 1 1 1 1 1 1 1 1 1 1 1 1 1 1 1 1 1 1 1 1 1 1 1 1 1 1 1 1 1 1 1 1 1 1 1 1 1 1 1 1 1 1 1 1 100 1 12 10 1 12 10 1 1 1 100 1 12 10 12 10 1 1 1 8 1 12 10 1 12 10 1 1 1 1 1 1 1 12 10 1 1 1 1 12 10 1 1 1 1 1 1 1 1 1 8 1 12 10 1 1 1 1 100 1 1 1 1 12 10 1 1 1 1 100 1 12 10 11 1 1 12 10 1 1 1 1 1 12 10 1 1 1 1 1 12 10 1 1 1 12 10 1 12 10 1 12 10 1 1 12 10 1 1 1 1 12 10 1 1 1 100 1 1 12 10 1 12 10 1 1 12 10 1 1 1 1 1 1 1 1 1 1 1 1 100 12 10 1 12 10 1 1 1 1 1 1 12 10 1 7 1 1 12 10 1 1 1 1 1 1 1 1 1 1 1 1 1 1 1 1 1 1 1 1 1 1 1 1 1 1 1 1 1 1 1 1 1 8 1 8 1 8 1 8 1 8 1 7 1 12 11 1 7 1 1 12 10 1 1 1 1 1 1 1 8 1 7 1 8 1 8 12 10 1 1 1 1 8 1 12 10 1 1 1 12 10 1 1 1 1 1 1 7 10 1 1 1 6 0 1 1 1 1 1 1 1 1 1 1 1 1 1 1 1 1 1 1 1 10 1 1 1 1 3 3 3 1 3 1 3 1 1 1 1 1 1 1 1 1 1 1 1 1 1 1 1 1 1 1 1 1 1 1 1 1 1 1 1 1 1 1 1 1 100 1 100 1 1 100 1 1 100 1 1 100 1 1 1 1 1 1 1 1 1 1 1 1 1 1 1 1 1
ciInstanceKlass kotlin/collections/CollectionsKt 0 0 34 1 100 1 100 1 1 12 10 1 1 1 1 3 3 3 1 3 1 3 1 1 1 1 1 1 1 1 1 1 1 1 1 1
ciInstanceKlass kotlin/collections/EmptyList 1 1 194 1 7 1 7 1 100 1 100 1 100 1 100 1 1 12 10 1 1 1 1 1 1 1 12 11 1 1 1 1 1 1 1 1 8 1 1 1 1 8 1 100 1 1 12 10 1 1 1 1 8 1 7 11 1 1 1 1 100 1 100 10 1 8 1 1 12 10 1 12 10 1 12 10 12 10 1 12 10 1 1 1 1 1 1 1 1 7 1 1 12 9 1 7 1 1 1 7 1 1 8 1 1 1 8 1 8 1 1 1 1 12 9 1 1 100 1 8 10 1 1 1 1 1 1 1 1 1 1 1 12 10 1 7 12 10 12 10 1 12 10 12 10 1 1 1 1 1 1 8 1 7 1 12 10 1 1 1 12 10 1 10 1 1 5 0 1 1 3 3 3 1 1 3 1 1 1 1 1 1 1 1 1 1 1 1 1 1 1 1 1 1 1 1
staticfield kotlin/collections/EmptyList INSTANCE Lkotlin/collections/EmptyList; kotlin/collections/EmptyList
ciInstanceKlass kotlin/SynchronizedLazyImpl 1 1 117 1 7 1 1 7 1 100 1 100 1 1 1 1 1 1 8 1 7 1 1 12 10 1 12 10 1 12 9 1 7 1 1 12 9 1 1 12 9 1 12 9 1 1 1 7 1 12 10 1 1 1 1 1 12 10 1 12 11 1 1 1 1 1 1 100 1 1 1 1 12 10 12 10 1 100 1 1 12 10 1 8 1 1 100 12 10 1 1 1 3 3 3 1 1 3 1 1 1 1 1 1 1 1 1 1 1 1 1 1 1 1 1 1 1 1 1
ciInstanceKlass kotlin/UNINITIALIZED_VALUE 1 1 37 1 7 1 7 1 1 12 10 1 1 1 10 1 12 9 1 1 1 3 3 3 1 1 3 1 1 1 1 1 1 1 1 1 1 1 1
staticfield kotlin/UNINITIALIZED_VALUE INSTANCE Lkotlin/UNINITIALIZED_VALUE; kotlin/UNINITIALIZED_VALUE
ciInstanceKlass kotlin/jvm/functions/Function0 1 0 30 1 100 1 1 100 1 100 1 1 1 1 1 3 3 3 1 1 3 1 1 1 1 1 1 1 1 1 1 1
instanceKlass kotlin/LazyKt__LazyKt
ciInstanceKlass kotlin/LazyKt__LazyJVMKt 1 1 98 1 100 1 100 1 1 1 1 1 8 1 7 1 1 12 10 1 7 1 1 12 10 1 7 1 1 1 1 8 1 7 1 1 12 9 1 7 1 1 12 10 1 7 1 12 10 1 7 10 1 100 1 12 10 1 1 1 1 1 12 10 1 1 10 1 1 1 1 3 3 3 1 3 1 3 1 1 1 1 1 1 1 1 1 1 1 1 1 1 1 1 1 1 1 1 1 1
ciInstanceKlass kotlin/LazyKt 0 0 26 1 100 1 100 1 1 12 10 1 1 1 1 3 3 3 1 3 1 3 1 1 1 1 1 1
ciInstanceKlass kotlin/Lazy 1 0 31 1 100 1 1 100 1 1 1 1 1 1 1 3 3 3 1 1 3 1 1 1 1 1 1 1 1 1 1 1 1
instanceKlass kotlin/collections/ArraysKt
ciInstanceKlass kotlin/collections/ArraysKt___ArraysKt 1 1 3566 1 100 1 100 1 1 1 1 1 8 1 7 1 1 12 10 1 1 1 1 1 1 1 1 1 1 1 1 1 1 1 1 1 1 1 1 1 1 1 1 1 1 1 1 1 1 1 1 7 1 1 12 10 1 1 1 1 1 12 10 1 1 1 12 10 1 1 1 12 10 1 1 1 12 10 1 1 1 1 1 1 1 1 1 1 1 1 1 1 1 1 1 1 1 1 1 1 1 100 1 1 1 100 1 1 12 10 1 1 1 12 10 1 1 1 1 1 8 1 7 1 1 12 10 1 7 1 1 12 11 1 1 1 1 100 1 1 1 100 1 1 12 10 1 1 1 1 12 10 1 1 1 1 12 10 1 1 1 1 12 10 1 1 1 1 12 10 1 1 1 1 12 10 1 1 1 100 1 1 12 10 1 1 1 100 1 1 12 10 1 1 1 1 12 10 1 1 12 10 1 12 10 1 12 10 1 12 10 1 12 10 1 12 10 1 12 10 1 12 10 1 1 1 1 8 1 1 1 100 1 1 1 100 1 12 10 100 1 1 1 100 1 12 10 100 1 1 100 1 1 1 100 1 12 10 100 1 1 1 100 1 12 10 1 1 1 100 1 12 10 1 1 1 12 10 100 1 1 1 12 10 100 1 1 1 1 1 1 1 100 1 8 1 1 12 10 1 1 8 1 1 1 1 1 1 1 1 1 1 1 1 1 1 1 1 1 1 1 1 1 1 1 8 1 8 1 1 1 1 1 1 1 1 1 1 1 1 1 1 1 1 1 1 1 1 1 12 10 1 1 1 1 1 1 1 1 1 1 1 1 1 1 1 1 1 1 1 1 1 1 1 1 1 1 1 1 1 1 12 10 1 1 12 10 1 12 10 12 10 1 12 10 1 12 10 1 12 10 1 12 10 1 12 10 1 1 1 1 1 1 1 1 1 1 100 1 1 12 9 1 12 10 1 1 12 10 1 12 10 1 12 10 1 12 10 1 12 10 1 12 10 1 12 10 1 12 10 1 8 1 1 12 10 1 1 12 10 1 1 12 10 1 12 10 1 12 10 1 12 10 1 12 10 1 12 10 1 12 10 1 12 10 1 1 100 1 8 10 1 1 8 1 1 1 8 1 12 10 10 1 1 8 10 1 1 8 10 1 1 8 10 1 1 8 10 1 1 8 10 1 1 8 1 1 8 1 1 1 1 1 1 1 1 100 1 12 10 1 8 1 1 12 10 1 12 10 1 8 1 1 12 10 10 1 7 1 1 12 10 1 12 10 1 1 1 1 1 12 10 1 1 1 12 10 1 1 1 12 10 1 1 1 12 10 1 1 1 12 10 1 1 1 12 10 1 1 1 12 10 1 1 1 12 10 1 1 1 12 10 1 1 12 10 1 12 10 1 12 10 1 12 10 1 12 10 1 12 10 1 12 10 1 12 10 1 1 1 1 1 7 1 1 12 10 1 1 1 1 1 1 1 1 1 1 1 1 1 1 1 1 1 1 1 1 7 10 1 1 12 10 1 7 1 1 1 1 1 1 1 1 7 11 1 1 1 1 1 1 1 1 1 1 100 1 12 11 1 1 1 1 1 1 1 1 1 1 1 1 1 1 1 1 1 1 1 1 1 1 1 1 1 1 1 1 1 1 1 1 1 1 1 1 1 1 8 1 1 1 1 1 1 1 1 1 1 1 1 1 1 1 1 1 1 1 1 1 1 1 1 1 1 1 1 1 1 1 1 8 1 1 12 10 1 1 1 1 1 1 1 1 1 1 1 1 1 1 1 1 12 10 1 1 1 1 1 1 1 1 1 1 1 1 1 1 1 1 1 1 1 1 1 1 1 1 1 1 1 1 1 8 1 100 1 12 10 1 1 12 10 1 12 10 1 1 12 10 1 12 10 1 1 1 1 1 12 10 1 12 10 1 1 1 12 10 1 12 10 1 1 1 12 10 1 12 10 1 1 1 12 10 1 12 10 1 1 1 12 10 1 12 10 1 1 1 12 10 1 12 10 1 1 1 12 10 1 12 10 1 1 1 12 10 1 12 10 1 1 1 1 12 10 1 12 10 1 7 1 1 12 11 1 7 1 12 11 1 1 12 11 1 1 1 1 1 1 1 1 1 1 1 1 1 1 1 1 1 1 1 1 1 12 11 1 1 12 10 11 1 1 1 1 1 1 1 1 1 1 1 1 1 1 1 1 1 1 1 1 1 1 1 1 1 1 1 1 1 1 12 10 1 1 12 10 1 1 1 12 10 1 12 10 1 12 10 1 12 10 1 12 10 1 12 10 1 12 10 1 12 10 1 1 1 1 1 1 1 1 1 1 1 1 12 10 1 1 12 10 12 10 12 10 12 10 12 10 12 10 12 10 12 10 1 1 1 1 1 1 1 1 1 1 1 1 1 1 1 1 1 1 1 1 1 100 1 1 12 9 1 100 1 1 12 10 1 1 1 1 1 1 1 1 1 1 1 1 12 10 1 12 10 1 1 1 12 10 1 12 10 1 12 10 1 12 10 1 12 10 1 12 10 1 12 10 1 12 10 1 1 1 1 1 1 1 1 1 1 1 1 1 1 1 1 12 10 1 1 12 10 1 12 10 1 12 10 1 12 10 1 12 10 1 12 10 1 12 10 1 12 10 1 1 1 1 1 1 1 8 1 100 1 12 10 1 100 1 1 12 10 1 1 1 1 100 10 1 1 1 1 1 1 100 1 1 12 10 1 1 1 12 10 12 10 12 10 12 10 12 10 12 10 12 10 12 10 12 10 12 10 12 10 12 10 12 10 12 10 1 1 1 1 1 12 10 1 1 1 12 10 100 12 10 1 1 1 1 12 10 1 1 1 1 12 10 1 1 1 1 12 10 1 1 1 1 12 10 1 1 1 1 12 10 1 1 1 1 12 10 1 1 1 1 1 100 1 12 10 1 8 1 12 10 1 1 1 1 12 10 1 1 1 12 10 1 1 1 12 10 1 1 1 12 10 1 1 1 12 10 1 1 1 12 10 1 1 1 12 10 1 1 1 1 1 1 12 10 1 1 12 10 1 1 12 10 1 1 12 10 1 1 12 10 1 1 12 10 1 1 12 10 1 1 1 1 1 1 8 1 1 1 1 1 1 1 1 12 10 1 1 1 1 12 10 1 1 12 10 1 1 12 10 1 1 12 10 1 1 12 10 1 1 12 10 1 1 12 10 1 1 12 10 1 1 1 1 1 12 10 1 1 12 10 1 1 12 10 1 1 12 10 1 1 12 10 1 1 12 10 1 1 12 10 1 1 1 12 10 1 1 1 1 1 1 1 1 1 1 1 1 1 1 1 1 1 1 1 1 1 12 10 1 1 1 1 1 1 1 1 1 1 12 10 1 1 1 1 1 1 1 1 1 1 1 1 1 1 1 1 1 1 1 1 1 1 1 1 1 1 12 10 12 10 12 10 12 10 12 10 12 10 12 10 12 10 12 10 12 10 12 10 12 10 12 10 12 10 12 10 1 1 1 1 1 1 1 1 1 1 1 1 1 1 1 1 1 1 1 1 1 1 1 1 1 1 1 1 7 1 12 10 1 100 10 1 100 1 100 1 12 10 1 12 10 1 12 11 1 1 1 1 1 1 1 1 1 1 1 1 1 1 1 1 1 1 1 1 1 1 1 1 1 8 1 1 1 1 1 1 1 1 1 1 1 1 1 1 1 8 1 1 1 1 1 1 1 1 1 1 1 1 1 1 1 1 1 1 1 1 1 1 1 1 1 1 1 1 1 1 1 1 1 1 1 1 1 1 1 1 1 1 1 1 1 1 1 1 1 1 1 1 1 1 1 1 1 1 1 1 1 1 1 1 1 1 1 1 8 1 1 1 1 1 1 1 1 1 1 1 1 1 1 12 10 1 1 1 1 1 1 1 1 1 1 1 1 1 1 1 1 1 1 1 1 1 1 1 1 1 1 1 1 1 1 1 1 1 1 100 10 12 10 1 1 1 12 10 1 1 12 10 1 1 12 10 1 1 12 10 1 1 12 10 1 1 12 10 1 1 12 10 1 1 12 10 1 1 1 12 10 1 12 10 1 1 1 1 1 100 1 1 12 10 1 1 12 10 1 7 10 1 7 1 1 1 1 1 1 1 1 1 1 1 1 1 1 1 1 1 1 1 1 1 12 10 1 1 1 1 1 1 1 1 1 1 1 1 1 1 1 1 1 1 1 7 1 12 10 1 1 1 1 1 1 1 1 1 1 1 1 1 1 1 1 1 1 1 1 1 1 1 1 1 1 1 1 1 1 1 1 1 1 1 1 1 1 1 1 1 1 1 1 10 1 12 11 11 1 1 1 1 1 1 1 1 1 1 1 1 1 1 1 1 1 1 1 1 1 1 1 1 1 1 1 1 1 1 1 1 1 1 1 1 1 1 1 1 1 1 1 1 1 1 1 1 1 1 1 1 1 1 1 1 1 1 1 1 1 1 1 1 1 1 1 1 1 1 1 1 1 1 1 1 1 1 1 1 1 1 1 1 1 1 1 1 1 1 1 100 12 10 1 100 1 1 1 1 1 1 1 1 1 1 1 1 1 1 1 1 1 1 1 1 1 1 1 1 1 1 1 1 1 1 1 1 1 1 1 1 1 1 1 1 1 1 1 1 1 1 1 1 1 1 1 1 1 1 1 1 1 1 1 1 1 1 1 1 1 1 1 1 1 1 1 1 1 1 1 1 1 1 1 1 1 1 1 7 1 7 12 10 1 7 1 12 10 1 1 1 1 100 12 10 1 1 1 100 12 10 1 1 1 100 12 10 1 1 1 100 12 10 1 1 1 100 12 10 1 1 1 100 12 10 1 1 1 100 12 10 1 1 1 100 12 10 1 1 12 10 1 12 10 1 12 10 12 10 12 10 12 10 12 10 12 10 12 10 12 10 1 1 10 10 1 1 1 1 1 1 1 1 1 1 1 1 1 1 1 1 1 8 1 12 10 1 1 1 1 1 1 1 1 1 1 1 1 1 1 1 1 1 1 1 1 12 10 1 1 1 1 1 1 1 1 1 1 1 1 1 1 1 1 1 1 1 1 1 1 1 1 1 1 1 1 1 1 1 8 1 1 1 1 1 1 1 1 1 1 1 1 1 1 1 1 1 1 1 1 1 1 1 1 100 1 12 11 1 1 1 1 1 1 1 1 1 1 1 1 1 1 1 1 1 1 1 1 1 1 1 1 1 1 1 1 1 1 1 1 1 1 1 1 1 1 1 1 1 1 1 1 1 1 8 1 1 1 1 1 1 1 1 1 1 1 1 1 1 1 1 1 1 1 1 1 1 1 1 1 1 1 1 1 1 1 1 1 1 1 1 1 1 1 10 1 7 1 1 12 10 1 1 1 12 10 1 1 1 100 1 1 12 11 1 1 12 10 1 1 1 1 1 1 1 1 1 1 1 1 1 1 1 1 1 1 1 1 1 1 1 1 1 1 1 1 1 1 1 1 1 1 1 1 1 1 1 1 1 1 1 1 1 1 1 1 1 1 1 1 1 1 1 1 1 1 1 1 1 1 1 1 1 1 1 1 1 1 1 1 1 1 1 1 1 1 1 1 1 1 1 1 1 1 1 1 1 1 1 1 1 1 1 1 1 1 1 1 1 1 1 1 1 1 1 1 1 1 1 1 1 1 1 1 1 1 1 1 12 11 1 1 1 1 1 1 1 1 1 1 1 1 1 1 1 1 1 1 1 1 1 1 1 1 1 1 1 1 1 1 1 1 1 1 1 1 1 1 1 1 1 1 1 1 1 1 1 1 1 1 1 1 1 1 1 1 1 1 1 1 1 1 1 12 10 1 12 10 1 1 1 1 1 1 1 1 1 1 1 1 1 1 1 1 1 1 1 1 1 1 1 1 1 1 1 1 1 1 1 1 1 1 1 1 1 1 1 1 1 1 1 1 1 1 1 1 1 1 1 1 1 1 1 1 1 1 1 1 1 1 1 1 1 1 1 1 1 1 1 1 1 1 1 1 1 1 1 1 1 1 1 1 1 1 1 1 1 1 1 1 1 1 1 1 1 1 1 1 1 1 1 1 1 100 1 8 10 1 1 1 1 1 1 1 1 1 1 1 1 1 1 1 1 1 1 1 1 1 1 1 1 1 1 1 1 1 1 1 1 1 1 1 1 1 1 1 1 1 1 1 1 1 1 1 1 1 1 1 1 1 1 1 1 1 1 1 1 1 1 1 1 1 1 1 1 1 1 1 1 1 1 1 1 1 1 1 1 1 1 1 1 1 1 1 1 1 1 1 1 1 1 1 1 1 1 1 1 1 1 1 1 1 1 1 1 1 1 1 1 1 1 1 1 1 1 1 1 1 1 1 1 1 1 1 1 1 1 1 1 1 1 1 1 1 1 1 1 1 1 1 1 1 1 1 1 1 1 1 1 1 1 1 1 1 1 1 1 1 1 1 1 1 1 1 1 1 1 1 1 1 1 1 1 1 1 1 1 1 1 1 1 1 1 1 1 1 1 1 1 1 1 1 1 1 1 1 1 1 1 1 1 1 1 1 1 1 1 1 1 1 1 1 1 1 1 1 1 1 1 1 1 1 1 1 1 1 1 1 1 1 1 1 1 1 1 1 1 1 1 1 1 1 1 1 1 1 1 1 1 1 1 1 1 1 1 1 1 1 1 1 1 1 1 1 1 1 1 1 1 1 1 1 1 1 1 1 1 1 1 1 1 1 1 1 1 1 1 1 1 1 1 1 1 1 100 1 12 10 1 12 10 1 1 1 1 1 1 1 1 1 1 1 100 1 12 10 12 10 1 1 1 1 1 1 1 1 1 1 8 1 12 10 1 12 10 1 1 1 1 1 12 10 1 1 1 1 1 1 1 1 1 1 1 1 1 1 1 1 1 1 1 1 1 1 12 10 1 7 1 1 12 10 1 1 1 1 1 1 1 1 1 1 1 1 1 1 1 1 1 1 1 1 1 1 1 1 1 1 1 1 1 1 1 1 1 1 1 1 1 1 1 1 1 1 1 1 1 1 1 1 1 1 1 1 1 1 1 1 1 1 1 1 1 1 1 1 1 1 1 1 1 1 1 1 1 1 1 1 1 1 1 1 1 1 1 1 1 1 1 1 1 1 1 1 1 1 1 1 1 1 1 1 1 1 1 1 1 1 1 1 1 1 1 1 1 1 1 1 1 1 1 1 1 1 1 1 1 1 1 1 1 1 1 1 8 1 8 1 8 1 8 1 8 1 100 1 12 11 1 100 1 1 12 10 1 1 1 1 1 1 1 8 1 100 1 8 1 8 12 10 1 1 1 100 1 12 10 1 12 10 1 1 1 12 10 1 1 1 12 10 1 1 1 12 10 1 12 10 1 1 1 12 10 1 12 10 1 1 1 12 10 1 12 10 1 1 1 12 10 1 12 10 1 1 1 12 11 1 12 10 1 1 1 1 8 1 1 1 12 10 1 1 1 12 10 1 1 1 12 10 1 1 1 12 10 1 1 1 12 10 1 1 1 12 10 1 1 1 12 10 1 1 1 12 10 1 1 1 12 10 1 1 1 100 10 1 1 1 100 10 1 1 100 10 1 1 100 10 1 1 100 10 1 1 100 10 1 1 100 10 1 1 100 10 1 1 100 10 1 1 1 1 7 1 1 12 10 1 7 10 1 1 1 1 100 10 1 1 1 100 10 1 1 1 100 10 1 1 1 100 10 1 1 1 100 10 1 1 1 100 10 1 1 1 100 10 1 1 1 100 10 1 1 6 0 1 100 1 1 100 1 1 100 1 1 100 1 1 100 1 100 1 1 1 1 1 1 1 1 1 1 1 1 1 1 10 1 1 1 1 3 3 3 1 3 1 3 1 1 1 1 1 1 1 1 1 1 1 1 1 1 1 1 1 1 1 1 1 1 1 1 1 1 1 1 1 1 1 1 1 1 1 100 1 100 1 1 100 1 1 100 1 1 100 1 1 100 1 1 100 1 1 100 1 1 100 1 1 100 1 1 100 1 1 1 1 1 1 1 1 1 1 1 1 1 1 1 1 1
ciInstanceKlass kotlin/collections/ArraysKt 0 0 28 1 100 1 100 1 1 12 10 1 1 1 1 3 3 3 1 3 1 3 1 1 1 1 1 1 1 1
ciInstanceKlass org/jetbrains/kotlin/utils/SmartList 1 1 226 1 7 1 1 7 1 100 1 1 100 1 7 1 1 100 1 1 7 1 1 1 1 1 1 1 12 10 1 1 1 1 1 1 1 12 10 1 1 1 1 1 1 1 12 10 1 7 1 1 12 11 1 7 1 1 12 11 1 1 12 11 1 100 1 1 12 11 1 7 12 9 1 1 12 11 12 9 1 1 1 1 1 1 7 1 100 1 1 12 10 1 1 1 100 1 100 10 1 8 1 1 12 10 1 12 10 1 8 1 1 12 10 1 12 10 1 1 1 7 1 1 12 10 1 12 9 1 1 1 1 1 1 1 1 1 1 1 1 1 1 1 1 1 1 12 10 1 12 10 10 1 1 1 1 12 10 1 1 1 1 1 1 1 12 10 1 100 1 12 10 1 100 1 1 12 10 1 12 10 1 1 1 1 1 1 1 1 1 1 1 1 1 8 1 8 1 100 8 8 8 8 8 8 1 1 12 10 1 100 10 1 100 10 1 100 1 1 1 1 1 1 1 1 1 1
instanceKlass kotlin/collections/MapsKt__MapsKt
ciInstanceKlass kotlin/collections/MapsKt__MapsJVMKt 1 1 258 1 100 1 100 1 1 1 1 1 8 1 7 1 1 12 10 1 7 1 1 12 10 1 12 10 1 7 1 1 12 10 1 8 1 12 10 1 1 1 1 1 1 1 1 1 1 8 1 100 1 1 12 10 1 100 1 1 12 11 1 1 12 10 1 1 1 1 12 10 1 1 1 1 7 1 1 12 10 1 7 1 1 12 10 1 1 8 12 10 1 1 1 1 1 8 1 8 1 100 1 12 11 1 100 12 11 1 1 12 11 1 1 1 1 1 1 1 1 1 100 1 1 1 1 100 1 12 10 1 100 1 1 1 1 8 1 12 10 1 12 10 1 1 1 1 1 1 1 1 8 10 1 12 10 1 1 1 1 1 1 1 1 1 1 1 1 100 10 10 1 1 1 1 1 1 1 12 10 1 1 1 1 12 11 1 100 1 1 12 11 1 100 1 12 11 1 100 1 12 11 1 12 11 1 8 1 1 1 1 1 1 3 4 3 1 10 1 1 1 1 1 3 3 3 1 3 1 3 1 1 1 1 1 1 1 1 1 1 1 1 1 1 1 1 1 1 1 1 1 1 1 1 1 1 1 1 1
ciInstanceKlass kotlin/collections/MapsKt 0 0 29 1 100 1 100 1 1 12 10 1 1 1 1 3 3 3 1 3 1 3 1 1 1 1 1 1 1 1 1
ciInstanceKlass org/jetbrains/kotlin/name/FqName 1 1 171 1 7 1 7 1 1 1 1 1 1 1 1 1 1 1 1 12 10 1 8 1 7 1 1 12 10 1 1 12 10 1 1 1 1 12 10 1 7 1 12 10 12 9 1 1 1 1 12 9 1 1 12 10 1 100 1 1 1 1 12 10 1 10 1 100 1 8 10 12 10 12 10 1 1 1 12 10 12 10 1 1 1 1 12 10 1 100 1 12 10 1 1 1 12 10 1 100 1 1 12 10 1 1 1 12 10 1 1 12 10 1 12 10 1 1 12 10 1 1 1 1 1 12 10 1 1 8 12 9 1 8 1 8 1 100 8 8 8 8 8 8 8 8 8 8 8 8 8 8 8 8 8 1 1 12 10 1 100 10 1 100 1 1 1 1 1 1 1 1 1
staticfield org/jetbrains/kotlin/name/FqName ROOT Lorg/jetbrains/kotlin/name/FqName; org/jetbrains/kotlin/name/FqName
ciInstanceKlass org/jetbrains/kotlin/name/Name 1 1 157 1 7 1 1 7 1 100 1 1 1 1 1 1 1 1 1 1 12 10 1 12 10 12 9 12 9 1 1 1 1 1 7 1 1 100 1 100 10 1 8 1 1 12 10 1 12 10 1 12 10 1 12 10 12 10 1 1 1 12 10 1 1 12 10 1 1 12 10 1 1 1 12 10 1 1 1 12 10 1 1 1 12 10 1 8 1 12 10 1 1 12 10 1 1 1 1 1 1 12 10 12 10 1 100 1 8 10 1 12 10 1 1 1 12 10 1 1 1 1 12 10 1 1 12 10 1 8 1 8 1 100 8 8 8 8 8 8 8 8 8 8 8 1 1 12 10 1 100 1 1 1 1 1 1 1 1
ciInstanceKlass kotlin/jvm/internal/DefaultConstructorMarker 1 1 16 10 100 100 1 1 1 1 1 1 1 1 1 12 1 1
ciInstanceKlass kotlin/Pair 1 1 104 1 7 1 1 7 1 100 1 1 1 1 12 10 1 1 12 9 1 12 9 1 1 1 1 1 1 1 1 1 1 1 100 10 1 1 12 10 1 12 10 1 8 1 12 10 12 10 1 1 1 1 1 12 10 1 1 12 10 1 1 12 10 1 1 1 1 1 1 7 1 1 12 10 1 1 1 1 1 3 3 3 1 1 3 1 1 1 1 1 1 1 1 1 1 1 1 1 1 1 1 1 1 1
ciInstanceKlass kotlin/TuplesKt 1 1 83 1 100 1 100 1 1 1 1 1 7 1 1 12 10 1 1 1 1 1 1 1 8 1 100 1 1 12 10 1 1 12 10 1 12 10 1 100 1 1 12 10 1 1 1 1 1 100 10 10 1 12 10 1 1 1 1 1 1 3 3 3 1 3 1 3 1 1 1 1 1 1 1 1 1 1 1 1 1 1 1 1 1
ciInstanceKlass java/lang/invoke/DirectMethodHandle$Holder 1 1 548 1 100 1 100 1 1 1 1 1 1 1 7 1 1 12 10 1 12 10 1 7 1 7 1 1 12 10 1 1 1 1 12 10 1 1 12 10 1 1 12 10 1 1 12 10 1 1 12 10 1 1 12 10 1 1 12 10 1 1 12 10 1 1 12 10 1 1 12 10 1 1 12 10 1 1 12 10 1 1 12 10 1 1 12 10 1 1 12 10 1 1 12 10 1 1 12 10 1 1 12 10 1 1 12 10 1 1 12 10 1 1 12 10 1 1 12 10 1 1 12 10 1 1 12 10 1 1 12 10 1 1 12 10 1 1 12 10 1 1 12 10 1 1 12 10 1 1 12 10 1 1 12 10 1 1 12 10 1 1 12 10 1 1 12 10 1 1 12 10 1 1 12 10 1 1 12 10 1 1 12 10 1 1 12 10 1 1 12 10 1 1 12 10 1 1 12 10 1 1 12 10 1 1 12 10 1 1 12 10 1 1 12 10 1 1 12 10 1 1 12 10 1 1 12 10 1 1 12 10 1 1 12 10 12 10 12 10 1 1 12 10 12 10 1 1 12 10 1 1 12 10 12 10 12 10 12 10 1 1 12 10 12 10 1 1 12 10 12 10 1 1 12 10 1 1 12 10 12 10 12 10 12 10 12 10 1 1 12 10 1 1 12 10 1 1 12 10 1 1 12 10 1 1 12 10 1 1 12 10 1 1 12 10 1 1 12 10 1 1 12 10 1 1 12 10 1 1 12 10 1 1 12 10 1 1 12 10 1 1 12 10 12 10 12 10 12 10 1 12 10 1 1 12 10 1 1 12 10 1 1 1 1 12 10 12 10 1 1 12 10 1 12 10 12 10 1 1 12 10 1 12 10 12 10 1 1 1 12 10 1 12 10 1 7 1 1 12 9 1 7 1 12 10 1 12 10 1 1 1 12 10 1 12 10 1 1 12 10 1 12 10 1 1 1 12 10 1 12 10 1 1 12 10 1 12 10 1 1 12 10 1 12 10 1 1 12 10 1 12 10 1 1 12 10 1 12 10 1 1 12 10 1 12 10 1 1 12 10 1 12 10 1 1 12 10 1 12 10 1 1 1 12 10 1 12 10 1 1 1 12 10 1 12 10 1 1 1 1 12 10 1 12 10 1 1 1 12 10 1 12 10 1 1 1 1 1 12 10 1 12 10 1 1 1 12 10 1 12 10 1 1 1 12 10 1 12 10 1 1 12 10 1 12 10 1 1 1
ciInstanceKlass java/lang/invoke/Invokers$Holder 1 1 128 1 100 1 100 1 1 1 1 1 1 1 7 1 7 1 7 1 1 12 10 1 1 12 10 1 1 12 10 1 1 100 1 1 12 9 1 1 1 12 10 1 1 1 12 10 1 1 12 10 1 1 12 10 1 12 10 1 1 1 12 10 1 1 100 1 1 12 10 1 12 10 1 1 12 10 1 12 10 1 1 12 10 1 1 12 10 1 12 10 1 1 12 10 1 1 12 10 1 1 12 10 1 12 10 12 10 12 10 12 10 12 10 1 1 12 10 1 1 12 10 1 1 12 10 1 1 1
ciInstanceKlass java/lang/invoke/DirectMethodHandle$Constructor 1 1 91 10 7 12 1 1 1 9 7 12 1 1 1 9 12 1 1 9 12 1 1 10 100 12 1 1 1 100 1 10 12 1 9 12 1 9 12 1 10 12 1 10 12 1 1 9 12 1 1 10 12 1 1 10 7 12 1 1 1 1 1 1 1 1 1 1 1 1 1 1 100 1 100 1 1 1 1 1 1 1 1 1 1 1 1 1 1 1 1 1 1
staticfield java/lang/invoke/DirectMethodHandle$Constructor $assertionsDisabled Z 1
instanceKlass java/util/ArrayList$ListItr
ciInstanceKlass java/util/ArrayList$Itr 1 1 104 9 7 12 1 1 1 10 7 12 1 1 1 9 12 1 1 9 7 12 1 1 9 12 1 9 12 1 9 12 1 10 12 1 100 1 10 9 12 1 1 100 1 10 100 1 10 10 12 1 1 100 1 10 100 12 1 1 1 10 12 1 1 11 100 12 1 1 1 100 1 1 1 1 1 1 1 1 1 1 1 1 1 1 1 1 100 1 1 1 1 1 1 1 1 1 1 1 1 1 1 1 1 1
ciInstanceKlass java/util/NoSuchElementException 0 0 34 10 100 12 1 1 1 10 12 1 10 12 1 10 12 1 100 1 1 1 1 5 0 1 1 1 1 1 1 1 1 1 1 1
ciInstanceKlass sun/reflect/generics/tree/SimpleClassTypeSignature 1 1 57 10 7 12 1 1 1 9 7 12 1 1 1 9 12 1 1 9 12 1 1 10 12 1 11 100 12 1 1 1 100 1 1 1 1 1 1 1 1 1 1 1 1 1 1 1 1 1 1 1 1 1 1 1 1 1 1
ciInstanceKlass java/util/Collections$SingletonList 1 1 131 10 7 12 1 1 1 9 7 12 1 1 1 10 7 12 1 1 1 10 12 1 1 100 1 100 1 10 8 1 10 12 1 1 10 12 1 8 1 10 12 1 1 10 12 1 11 100 12 1 1 1 100 1 10 10 12 1 1 10 100 12 1 1 1 100 1 100 1 1 1 1 5 0 1 1 1 1 1 1 1 1 1 1 1 1 1 1 1 1 1 1 1 1 1 1 1 1 1 1 1 1 1 1 1 1 1 1 1 1 1 1 1 1 1 1 1 1 1 1 1 1 1 1 1 1 1 1 1 1 1
ciInstanceKlass java/util/Collections$1 1 1 67 9 7 12 1 1 1 10 7 12 1 1 1 9 12 1 1 100 1 10 100 1 10 10 100 12 1 1 1 11 100 12 1 1 1 100 1 1 1 1 1 1 1 1 1 1 1 1 1 1 1 1 1 1 1 1 1 1 1 1 100 1 12 1 1 1 1
ciInstanceKlass java/util/ConcurrentModificationException 0 0 34 10 100 12 1 1 1 10 12 1 10 12 1 10 12 1 100 1 1 1 1 5 0 1 1 1 1 1 1 1 1 1 1 1
ciInstanceKlass java/util/LinkedHashSet 1 1 163 10 7 12 1 1 1 4 11 7 12 1 1 1 10 7 12 1 1 1 10 7 12 1 1 1 10 7 12 1 1 1 100 1 10 100 12 1 1 1 100 1 100 1 10 12 1 8 1 10 12 1 1 10 12 1 10 12 1 1 10 12 1 10 12 1 9 12 1 1 100 1 10 12 1 9 12 1 1 10 12 1 1 10 12 1 10 12 1 1 11 100 12 1 1 1 11 12 1 11 12 1 11 12 1 100 1 10 12 1 10 12 1 100 1 100 1 1 1 1 5 0 1 1 1 1 1 1 1 1 1 1 1 1 1 1 1 1 1 1 1 1 1 1 1 1 1 1 1 1 1 1 1 1 1 1 1 1 1 1 1 1 1
instanceKlass kotlin/collections/SetsKt__SetsKt
ciInstanceKlass kotlin/collections/SetsKt__SetsJVMKt 1 1 138 1 100 1 100 1 1 1 1 1 7 1 12 10 1 8 1 7 1 1 12 10 1 1 1 1 1 1 1 1 1 1 1 8 1 12 10 1 100 1 1 12 10 1 100 1 1 12 11 1 1 12 10 1 1 1 1 12 10 1 1 1 1 7 1 1 12 10 1 7 1 1 12 10 1 1 8 12 10 1 1 1 1 1 8 1 100 10 1 100 1 100 1 1 12 10 1 1 1 1 8 1 12 10 1 10 1 1 1 1 3 3 3 1 3 1 3 1 1 1 1 1 1 1 1 1 1 1 1 1 1 1 1 1 1 1 1 1
instanceKlass kotlin/collections/SetsKt___SetsKt
ciInstanceKlass kotlin/collections/SetsKt__SetsKt 1 1 181 1 100 1 100 1 1 1 1 1 7 1 1 12 9 1 7 1 1 1 1 8 1 7 1 1 12 10 1 7 1 12 10 1 1 1 100 12 10 1 1 1 1 1 7 1 1 12 10 1 7 1 1 12 10 1 12 10 1 7 1 1 12 10 1 1 1 1 7 10 1 1 10 1 1 1 1 1 1 1 1 1 1 12 10 1 1 1 100 1 12 10 1 1 1 1 1 1 1 1 1 8 1 12 10 1 100 1 1 12 11 1 1 12 10 1 1 1 1 12 10 1 1 1 1 1 1 1 1 8 1 1 12 11 1 1 12 11 1 100 1 1 12 11 1 10 1 1 1 1 3 3 3 1 3 1 3 1 1 1 1 1 1 1 1 1 1 1 1 1 1 1 1 1 1 1 1 1 1 1 1
ciInstanceKlass kotlin/collections/SetsKt 0 0 27 1 100 1 100 1 1 12 10 1 1 1 1 3 3 3 1 3 1 3 1 1 1 1 1 1 1
ciInstanceKlass java/text/CharacterIterator 1 0 27 100 1 100 1 100 1 1 1 1 3 1 1 1 1 1 1 1 1 1 1 1 1 1 1 1 1
ciInstanceKlass java/text/StringCharacterIterator 1 1 103 10 7 12 1 1 1 10 7 12 1 1 1 10 12 1 10 7 12 1 1 100 1 10 9 12 1 1 100 1 8 1 10 12 1 8 1 9 12 1 1 9 12 1 9 12 1 10 12 1 1 8 1 10 12 1 1 100 1 3 10 12 1 10 12 1 1 10 10 12 1 1 100 1 100 1 10 12 1 1 1 1 1 1 1 1 1 1 1 1 1 1 1 1 1 1 1 1 1 1 1 1 1
ciInstanceKlass org/jetbrains/kotlin/kotlinx/collections/immutable/implementations/immutableList/BufferIterator 1 1 79 1 7 1 1 7 1 1 1 3 3 3 1 1 3 1 1 1 1 1 1 1 1 1 1 1 1 1 1 1 1 1 1 1 1 8 1 7 1 1 12 10 1 12 10 12 9 1 1 1 1 1 12 10 1 100 1 12 10 1 1 12 10 1 1 12 10 1 12 10 1 1 1 1 1 1 1 1 1
ciInstanceKlass org/jetbrains/kotlin/com/intellij/util/cls/ClsFormatException 0 0 26 1 100 1 100 1 1 1 12 10 1 1 1 12 10 1 1 1 12 10 1 1 1 1 1 1
ciInstanceKlass kotlin/ranges/IntRange 1 1 154 1 7 1 1 7 1 100 1 100 1 1 1 12 10 1 1 1 1 1 1 1 1 1 1 12 10 1 7 1 1 12 10 1 1 12 10 1 3 1 100 1 8 1 100 1 1 12 10 1 12 10 1 1 1 1 1 1 1 1 1 1 1 1 1 1 1 1 1 1 1 12 10 1 1 1 1 100 12 10 1 1 12 10 1 8 1 12 10 10 1 12 10 1 100 12 10 12 10 1 1 100 1 12 10 12 10 1 1 1 1 12 9 1 1 7 1 12 10 1 1 12 9 12 10 1 1 3 3 3 1 1 3 1 1 1 1 1 1 1 1 1 1 1 1 1 1 1 1 1 1 1 1 1
staticfield kotlin/ranges/IntRange Companion Lkotlin/ranges/IntRange$Companion; kotlin/ranges/IntRange$Companion
staticfield kotlin/ranges/IntRange EMPTY Lkotlin/ranges/IntRange; kotlin/ranges/IntRange
ciInstanceKlass org/jetbrains/kotlin/load/java/structure/impl/classFiles/BinaryClassSignatureParser 1 1 384 1 7 1 7 1 1 1 3 3 1 3 1 3 1 1 1 1 1 1 1 1 1 1 1 1 1 1 1 1 1 1 1 1 1 1 1 1 1 1 1 1 1 1 1 1 1 1 1 1 1 1 1 1 100 1 7 1 100 1 7 1 1 1 12 10 1 7 1 1 12 10 12 9 1 1 1 8 1 7 1 1 12 10 8 1 7 1 1 12 11 1 7 1 1 12 10 1 7 10 1 12 11 1 12 10 1 1 12 10 1 7 1 1 12 10 1 1 1 7 10 3 1 1 12 10 1 12 10 1 1 12 10 1 8 1 12 10 1 7 10 1 7 1 7 1 12 10 1 7 11 1 7 1 7 1 1 12 10 1 8 1 7 1 12 10 1 7 1 1 1 1 1 1 1 1 1 12 10 12 10 1 7 1 1 12 10 1 8 1 7 1 16 1 1 12 10 15 1 16 1 7 1 1 12 10 15 1 1 12 18 1 12 10 1 1 12 10 10 1 7 1 1 12 10 1 12 10 15 18 1 7 1 1 12 10 1 7 1 1 12 10 1 1 1 1 1 1 1 1 12 10 1 12 9 1 7 1 12 10 1 7 12 10 1 12 9 1 12 9 1 1 12 9 1 1 1 1 12 10 12 10 1 7 1 12 10 1 1 12 11 1 7 1 1 12 11 1 7 1 1 12 10 1 7 1 12 10 1 1 1 1 1 1 1 1 1 8 1 7 1 7 1 12 10 1 12 10 1 7 1 12 9 1 12 10 1 12 9 1 12 9 1 12 9 1 12 9 1 12 9 1 12 9 1 12 9 1 7 1 12 10 1 1 12 10 1 1 1 12 10 1 1 1 1 1 1 1 1 1 1 1 1 1
ciInstanceKlass org/jetbrains/kotlin/load/java/structure/impl/classFiles/BinaryClassSignatureParser$ClsFormatException 0 0 46 1 100 1 100 1 1 1 3 3 1 3 1 3 1 1 1 1 1 1 1 1 1 1 1 100 1 1 12 10 1 1 1 1 10 1 12 10 1 1 1 1 1 1 1 1
ciInstanceKlass org/jetbrains/kotlin/load/java/structure/JavaElement 1 0 22 1 100 1 100 1 1 1 3 3 1 3 1 3 1 1 1 1 1 1 1 1
ciInstanceKlass org/jetbrains/kotlin/load/java/structure/JavaAnnotationOwner 1 0 41 1 100 1 100 1 100 1 1 1 3 3 1 3 1 3 1 1 1 1 1 1 1 1 1 1 1 1 1 1 1 1 1 1 1 1 1 1 1 1 1
ciInstanceKlass org/jetbrains/kotlin/load/java/structure/JavaNamedElement 1 0 33 1 100 1 100 1 100 1 1 1 3 3 1 3 1 3 1 1 1 1 1 1 1 1 1 1 1 1 1 1 1 1 1
ciInstanceKlass org/jetbrains/kotlin/load/java/structure/JavaClassifier 1 0 27 1 100 1 100 1 100 1 100 1 1 1 3 3 1 3 1 3 1 1 1 1 1 1 1 1 1
ciInstanceKlass org/jetbrains/kotlin/load/java/structure/JavaModifierListOwner 1 0 35 1 100 1 100 1 100 1 1 1 3 3 1 3 1 3 1 1 1 1 1 1 1 1 1 1 1 1 1 1 1 1 1 1 1
ciInstanceKlass org/jetbrains/kotlin/load/java/structure/JavaTypeParameterListOwner 1 0 33 1 100 1 100 1 100 1 1 1 3 3 1 3 1 3 1 1 1 1 1 1 1 1 1 1 1 1 1 1 1 1 1
ciInstanceKlass org/jetbrains/kotlin/load/java/structure/JavaClass 1 0 87 1 100 1 100 1 100 1 100 1 100 1 1 1 3 3 1 3 1 3 1 1 1 1 1 1 1 1 1 1 1 1 1 1 1 1 1 1 1 1 1 1 1 1 1 1 1 1 1 1 1 1 1 1 1 1 1 1 1 1 1 1 1 1 1 1 1 1 1 1 1 1 1 1 1 1 1 1 1 1 1 1 1 1 1 1 1
ciInstanceKlass org/jetbrains/kotlin/cli/jvm/compiler/jarfs/ByteArrayCharSequence 1 1 103 1 7 1 7 1 7 1 1 1 3 3 1 3 1 3 1 1 1 1 1 1 1 1 1 1 1 1 1 1 1 1 1 1 1 1 1 1 1 1 1 1 8 1 7 1 1 12 10 1 12 10 12 9 12 9 12 9 1 1 12 10 1 100 1 8 1 12 10 1 12 10 1 1 1 8 1 1 1 12 10 1 100 1 7 1 12 10 1 1 12 10 1 12 10 1 1 1 1 1 1 1 1
instanceKlass kotlin/ranges/IntProgressionIterator
ciInstanceKlass kotlin/collections/IntIterator 1 1 69 1 7 1 1 7 1 100 1 100 1 1 12 10 1 1 1 1 1 1 1 12 10 1 7 1 1 12 10 1 1 100 1 8 1 12 10 1 1 1 3 3 3 1 1 3 1 1 1 1 1 1 1 1 1 1 1 1 1 1 100 1 8 1 1 12 10 1 1
ciInstanceKlass kotlin/ranges/IntProgressionIterator 1 1 57 1 7 1 7 1 1 1 12 10 1 1 12 9 1 12 9 1 1 12 9 1 12 9 1 1 1 1 1 1 1 1 1 100 10 1 1 1 3 3 3 1 1 3 1 1 1 1 1 1 1 1 1 1 1 1 1
ciInstanceKlass org/jetbrains/kotlin/name/SpecialNames 1 1 239 1 7 1 7 1 1 1 3 3 1 3 1 3 1 1 1 1 1 1 1 1 1 1 1 1 1 1 1 1 1 1 1 1 1 1 1 1 1 1 1 1 1 1 1 1 1 1 1 1 1 1 1 1 1 1 1 1 1 8 12 10 1 1 1 1 100 10 1 8 1 1 12 10 1 12 10 1 1 12 10 1 100 10 1 12 10 1 8 1 12 10 1 7 1 1 12 10 1 8 1 7 1 1 12 10 1 1 1 8 1 8 1 12 10 1 1 12 10 1 12 10 1 8 1 8 1 100 1 1 12 10 1 1 12 9 12 9 1 100 1 12 10 12 10 1 12 10 1 8 1 100 1 1 12 11 1 10 1 8 12 9 1 8 12 9 1 8 1 8 12 9 1 8 12 9 1 7 1 1 12 10 1 8 12 9 1 8 12 9 1 8 12 9 8 12 9 1 8 12 9 1 8 12 9 1 8 12 9 1 8 12 9 1 8 12 9 1 8 12 9 1 8 12 9 1 8 12 9 1 1 1 1 1 1 1 1 1 1
staticfield org/jetbrains/kotlin/name/SpecialNames INSTANCE Lorg/jetbrains/kotlin/name/SpecialNames; org/jetbrains/kotlin/name/SpecialNames
staticfield org/jetbrains/kotlin/name/SpecialNames NO_NAME_PROVIDED Lorg/jetbrains/kotlin/name/Name; org/jetbrains/kotlin/name/Name
staticfield org/jetbrains/kotlin/name/SpecialNames ROOT_PACKAGE Lorg/jetbrains/kotlin/name/Name; org/jetbrains/kotlin/name/Name
staticfield org/jetbrains/kotlin/name/SpecialNames DEFAULT_NAME_FOR_COMPANION_OBJECT Lorg/jetbrains/kotlin/name/Name; org/jetbrains/kotlin/name/Name
staticfield org/jetbrains/kotlin/name/SpecialNames SAFE_IDENTIFIER_FOR_NO_NAME Lorg/jetbrains/kotlin/name/Name; org/jetbrains/kotlin/name/Name
staticfield org/jetbrains/kotlin/name/SpecialNames ANONYMOUS Lorg/jetbrains/kotlin/name/Name; org/jetbrains/kotlin/name/Name
staticfield org/jetbrains/kotlin/name/SpecialNames ANONYMOUS_FQ_NAME Lorg/jetbrains/kotlin/name/FqName; org/jetbrains/kotlin/name/FqName
staticfield org/jetbrains/kotlin/name/SpecialNames UNARY Lorg/jetbrains/kotlin/name/Name; org/jetbrains/kotlin/name/Name
staticfield org/jetbrains/kotlin/name/SpecialNames THIS Lorg/jetbrains/kotlin/name/Name; org/jetbrains/kotlin/name/Name
staticfield org/jetbrains/kotlin/name/SpecialNames INIT Lorg/jetbrains/kotlin/name/Name; org/jetbrains/kotlin/name/Name
staticfield org/jetbrains/kotlin/name/SpecialNames ITERATOR Lorg/jetbrains/kotlin/name/Name; org/jetbrains/kotlin/name/Name
staticfield org/jetbrains/kotlin/name/SpecialNames DESTRUCT Lorg/jetbrains/kotlin/name/Name; org/jetbrains/kotlin/name/Name
staticfield org/jetbrains/kotlin/name/SpecialNames LOCAL Lorg/jetbrains/kotlin/name/Name; org/jetbrains/kotlin/name/Name
staticfield org/jetbrains/kotlin/name/SpecialNames UNDERSCORE_FOR_UNUSED_VAR Lorg/jetbrains/kotlin/name/Name; org/jetbrains/kotlin/name/Name
staticfield org/jetbrains/kotlin/name/SpecialNames IMPLICIT_SET_PARAMETER Lorg/jetbrains/kotlin/name/Name; org/jetbrains/kotlin/name/Name
staticfield org/jetbrains/kotlin/name/SpecialNames ARRAY Lorg/jetbrains/kotlin/name/Name; org/jetbrains/kotlin/name/Name
staticfield org/jetbrains/kotlin/name/SpecialNames RECEIVER Lorg/jetbrains/kotlin/name/Name; org/jetbrains/kotlin/name/Name
staticfield org/jetbrains/kotlin/name/SpecialNames ENUM_GET_ENTRIES Lorg/jetbrains/kotlin/name/Name; org/jetbrains/kotlin/name/Name
ciInstanceKlass org/jetbrains/kotlin/utils/CollectionsKt 1 1 311 1 7 1 100 1 1 1 3 3 1 1 3 1 1 1 1 1 1 1 1 1 1 1 1 1 1 1 1 1 1 1 1 1 1 1 1 1 1 1 1 1 1 1 1 1 1 1 1 1 1 1 1 1 1 1 1 1 1 1 1 1 1 1 1 1 1 1 1 1 1 1 8 1 7 1 1 12 10 8 1 7 1 1 12 10 1 7 1 1 12 10 1 7 1 1 12 10 1 7 1 1 12 10 1 7 1 7 1 1 12 11 1 100 1 7 1 1 12 11 1 1 12 11 1 1 12 11 1 1 12 11 1 1 1 1 1 1 1 1 1 1 1 1 1 1 1 1 1 1 8 1 7 1 1 12 11 1 1 12 10 1 7 1 1 1 12 10 1 1 1 1 1 1 100 1 1 12 10 1 1 1 8 1 1 12 11 1 100 12 11 1 12 11 1 1 1 1 1 8 1 12 11 1 1 1 11 1 1 100 1 1 12 11 1 1 1 100 1 1 12 10 1 100 1 12 10 1 100 1 1 12 9 1 1 1 1 1 1 7 12 10 10 1 1 1 7 10 1 1 1 1 1 100 10 1 1 1 7 10 1 1 12 10 1 1 12 10 1 1 12 10 1 12 10 1 1 1 1 1 11 1 1 1 1 1 1 8 1 1 12 10 1 12 11 1 100 1 12 10 1 1 1 1 1 1 1 1 1 1 1
ciInstanceKlass org/jetbrains/kotlin/fir/resolve/PersistentImplicitReceiverStack 1 1 359 1 7 1 1 7 1 7 1 100 1 1 1 3 3 1 3 1 3 1 1 1 1 1 1 1 1 1 1 1 1 1 1 1 1 1 1 1 1 1 1 1 1 1 1 1 1 1 1 1 1 1 1 1 1 1 1 1 1 1 1 1 1 1 1 1 1 1 1 1 1 1 1 1 1 1 1 1 1 12 10 12 9 12 9 12 9 12 9 1 1 7 12 11 1 7 1 1 12 10 1 7 10 1 1 12 10 12 10 1 1 8 1 7 1 1 12 10 1 12 11 1 7 1 1 12 11 1 1 12 11 1 7 1 1 12 10 1 1 1 1 1 1 1 1 1 1 1 1 100 1 12 10 1 1 1 1 8 1 12 11 1 12 10 1 12 10 1 1 12 10 1 7 1 1 12 10 1 7 1 1 12 11 12 10 1 1 12 10 1 1 1 1 12 10 1 100 1 1 1 1 7 1 7 1 1 12 10 1 7 1 1 12 10 1 100 1 1 12 10 1 100 1 1 12 10 1 8 1 12 10 12 10 1 1 1 1 1 7 10 1 7 1 7 1 12 11 1 1 1 1 1 1 1 1 1 8 1 100 11 1 1 12 11 1 100 1 12 11 1 12 11 1 1 12 11 1 100 1 12 10 1 100 1 1 1 1 1 1 1 1 1 12 10 1 11 1 8 12 11 1 1 12 11 1 100 12 10 1 8 1 100 1 1 12 9 1 8 1 100 1 12 10 1 1 12 10 1 1 1 12 10 1 12 10 1 12 10 1 1 12 10 1 1 1 1 1 1 1 1 1 1 1 1 1 1 1 1 1
ciInstanceKlass org/jetbrains/kotlin/load/java/structure/MapBasedJavaAnnotationOwner 1 1 72 1 100 1 100 1 100 1 1 1 3 3 1 3 1 3 1 1 1 1 1 1 1 1 1 1 1 1 1 1 1 1 1 1 1 1 1 8 1 100 1 1 12 10 12 11 1 100 1 1 12 11 1 100 1 1 1 1 1 1 1 1 1 100 1 8 1 1 12 10 1 1
ciInstanceKlass org/jetbrains/kotlin/load/java/structure/JavaElementsKt 1 1 192 1 7 1 100 1 1 1 3 3 1 1 3 1 1 1 1 1 1 1 1 1 1 1 1 1 1 1 1 1 1 1 7 1 7 1 1 1 1 1 8 1 7 1 1 12 10 1 16 1 1 12 10 15 1 16 1 7 1 1 12 10 15 1 1 12 18 1 7 1 1 12 10 1 1 1 7 1 1 12 11 12 10 1 1 12 11 1 1 12 10 1 1 12 11 1 12 9 1 1 12 10 1 100 1 1 1 1 1 100 1 1 12 11 1 100 1 100 1 1 12 10 1 100 1 1 12 10 1 100 1 1 12 10 1 100 1 1 12 10 1 100 1 1 12 11 1 100 1 1 12 11 1 12 11 1 100 1 12 11 1 12 10 1 1 12 11 1 1 1 1 1 1 1 1 1 1 1 1 1 1 1 1 1 1 1 1 1 1 1 1 1
ciInstanceKlass  @bci org/jetbrains/kotlin/load/java/structure/JavaElementsKt buildLazyValueForMap (Lorg/jetbrains/kotlin/load/java/structure/JavaAnnotationOwner;)Lkotlin/Lazy; 7 <appendix> member <vmtarget> ; 1 1 26 1 7 1 7 1 100 1 1 1 1 1 12 10 12 9 1 1 1 100 1 1 12 10 1 1
instanceKlass org/jetbrains/kotlin/load/java/structure/impl/classFiles/BinaryJavaClass
instanceKlass org/jetbrains/kotlin/load/kotlin/FileBasedKotlinClass$2
instanceKlass org/jetbrains/kotlin/load/kotlin/FileBasedKotlinClass$4
instanceKlass org/jetbrains/kotlin/load/kotlin/FileBasedKotlinClass$1
ciInstanceKlass org/jetbrains/org/objectweb/asm/ClassVisitor 1 1 163 1 7 1 7 1 1 1 1 1 1 1 1 12 10 1 1 12 10 3 3 3 3 3 3 3 1 100 1 100 10 1 8 1 1 12 10 1 12 10 1 1 12 10 1 12 10 1 100 1 1 12 10 12 9 12 9 1 1 1 3 1 100 1 8 10 12 10 1 1 1 1 1 1 1 1 1 1 12 10 1 1 1 1 1 8 12 10 1 1 8 12 10 1 1 1 12 10 1 1 1 1 12 10 1 1 1 1 1 8 12 10 1 1 1 1 1 12 10 1 1 1 1 8 12 10 1 1 1 8 12 10 1 1 1 12 10 1 1 1 1 1 8 12 10 1 1 12 10 1 1 1 1 12 10 1 1 12 10 1 1 1 1
ciInstanceKlass org/jetbrains/kotlin/load/java/structure/impl/classFiles/ClassifierResolutionContext 1 1 423 1 7 1 7 1 1 1 3 3 1 3 1 3 1 1 1 1 1 1 1 1 1 1 1 1 1 1 1 1 1 1 1 1 1 1 1 1 1 1 1 1 1 1 1 1 1 1 1 1 1 1 1 1 1 1 1 1 1 1 1 1 1 7 1 7 1 7 1 7 1 1 1 1 1 1 1 1 12 10 12 9 12 9 12 9 1 1 8 1 7 1 1 12 10 1 7 1 1 12 10 1 8 1 12 10 1 7 12 10 1 8 8 8 1 12 10 1 1 12 11 1 1 1 8 1 7 1 1 12 11 1 7 1 1 12 11 1 7 1 12 11 1 1 12 11 1 7 1 1 12 11 1 7 1 1 12 10 1 8 1 1 1 1 1 1 1 1 1 1 1 1 1 1 7 1 1 12 11 1 7 1 1 12 10 1 7 1 12 10 1 8 1 12 10 1 8 1 7 1 1 12 10 1 1 8 1 7 1 7 1 1 12 10 1 12 10 1 1 12 10 1 12 10 12 10 1 1 12 10 1 8 1 1 12 10 1 7 1 12 9 1 1 12 10 1 12 10 1 1 12 10 1 1 1 1 7 10 1 1 12 11 1 1 12 10 10 1 7 1 1 12 10 1 1 12 10 10 1 7 1 1 12 10 1 1 12 10 1 12 10 1 1 12 10 1 7 1 1 12 10 1 12 10 1 7 1 12 10 1 12 10 1 12 10 1 1 12 10 1 1 12 10 1 8 11 1 7 1 1 12 11 1 12 10 1 8 1 7 10 1 12 10 10 1 1 12 10 1 12 10 1 12 11 1 1 12 11 1 8 1 1 12 10 1 12 10 1 12 10 1 1 1 1 1 1 1 1 1 1 1 1 1 1 1 1 1 1 1 1 1 12 10 1 1 12 10 12 10 1 100 1 12 10 1 1 12 10 1 1 1 1 1 1 1 1 1 1 1 1 1 1 1
ciInstanceKlass javaslang/collection/Map 1 1 271 1 100 1 1 100 1 100 1 100 1 100 1 1 100 1 100 1 1 1 5 0 1 1 1 1 1 1 1 1 1 1 1 12 11 1 16 1 100 1 1 12 10 15 1 16 1 100 1 1 12 10 15 1 12 18 1 100 1 1 12 11 1 1 1 1 1 1 1 1 1 1 1 1 1 1 1 1 1 1 1 1 1 1 1 1 1 1 1 1 1 1 1 1 1 1 1 1 1 1 1 1 1 1 1 1 1 100 1 12 9 16 1 1 12 11 15 1 16 1 12 18 1 12 11 1 100 1 1 12 10 1 12 11 1 1 12 10 1 1 1 1 1 1 1 1 1 1 1 1 1 1 1 1 1 1 1 1 1 1 1 1 1 1 1 1 1 1 1 1 1 12 11 1 1 1 8 1 100 1 1 12 10 12 11 1 100 1 12 11 1 1 12 11 1 1 1 1 1 1 1 1 1 1 1 1 1 1 1 1 1 1 1 1 1 1 1 1 1 1 1 1 1 12 11 1 100 1 12 10 1 1 1 1 1 1 1 12 11 1 1 12 9 1 1 12 10 1 1 1 1 1 1 1 1 1 1 1 100 1 8 1 1 12 10 1 1 1 8 1 1
ciInstanceKlass javaslang/collection/HashMap 1 1 634 1 7 1 1 7 1 100 1 100 1 1 100 1 100 1 1 100 1 100 1 1 100 1 100 1 1 100 1 100 1 1 1 5 0 1 1 1 1 1 1 1 1 1 1 12 10 12 9 1 1 1 1 1 12 9 1 1 1 1 8 1 100 1 1 12 10 1 7 1 12 11 1 100 1 1 12 11 1 100 1 1 12 11 1 1 12 11 1 100 1 1 12 9 1 12 9 1 1 12 11 1 1 12 10 1 1 1 1 1 1 1 1 1 1 8 1 8 1 12 10 1 16 1 1 12 10 15 1 16 1 100 1 1 12 10 15 1 1 12 18 1 100 1 1 12 11 12 10 1 1 1 1 1 1 1 1 1 1 12 11 1 1 1 1 1 12 10 1 1 1 1 12 10 15 16 1 12 18 1 12 10 1 1 1 1 1 1 12 10 1 1 1 1 1 16 12 10 15 16 1 1 12 18 1 12 10 1 1 12 10 1 1 1 1 12 10 1 1 1 1 12 10 1 12 10 1 1 1 1 8 1 16 1 1 12 10 15 1 16 1 12 18 1 1 12 10 1 1 1 1 1 12 11 1 1 1 12 10 1 1 1 1 1 1 12 10 1 1 1 1 1 12 10 1 100 1 8 1 12 10 11 1 11 1 100 1 8 10 1 12 10 1 1 12 10 1 1 1 1 12 10 1 11 1 1 1 12 10 15 1 16 1 12 18 1 100 1 1 12 10 1 1 12 10 15 18 1 1 1 1 1 12 10 15 1 16 1 12 18 12 10 1 1 1 1 12 10 1 1 1 1 1 1 12 10 1 1 1 1 1 1 1 12 10 1 1 1 1 12 10 1 1 1 1 1 12 10 1 1 1 1 1 12 10 1 1 12 11 1 12 11 1 1 1 1 8 1 1 1 1 1 1 12 10 1 1 1 1 12 10 1 1 1 8 1 1 12 10 1 1 1 1 1 1 1 12 10 1 1 1 1 12 10 1 1 1 12 10 1 1 12 10 1 1 8 12 10 1 12 10 1 1 12 10 1 12 10 1 12 10 1 12 10 1 1 1 1 100 10 15 16 18 1 12 10 15 18 1 12 10 1 1 1 12 10 15 18 1 12 10 1 12 10 1 12 10 1 1 1 1 1 8 1 1 100 10 12 10 1 1 12 10 1 8 12 10 1 8 1 8 1 1 12 10 1 1 1 1 1 12 10 12 10 1 12 10 12 10 1 12 10 1 12 10 1 12 10 1 12 10 12 10 1 12 10 1 12 10 12 10 12 10 12 10 12 10 12 10 12 10 12 10 12 10 1 12 10 12 10 1 12 10 12 10 1 1 12 10 1 12 10 12 10 1 12 10 1 12 10 1 1 1 100 12 11 1 100 1 12 11 1 1 1 12 10 1 1 100 12 11 1 1 1 1 1 1 1 1 1 1 1 1 1
staticfield javaslang/collection/HashMap EMPTY Ljavaslang/collection/HashMap; javaslang/collection/HashMap
ciInstanceKlass org/jetbrains/kotlin/load/java/structure/MutableJavaAnnotationOwner 1 0 33 1 100 1 100 1 100 1 1 1 3 3 1 3 1 3 1 1 1 1 1 1 1 1 1 1 1 1 1 1 1 1 1
ciInstanceKlass org/jetbrains/kotlin/load/java/structure/impl/VirtualFileBoundJavaClass 1 0 38 1 100 1 100 1 100 1 1 1 3 3 1 3 1 3 1 1 1 1 1 1 1 1 1 1 1 1 1 1 1 1 1 1 1 1 1 1
ciInstanceKlass org/jetbrains/kotlin/load/java/structure/impl/classFiles/BinaryJavaModifierListOwner 1 1 115 1 7 1 100 1 100 1 100 1 1 1 3 3 1 3 1 3 1 1 1 1 1 1 1 1 1 1 1 1 1 1 1 1 1 1 1 1 1 1 1 7 1 100 1 1 7 1 1 7 1 100 1 1 7 1 1 7 1 1 12 11 1 7 1 12 10 1 1 12 11 1 1 1 12 9 1 7 12 11 1 12 9 1 12 9 1 12 9 1 12 9 3 1 1 1 1 1 1 1 1 1 100 1 8 1 1 12 10 1 1 1 8 1 1
ciInstanceKlass org/jetbrains/kotlin/load/java/structure/impl/classFiles/BinaryJavaClass 1 1 779 1 7 1 7 1 7 1 100 1 100 1 1 1 3 3 1 3 1 3 1 1 1 1 1 1 1 1 1 1 1 1 1 1 1 1 1 1 1 1 1 1 1 1 1 1 1 1 1 1 1 1 1 1 1 1 1 1 1 1 1 1 1 1 1 1 1 1 1 1 1 1 1 1 1 1 1 1 1 1 1 1 1 1 1 1 1 1 1 1 1 1 1 1 1 1 1 1 1 1 1 1 1 1 1 1 1 1 1 1 1 1 1 1 1 1 1 1 1 1 1 1 1 1 1 1 1 1 1 1 1 1 1 1 1 1 1 1 1 1 1 1 1 1 1 1 1 1 1 1 1 1 1 1 1 1 1 1 1 1 1 1 1 1 7 1 7 1 1 7 1 1 7 1 7 1 100 1 7 1 1 1 1 1 1 1 1 1 1 1 1 1 1 1 1 1 1 1 7 8 1 7 1 1 12 10 8 8 8 3 12 10 12 9 12 9 12 9 12 9 12 9 12 9 1 7 1 12 10 1 7 12 9 1 7 10 12 9 12 9 12 9 12 9 1 7 1 7 1 1 12 10 12 9 1 7 10 1 7 12 9 12 9 1 7 1 12 10 1 7 1 1 12 10 1 8 1 12 10 1 100 1 12 10 1 1 12 10 1 100 1 1 12 10 1 100 1 7 10 1 8 1 1 12 10 1 12 10 1 1 12 10 1 12 10 1 1 1 1 12 10 1 1 1 12 9 1 7 8 1 1 12 10 1 8 1 12 9 8 1 1 1 1 1 12 10 1 7 1 1 12 10 1 7 1 100 1 1 12 10 1 1 100 1 1 12 11 1 1 12 11 12 10 1 7 1 12 10 1 8 1 1 12 10 3 1 12 11 1 1 1 12 10 1 8 1 1 100 10 1 12 10 1 100 1 100 1 12 10 12 10 1 1 12 10 12 10 1 1 12 11 1 100 1 1 12 10 12 10 1 12 10 1 12 9 1 1 12 10 1 1 12 10 1 1 1 1 1 12 10 1 12 10 12 10 12 10 8 8 1 7 1 12 10 1 8 1 1 12 10 12 10 1 8 1 8 1 7 1 1 12 10 1 8 1 8 1 12 9 1 7 1 12 10 1 1 12 10 1 7 1 12 10 1 7 1 12 10 1 7 1 7 1 1 12 10 1 7 1 8 1 100 1 1 12 10 10 12 10 1 1 1 1 1 1 12 10 1 1 12 10 12 9 8 1 7 1 12 10 1 1 12 10 1 7 1 12 10 1 1 12 11 12 10 12 10 12 10 100 1 12 10 12 10 1 12 10 1 7 1 1 12 10 12 10 1 1 1 1 1 1 1 1 1 1 7 10 1 7 1 7 1 1 12 10 1 1 12 10 1 1 12 10 1 1 12 10 3 1 1 1 1 1 1 7 16 1 1 12 10 15 1 16 1 7 1 1 12 10 15 1 1 12 18 1 12 10 1 1 1 1 12 10 1 12 10 1 7 1 7 1 1 12 10 1 8 1 12 10 1 7 1 12 10 1 7 1 1 1 1 1 8 12 10 1 100 1 12 10 1 1 7 1 1 12 11 1 7 1 1 12 9 1 12 10 1 7 1 12 10 1 100 1 12 10 1 100 1 12 10 1 1 1 12 10 1 1 12 10 1 12 11 10 1 12 10 1 12 10 1 12 10 1 1 12 10 1 1 12 10 1 8 1 1 1 12 10 1 1 1 1 12 10 1 1 12 10 1 1 1 1 1 1 1 1 1 1 1 1
ciInstanceKlass org/jetbrains/kotlin/load/java/structure/ListBasedJavaAnnotationOwner 1 1 104 1 100 1 100 1 100 1 1 1 3 3 1 3 1 3 1 1 1 1 1 1 1 1 1 1 1 1 1 1 1 1 8 1 100 1 1 12 10 1 1 12 11 1 100 1 1 12 11 1 100 1 100 1 1 12 11 1 1 12 11 1 100 1 1 12 11 1 100 1 1 12 10 1 1 12 10 1 1 1 1 1 1 1 1 1 1 1 1 1 1 100 1 8 1 1 12 10 1 1 1 8 1 1
ciInstanceKlass org/jetbrains/kotlin/load/java/structure/JavaType 1 0 38 1 100 1 100 1 100 1 1 1 3 3 1 3 1 3 1 1 1 1 1 1 1 1 1 100 1 8 1 1 12 10 1 1 1 8 1 1
ciInstanceKlass org/jetbrains/kotlin/load/java/structure/impl/classFiles/PlainJavaClassifierType 1 1 135 1 7 1 7 1 100 1 1 1 3 3 1 3 1 3 1 1 1 1 1 1 1 1 1 1 1 1 1 1 1 1 1 1 1 1 1 1 1 1 1 1 1 1 1 1 1 1 1 1 7 1 100 1 1 1 1 1 8 1 7 1 1 12 10 8 1 12 10 12 9 1 7 1 1 12 9 1 7 1 1 12 10 12 9 1 1 1 1 7 1 1 12 11 1 12 10 12 10 12 10 1 7 1 12 11 1 7 1 12 11 1 12 11 1 1 12 11 1 1 1 12 10 12 10 1 1 1 1 1 1 1 1 1 1
ciInstanceKlass org/jetbrains/kotlin/load/java/structure/impl/classFiles/CommonMixinsKt 1 1 32 1 100 1 100 1 1 1 3 3 1 1 3 1 1 1 1 1 1 1 1 1 3 1 1 1 1 1 1 1 1 1
ciInstanceKlass org/jetbrains/kotlin/load/java/structure/JavaMember 1 0 36 1 100 1 100 1 100 1 100 1 100 1 1 1 3 3 1 3 1 3 1 1 1 1 1 1 1 1 1 1 1 1 1 1 1 1
ciInstanceKlass org/jetbrains/kotlin/load/java/structure/impl/classFiles/BinaryJavaField 1 1 133 1 7 1 7 1 100 1 100 1 100 1 1 1 3 3 1 3 1 3 1 1 1 1 1 1 1 1 1 1 1 1 1 1 1 1 1 1 1 1 1 1 1 1 1 1 1 1 1 1 1 1 1 1 1 1 1 1 1 1 1 1 1 1 1 1 1 1 1 1 1 8 1 7 1 1 12 10 8 8 1 12 10 12 9 12 9 12 9 12 9 12 9 12 9 1 7 10 1 7 12 9 1 7 1 7 1 1 12 10 12 9 1 1 1 1 100 1 12 11 1 100 12 10 1 1 1 1 1 1 1 1 1
ciInstanceKlass org/jetbrains/kotlin/load/java/structure/impl/classFiles/PlainJavaPrimitiveType 1 1 43 1 7 1 7 1 100 1 1 1 3 3 1 3 1 3 1 1 1 1 1 1 1 1 1 1 1 1 1 1 1 12 10 12 9 1 1 1 1 1 1 1 1
ciInstanceKlass org/jetbrains/org/objectweb/asm/Type 1 1 353 1 7 1 7 1 1 1 3 1 3 1 3 1 3 1 3 1 3 1 3 1 3 1 3 1 3 1 3 1 3 1 1 1 1 1 1 1 1 1 1 1 1 1 1 1 1 1 1 12 10 12 9 12 9 12 9 12 9 1 1 1 1 7 1 1 12 10 1 1 12 10 1 1 1 1 100 1 1 12 10 1 100 1 1 12 9 12 9 1 100 9 12 9 1 100 9 12 9 1 100 9 12 9 1 100 9 12 9 1 100 9 12 9 1 100 9 12 9 1 100 9 12 9 1 100 9 12 9 1 100 10 1 1 12 10 12 10 1 1 1 1 1 1 12 10 1 1 1 1 1 1 12 10 1 1 1 1 1 12 10 1 1 1 1 12 10 12 10 1 1 1 1 1 12 10 1 1 1 1 1 1 12 10 1 12 10 1 1 12 10 1 7 1 12 10 1 1 1 1 1 1 1 100 1 1 12 10 12 10 1 1 1 1 1 1 12 10 1 1 12 10 1 12 10 1 100 10 1 1 1 1 1 8 1 8 1 8 1 8 1 8 1 8 1 8 1 8 1 8 1 100 12 10 12 10 1 12 10 1 8 1 1 12 10 1 12 10 1 1 12 10 1 1 12 10 1 1 1 1 1 12 10 10 1 12 10 1 1 12 10 1 1 100 10 1 8 1 1 1 12 10 1 1 12 10 1 1 12 10 1 12 10 12 10 1 1 1 1 1 1 12 10 1 1 1 1 1 1 100 10 1 1 1 1 1 1 1 1 1 1 1 1 1 1 8 1 1 1 1 1 1 1
staticfield org/jetbrains/org/objectweb/asm/Type VOID_TYPE Lorg/jetbrains/org/objectweb/asm/Type; org/jetbrains/org/objectweb/asm/Type
staticfield org/jetbrains/org/objectweb/asm/Type BOOLEAN_TYPE Lorg/jetbrains/org/objectweb/asm/Type; org/jetbrains/org/objectweb/asm/Type
staticfield org/jetbrains/org/objectweb/asm/Type CHAR_TYPE Lorg/jetbrains/org/objectweb/asm/Type; org/jetbrains/org/objectweb/asm/Type
staticfield org/jetbrains/org/objectweb/asm/Type BYTE_TYPE Lorg/jetbrains/org/objectweb/asm/Type; org/jetbrains/org/objectweb/asm/Type
staticfield org/jetbrains/org/objectweb/asm/Type SHORT_TYPE Lorg/jetbrains/org/objectweb/asm/Type; org/jetbrains/org/objectweb/asm/Type
staticfield org/jetbrains/org/objectweb/asm/Type INT_TYPE Lorg/jetbrains/org/objectweb/asm/Type; org/jetbrains/org/objectweb/asm/Type
staticfield org/jetbrains/org/objectweb/asm/Type FLOAT_TYPE Lorg/jetbrains/org/objectweb/asm/Type; org/jetbrains/org/objectweb/asm/Type
staticfield org/jetbrains/org/objectweb/asm/Type LONG_TYPE Lorg/jetbrains/org/objectweb/asm/Type; org/jetbrains/org/objectweb/asm/Type
staticfield org/jetbrains/org/objectweb/asm/Type DOUBLE_TYPE Lorg/jetbrains/org/objectweb/asm/Type; org/jetbrains/org/objectweb/asm/Type
instanceKlass org/jetbrains/kotlin/load/java/structure/impl/classFiles/BinaryJavaConstructor
instanceKlass org/jetbrains/kotlin/load/java/structure/impl/classFiles/BinaryJavaMethod
ciInstanceKlass org/jetbrains/kotlin/load/java/structure/impl/classFiles/BinaryJavaMethodBase 1 1 141 1 7 1 7 1 100 1 100 1 100 1 1 1 3 3 1 3 1 3 1 1 1 1 1 1 1 1 1 1 1 1 1 1 1 1 1 1 1 1 1 1 1 1 1 1 1 1 1 1 1 1 1 1 1 1 1 1 1 1 1 1 1 7 1 1 1 1 1 1 1 1 1 8 1 7 1 1 12 10 8 8 8 1 12 10 12 9 12 9 12 9 12 9 12 9 1 7 10 1 7 12 9 1 7 1 7 1 1 12 10 12 9 1 1 1 1 1 1 100 1 1 12 11 1 100 1 1 12 10 12 9 1 1 1 1 1 1 1 1 1
staticfield org/jetbrains/kotlin/load/java/structure/impl/classFiles/BinaryJavaMethodBase Companion Lorg/jetbrains/kotlin/load/java/structure/impl/classFiles/BinaryJavaMethodBase$Companion; org/jetbrains/kotlin/load/java/structure/impl/classFiles/BinaryJavaMethodBase$Companion
ciInstanceKlass org/jetbrains/kotlin/load/java/structure/impl/classFiles/BinaryJavaMethodBase$Companion 1 1 330 1 7 1 7 1 1 1 3 3 1 3 1 3 1 1 1 1 1 1 1 1 1 1 1 1 1 1 1 1 1 1 1 1 1 1 1 1 1 1 1 1 1 1 1 7 1 1 7 12 10 1 1 1 1 1 8 1 7 1 1 12 10 8 8 8 8 8 1 1 12 10 1 7 1 1 12 10 1 7 1 1 12 11 1 1 12 11 1 12 11 1 12 10 1 1 12 10 1 1 12 10 1 12 10 1 7 1 7 1 1 12 10 1 12 10 1 100 1 7 1 7 1 1 12 10 1 12 10 1 7 1 1 12 10 1 1 12 11 1 7 11 1 7 1 1 12 10 1 12 10 1 1 12 11 1 7 1 12 11 1 1 12 11 1 12 10 1 7 1 7 1 12 10 1 1 12 11 1 7 1 12 10 1 7 1 7 1 1 12 10 1 8 1 12 10 1 12 10 1 7 1 7 1 1 12 10 1 12 10 1 7 1 1 12 10 1 1 1 1 1 1 1 1 1 1 1 1 1 1 1 1 1 1 1 1 1 1 1 1 1 1 1 1 1 1 1 1 1 1 1 1 1 12 10 1 8 1 1 12 10 1 8 1 7 1 1 12 10 1 12 10 1 1 1 1 1 1 1 1 7 1 12 10 1 7 1 1 12 10 1 1 12 10 1 100 10 12 10 10 3 1 1 12 10 11 1 7 1 1 12 10 1 1 1 1 10 1 1 1 1 1 1 1 1 1 1 1 1 1
ciInstanceKlass org/jetbrains/kotlin/load/java/structure/impl/classFiles/BinaryJavaMethodBase$Companion$MethodInfo 1 1 73 1 7 1 7 1 1 1 3 3 1 3 1 3 1 1 1 1 1 1 1 1 1 1 1 1 1 1 1 1 1 1 1 100 1 100 1 1 1 1 1 1 1 8 1 7 1 1 12 10 8 8 1 12 10 12 9 12 9 12 9 1 1 1 1 1 1 1 1 1 1 1 1
ciInstanceKlass org/jetbrains/kotlin/load/java/structure/JavaMethod 1 1 101 1 100 1 100 1 100 1 100 1 1 1 3 3 1 3 1 3 1 1 1 1 1 1 1 1 1 1 1 1 1 1 1 1 1 1 1 1 1 1 1 1 1 1 12 11 1 1 1 1 1 1 1 1 1 1 100 1 8 1 1 12 10 1 1 1 8 1 1 1 8 1 1 1 8 1 1 1 8 1 1 8 1 1 8 1 1 8 1 1 1 8 1 1 1 8 1 1 8 1 1
ciInstanceKlass org/jetbrains/kotlin/load/java/structure/impl/classFiles/BinaryJavaMethod 1 1 109 1 7 1 7 1 100 1 1 1 3 3 1 3 1 3 1 1 1 1 1 1 1 1 1 1 1 1 1 1 1 1 1 1 1 1 1 1 1 1 1 1 1 1 1 1 1 1 1 8 1 7 1 1 12 10 8 8 8 8 1 12 10 12 9 1 1 1 12 9 1 100 1 100 1 12 10 1 8 1 1 12 10 1 12 10 1 8 1 8 1 12 10 1 1 12 10 1 12 10 1 1 1 1 1 1 1 1 1
instanceKlass org/jetbrains/kotlin/load/kotlin/FileBasedKotlinClass$4$2
instanceKlass org/jetbrains/org/objectweb/asm/MethodWriter
instanceKlass org/jetbrains/kotlin/load/java/structure/impl/classFiles/AnnotationsAndParameterCollectorMethodVisitor
ciInstanceKlass org/jetbrains/org/objectweb/asm/MethodVisitor 1 1 250 1 7 1 7 1 1 1 1 8 1 1 1 1 1 1 1 12 10 1 1 12 10 3 3 3 3 3 3 3 1 100 1 100 10 1 8 1 1 12 10 1 12 10 1 1 12 10 1 12 10 1 100 1 1 12 10 12 9 12 9 1 1 1 1 100 10 12 10 1 1 1 1 12 10 1 1 12 10 1 1 1 1 1 12 10 1 1 1 1 1 12 10 1 1 1 12 10 1 1 1 12 10 1 1 1 12 10 1 1 12 10 1 1 1 1 1 1 1 12 10 1 1 1 12 10 1 1 12 10 1 1 1 12 10 1 1 12 10 1 1 1 1 12 10 1 1 8 12 10 1 1 1 12 10 1 1 1 1 1 12 10 1 1 1 1 12 10 1 1 100 1 100 1 1 12 10 1 100 1 8 12 10 1 1 1 12 10 1 1 1 12 10 1 1 1 1 1 1 1 12 10 1 1 1 12 10 1 1 12 10 1 1 12 10 1 1 1 1 12 10 1 1 12 10 1 1 1 1 12 10 1 12 10 1 1 12 10 1 1 1 12 10 1 1 1 1 1 1 1
ciInstanceKlass org/jetbrains/kotlin/load/java/structure/impl/classFiles/AnnotationsAndParameterCollectorMethodVisitor 1 1 360 1 7 1 7 1 1 1 3 3 1 3 1 3 1 1 1 1 1 1 1 1 1 1 1 1 1 1 1 1 1 1 1 1 1 1 1 1 1 1 1 1 1 1 1 1 1 1 1 1 1 1 1 1 1 7 1 7 1 1 1 1 1 8 1 7 1 1 12 10 8 8 3 1 12 10 12 9 12 9 12 9 12 9 12 9 12 9 12 9 1 7 1 1 12 10 1 7 1 1 12 10 12 9 1 1 1 1 7 1 16 1 1 12 10 15 1 16 1 7 1 1 12 10 15 1 1 12 18 1 12 10 1 7 1 1 12 9 1 7 1 1 12 10 1 100 1 1 12 10 1 7 1 100 1 100 1 12 10 1 8 1 1 12 10 1 12 10 1 12 10 1 8 1 8 1 8 1 1 12 10 1 100 1 1 12 11 1 12 10 1 1 12 10 1 1 12 10 1 100 10 1 12 10 1 100 1 100 1 1 12 10 1 8 1 12 10 1 1 12 10 1 1 1 1 8 1 12 9 1 7 1 1 12 10 1 1 1 1 7 1 1 12 11 1 1 8 1 7 10 1 1 12 10 1 100 1 7 1 1 12 10 1 7 1 100 1 1 12 10 1 12 10 1 12 10 1 7 1 12 10 1 7 1 1 12 10 1 12 10 1 12 10 1 1 12 10 1 7 1 1 12 10 1 12 10 1 1 12 10 1 1 12 10 1 1 1 1 1 1 8 1 100 1 1 12 10 1 7 1 1 12 9 1 1 1 1 1 12 10 1 7 1 1 12 11 1 1 1 1 1 1 1 1 1 1 1 1 1 1
ciInstanceKlass org/jetbrains/kotlin/load/java/structure/JavaConstructor 1 0 36 1 100 1 100 1 100 1 100 1 1 1 3 3 1 3 1 3 1 1 1 1 1 1 1 1 1 1 1 1 1 1 1 1 1 1
ciInstanceKlass org/jetbrains/kotlin/load/java/structure/impl/classFiles/BinaryJavaConstructor 1 1 63 1 100 1 7 1 100 1 1 1 3 3 1 3 1 3 1 1 1 1 1 1 1 1 1 1 1 1 1 1 1 1 1 1 1 8 1 7 1 1 12 10 8 8 1 7 1 1 12 9 1 12 10 1 1 1 1 1 1 1 1 1 1
ciInstanceKlass org/jetbrains/kotlin/load/java/structure/JavaValueParameter 1 0 39 1 100 1 100 1 100 1 1 1 3 3 1 3 1 3 1 1 1 1 1 1 1 1 1 1 1 1 1 1 1 1 1 1 1 1 1 1 1
ciInstanceKlass org/jetbrains/kotlin/load/java/structure/impl/classFiles/BinaryJavaValueParameter 1 1 155 1 7 1 7 1 100 1 100 1 100 1 1 1 3 3 1 3 1 3 1 1 1 1 1 1 1 1 1 1 1 1 1 1 1 1 1 1 1 1 1 1 1 1 1 1 1 1 1 1 1 1 1 1 1 1 1 1 1 1 1 1 1 1 1 8 1 7 1 1 12 10 1 12 10 12 9 12 9 1 7 10 1 7 12 9 1 7 1 7 1 1 12 10 12 9 1 1 1 1 100 1 1 12 11 1 100 12 9 1 8 12 10 1 100 1 12 9 1 100 10 1 8 1 1 12 10 1 12 10 1 8 1 1 12 10 1 100 1 12 10 12 10 1 1 1 1 1 1 1 1 1 1 1 1
ciInstanceKlass org/jetbrains/kotlin/load/java/structure/impl/classFiles/PlainJavaArrayType 1 1 50 1 7 1 7 1 100 1 1 1 3 3 1 3 1 3 1 1 1 1 1 1 1 1 1 1 1 1 1 1 8 1 7 1 1 12 10 1 12 10 12 9 1 1 1 1 1 1 1 1
ciInstanceKlass org/jetbrains/kotlin/load/java/structure/JavaTypeParameter 1 0 33 1 100 1 100 1 100 1 1 1 3 3 1 3 1 3 1 1 1 1 1 1 1 1 1 1 1 1 1 1 1 1 1
ciInstanceKlass org/jetbrains/kotlin/load/java/structure/impl/classFiles/BinaryJavaTypeParameter 1 1 90 1 7 1 7 1 100 1 100 1 100 1 1 1 3 3 1 3 1 3 1 1 1 1 1 1 1 1 1 1 1 1 1 1 1 1 1 1 1 1 1 1 1 1 1 1 1 1 1 1 1 1 1 8 1 7 1 1 12 10 8 1 12 10 12 9 12 9 12 9 1 7 10 1 7 12 9 1 1 1 12 9 1 1 1 1 1 1 1 1
ciMethod java/lang/Object <init> ()V 1024 0 1243423 0 80
ciMethod java/lang/Object getClass ()Ljava/lang/Class; 256 0 128 0 -1
ciMethod java/lang/Object equals (Ljava/lang/Object;)Z 512 0 69658 0 -1
ciMethod java/lang/String length ()I 606 0 347758 0 112
ciMethod java/lang/String charAt (I)C 516 0 491516 0 192
ciMethod java/lang/String equals (Ljava/lang/Object;)Z 808 0 13787 0 400
ciMethod java/lang/String indexOf (II)I 630 0 6551 0 544
ciMethod java/lang/String substring (II)Ljava/lang/String; 512 0 18820 0 -1
ciMethod java/lang/String coder ()B 756 0 475381 0 88
ciMethod java/lang/String isLatin1 ()Z 758 0 591968 0 88
ciMethod java/lang/String checkIndex (II)V 516 0 499494 0 128
ciMethod java/lang/invoke/DirectMethodHandle constructorMethod (Ljava/lang/Object;)Ljava/lang/Object; 520 0 96170 0 128
ciMethod java/lang/invoke/DirectMethodHandle allocateInstance (Ljava/lang/Object;)Ljava/lang/Object; 520 0 95144 0 424
ciMethod java/lang/StringBuilder <init> ()V 8 0 48461 0 -1
ciMethod java/lang/StringBuilder append (Ljava/lang/String;)Ljava/lang/StringBuilder; 10 0 109520 0 -1
ciMethod java/lang/StringBuilder append (C)Ljava/lang/StringBuilder; 860 0 106028 0 -1
ciMethod java/lang/StringBuilder append (I)Ljava/lang/StringBuilder; 6 0 11764 0 -1
ciMethod java/lang/StringBuilder toString ()Ljava/lang/String; 10 0 54610 0 -1
ciMethod jdk/internal/misc/Unsafe allocateInstance (Ljava/lang/Class;)Ljava/lang/Object; 256 0 128 0 -1
ciMethod java/util/AbstractMap <init> ()V 622 0 43411 0 0
ciMethod java/lang/Iterable iterator ()Ljava/util/Iterator; 0 0 1 0 -1
ciMethod java/util/Collection size ()I 0 0 1 0 -1
ciMethod java/util/Collection isEmpty ()Z 0 0 1 0 -1
ciMethod java/util/Collection add (Ljava/lang/Object;)Z 0 0 1 0 -1
ciMethod java/util/List size ()I 0 0 1 0 -1
ciMethod java/util/List add (Ljava/lang/Object;)Z 0 0 1 0 -1
ciMethod java/util/List get (I)Ljava/lang/Object; 0 0 1 0 -1
ciMethod java/util/List listIterator (I)Ljava/util/ListIterator; 0 0 1 0 -1
ciMethod java/util/ArrayList <init> (I)V 774 0 6574 0 856
ciMethod java/util/ArrayList <init> ()V 60 0 108598 0 -1
ciMethod java/util/ArrayList grow (I)[Ljava/lang/Object; 76 0 5179 0 1600
ciMethod java/util/ArrayList grow ()[Ljava/lang/Object; 74 0 4608 0 0
ciMethod java/util/ArrayList size ()I 256 0 128 0 0
ciMethod java/util/ArrayList add (Ljava/lang/Object;[Ljava/lang/Object;I)V 490 0 59740 0 0
ciMethod java/util/ArrayList add (Ljava/lang/Object;)Z 490 0 59734 0 512
ciMethod java/util/ArrayList iterator ()Ljava/util/Iterator; 516 0 9562 0 200
ciMethod java/util/AbstractList <init> ()V 74 0 155774 0 88
ciMethod java/util/AbstractCollection <init> ()V 754 0 179013 0 80
ciMethod java/lang/Float isNaN (F)Z 512 0 5417 0 0
ciMethod java/lang/Integer valueOf (I)Ljava/lang/Integer; 840 0 37420 0 208
ciMethod java/lang/Integer <init> (I)V 544 0 3823 0 -1
ciMethod java/lang/Integer numberOfLeadingZeros (I)I 32 0 5176 0 -1
ciMethod java/util/Iterator hasNext ()Z 0 0 1 0 -1
ciMethod java/util/Iterator next ()Ljava/lang/Object; 0 0 1 0 -1
ciMethod java/lang/StringLatin1 charAt ([BI)C 516 0 491513 0 0
ciMethod java/lang/StringLatin1 canEncode (I)Z 722 0 87819 0 104
ciMethod java/lang/StringLatin1 equals ([B[B)Z 790 562 1670 0 -1
ciMethod java/lang/StringLatin1 indexOf ([BIII)I 630 0 6551 0 496
ciMethod java/lang/StringLatin1 indexOfChar ([BIII)I 268 11692 2559 0 -1
ciMethod java/lang/Math max (II)I 730 0 40649 0 -1
ciMethod java/lang/Math min (II)I 524 0 66048 0 -1
ciMethod java/util/HashMap tableSizeFor (I)I 512 0 7963 0 0
ciMethod java/util/HashMap <init> (IF)V 512 0 5392 0 328
ciMethod java/util/HashMap put (Ljava/lang/Object;Ljava/lang/Object;)Ljava/lang/Object; 1024 0 13963 0 -1
ciMethod jdk/internal/util/ArraysSupport newLength (III)I 512 0 6768 0 0
ciMethod jdk/internal/util/ArraysSupport hugeLength (II)I 0 0 1 0 -1
ciMethod jdk/internal/util/Preconditions checkIndex (IILjava/util/function/BiFunction;)I 832 0 2901 0 -1
ciMethod java/util/Arrays copyOf ([Ljava/lang/Object;I)[Ljava/lang/Object; 178 0 11871 0 680
ciMethod java/util/Arrays copyOf ([Ljava/lang/Object;ILjava/lang/Class;)[Ljava/lang/Object; 4156 0 7345 0 -1
ciMethod java/util/AbstractSet <init> ()V 512 0 20041 0 80
ciMethod java/lang/StringUTF16 getChar ([BI)C 1024 0 1518 0 -1
ciMethod java/lang/StringUTF16 indexOf ([BIII)I 0 0 4 0 0
ciMethod java/lang/StringUTF16 indexOfChar ([BIII)I 8 0 4 0 -1
ciMethod java/lang/StringUTF16 indexOfSupplementary ([BIII)I 0 0 1 0 -1
ciMethod java/lang/StringUTF16 charAt ([BI)C 0 0 3585 0 0
ciMethod java/lang/StringUTF16 checkIndex (I[B)V 0 0 3585 0 -1
ciMethodData java/lang/Object <init> ()V 2 1242923 orig 80 0 0 0 0 0 0 0 0 0 0 0 0 0 0 0 0 0 0 0 0 0 0 0 0 0 0 0 0 0 0 0 0 0 0 0 0 0 0 0 0 0 0 0 0 0 0 0 0 0 0 0 0 0 0 0 0 0 0 0 0 0 0 0 0 0 0 0 0 0 0 0 0 0 0 0 0 0 0 0 0 data 4 0x0 0x9 0x1 0x0 oops 0 methods 0
ciMethod java/lang/IllegalArgumentException <init> (Ljava/lang/String;)V 0 0 1 0 -1
ciMethodData java/lang/String charAt (I)C 2 491258 orig 80 0 0 0 0 0 0 0 0 0 0 0 0 249 127 0 0 0 0 0 0 0 0 0 0 0 0 0 0 0 0 0 0 0 0 0 0 0 0 0 0 0 0 0 0 0 0 0 0 0 0 0 0 0 0 0 0 0 0 0 0 0 0 0 0 0 0 0 0 0 0 0 0 0 0 0 0 0 0 0 0 data 25 0x10005 0x77efa 0x0 0x0 0x0 0x0 0x0 0x40007 0x3 0x30 0x77ef7 0xc0002 0x77ef7 0x150002 0x3 0x0 0x0 0x0 0x0 0x0 0x0 0x9 0x2 0x0 0x0 oops 0 methods 0
ciMethodData java/lang/String isLatin1 ()Z 2 591590 orig 80 0 0 0 0 0 0 0 0 0 0 0 0 0 0 0 0 0 0 0 0 0 0 0 0 0 0 0 0 0 0 0 0 0 0 0 0 0 0 0 0 0 0 0 0 0 0 0 0 0 0 0 0 0 0 0 0 0 0 0 0 0 0 0 0 0 0 0 0 0 0 0 0 0 0 0 0 0 0 0 0 data 18 0x30007 0x0 0x58 0x906e6 0xa0007 0x6 0x38 0x906e0 0xe0003 0x906e0 0x18 0x0 0x0 0x0 0x0 0x9 0x1 0x0 oops 0 methods 0
ciMethodData java/lang/StringLatin1 charAt ([BI)C 2 491256 orig 80 0 0 0 0 0 0 0 0 0 0 0 0 0 0 0 0 0 0 0 0 0 0 0 0 0 0 0 0 0 0 0 0 0 0 0 0 0 0 0 0 0 0 0 0 0 0 0 0 0 0 0 0 0 0 0 0 0 0 0 0 0 0 0 0 0 0 0 0 0 0 0 0 0 0 0 0 0 0 0 0 data 12 0x30002 0x77ef8 0x0 0x0 0x0 0x0 0x0 0x0 0x9 0x2 0x0 0x0 oops 0 methods 0
ciMethodData java/lang/String checkIndex (II)V 2 499236 orig 80 0 0 0 0 0 0 0 0 0 0 0 0 0 0 0 0 0 0 0 0 0 0 0 0 0 0 0 0 0 0 0 0 0 0 0 0 0 0 0 0 0 0 0 0 0 0 0 0 0 0 0 0 0 0 0 0 0 0 0 0 0 0 0 0 0 0 0 0 0 0 0 0 0 0 0 0 0 0 0 0 data 12 0x50002 0x79e24 0x0 0x0 0x0 0x0 0x0 0x0 0x9 0x2 0x0 0x0 oops 0 methods 0
ciMethodData java/lang/StringUTF16 charAt ([BI)C 2 3585 orig 80 0 0 0 0 0 0 0 0 0 0 0 0 0 0 0 0 0 0 0 0 0 0 0 0 0 0 0 0 0 0 0 0 0 0 0 0 0 0 0 0 0 0 0 0 0 0 0 0 0 0 0 0 0 0 0 0 0 0 0 0 0 0 0 0 0 0 0 0 0 0 0 0 0 0 0 0 0 0 0 0 data 14 0x20002 0xe01 0x70002 0x421 0x0 0x0 0x0 0x0 0x0 0x0 0x9 0x2 0x0 0x0 oops 0 methods 0
ciMethod java/util/HashSet <init> (IFZ)V 514 0 6421 0 736
ciMethod java/util/HashSet add (Ljava/lang/Object;)Z 792 0 8202 0 5280
ciMethodData java/lang/String equals (Ljava/lang/Object;)Z 2 13383 orig 80 2 0 0 0 0 0 0 0 0 0 0 0 249 127 0 0 0 0 0 0 4 0 0 0 0 0 0 0 0 0 0 0 0 0 0 0 0 0 0 1 0 0 0 0 0 0 0 0 0 0 0 0 0 0 0 0 0 0 0 0 0 0 0 0 0 0 0 0 0 0 0 0 0 0 0 0 0 0 0 0 data 49 0x20007 0x2e51 0x20 0x5f6 0x8000000400080104 0xffffffffffffff27 0x0 0x1f145402b88 0x2d7a 0x1f14c9e28c8 0xd9 0xb0007 0xdb 0xe0 0x2d7a 0xf0004 0x0 0x0 0x1f145402b88 0x2d7a 0x0 0x0 0x160007 0x0 0x40 0x2d7a 0x8000000600210007 0xc 0x68 0x2d6f 0x2c0002 0x2d6f 0x2f0007 0x2270 0x38 0xaff 0x330003 0xaff 0x18 0x0 0x0 0x0 0x0 0x0 0x0 0x9 0x2 0x0 0x0 oops 3 7 java/lang/String 9 org/jetbrains/kotlin/cli/jvm/compiler/jarfs/ByteArrayCharSequence 18 java/lang/String methods 0
ciMethodData java/util/AbstractCollection <init> ()V 2 178639 orig 80 0 0 0 0 0 0 0 0 0 0 0 0 249 127 0 0 0 0 0 0 0 0 0 0 0 0 0 0 0 0 0 0 0 0 0 0 0 0 0 0 0 0 0 0 0 0 0 0 0 0 0 0 0 0 0 0 0 0 0 0 0 0 0 0 0 0 0 0 0 0 0 0 0 0 0 0 0 0 0 0 data 7 0x10002 0x2b9cf 0x0 0x0 0x9 0x1 0x0 oops 0 methods 0
ciMethodData java/lang/String coder ()B 2 475003 orig 80 0 0 0 0 0 0 0 0 0 0 0 0 249 127 0 0 0 0 0 0 0 0 0 0 0 0 0 0 0 0 0 0 0 0 0 0 0 0 0 0 0 0 0 0 0 0 0 0 0 0 0 0 0 0 0 0 0 0 0 0 0 0 0 0 0 0 0 0 0 0 0 0 0 0 0 0 0 0 0 0 data 14 0x30007 0x0 0x38 0x73f7b 0xa0003 0x73f7b 0x18 0x0 0x0 0x0 0x0 0x9 0x1 0x0 oops 0 methods 0
ciMethodData java/lang/String length ()I 2 347556 orig 80 0 0 0 0 0 0 0 0 0 0 0 0 249 127 0 0 0 0 0 0 0 0 0 0 0 0 0 0 0 0 0 0 0 0 0 0 0 0 0 0 0 0 0 0 0 0 0 0 0 0 0 0 0 0 0 0 0 0 0 0 0 0 0 0 0 0 0 0 0 0 0 0 0 0 0 0 0 0 0 0 data 16 0x60005 0x54da4 0x0 0x0 0x0 0x0 0x0 0x0 0x0 0x0 0x0 0x0 0x0 0x9 0x1 0x0 oops 0 methods 0
ciMethodData java/lang/StringLatin1 canEncode (I)Z 2 87458 orig 80 0 0 0 0 0 0 0 0 0 0 0 0 249 127 0 0 0 0 0 0 0 0 0 0 0 0 0 0 0 0 0 0 0 0 0 0 0 0 0 0 0 0 0 0 0 0 0 0 0 0 0 0 0 0 0 0 0 0 0 0 0 0 0 0 0 0 0 0 0 0 0 0 0 0 0 0 0 0 0 0 data 11 0x40007 0x0 0x38 0x155a2 0x80003 0x155a2 0x18 0x0 0x9 0x1 0x0 oops 0 methods 0
ciMethodData java/lang/String indexOf (II)I 2 6236 orig 80 0 0 0 0 0 0 0 0 0 0 0 0 249 127 0 0 0 0 0 0 0 0 0 0 0 0 0 0 0 0 0 0 0 0 0 0 0 0 0 4 0 0 0 0 0 0 0 0 0 0 0 0 0 0 0 0 0 0 0 0 0 0 0 0 0 0 0 0 0 0 0 0 0 0 0 0 0 0 0 0 data 43 0x10005 0x185c 0x0 0x0 0x0 0x0 0x0 0x8000000600040007 0x4 0x80 0x185c 0xe0005 0x185c 0x0 0x0 0x0 0x0 0x0 0x110002 0x185c 0x140003 0x185c 0x60 0x1e0005 0x4 0x0 0x0 0x0 0x0 0x0 0x210002 0x4 0x0 0x0 0x0 0x0 0x0 0x0 0x9 0x3 0xffffffffffffffff 0x0 0x0 oops 0 methods 0
ciMethodData java/lang/StringLatin1 indexOf ([BIII)I 2 6236 orig 80 0 0 0 0 0 0 0 0 0 0 0 0 0 0 0 0 0 0 0 0 0 0 0 0 0 0 0 0 0 0 0 0 0 0 0 0 0 0 0 0 0 0 0 0 0 0 0 0 0 0 0 0 0 0 0 0 0 0 0 0 0 0 0 0 0 0 0 0 0 0 0 0 0 0 0 0 0 0 0 0 data 28 0x10002 0x185c 0x40007 0x185c 0x20 0x0 0xb0002 0x185c 0x120002 0x185c 0x180007 0x16ae 0x20 0x1ae 0x210002 0x16ae 0x0 0x0 0x0 0x0 0x0 0x0 0x9 0x4 0x0 0x0 0x0 0x0 oops 0 methods 0
ciMethodData java/lang/StringUTF16 indexOf ([BIII)I 1 4 orig 80 0 0 0 0 0 0 0 0 0 0 0 0 0 0 0 0 0 0 0 0 0 0 0 0 0 0 0 0 0 0 0 0 0 0 0 0 0 0 0 0 0 0 0 0 0 0 0 0 0 0 0 0 0 0 0 0 0 0 0 0 0 0 0 0 0 0 0 0 0 0 0 0 0 0 0 0 0 0 0 0 data 28 0x20002 0x4 0xb0002 0x4 0x110007 0x4 0x20 0x0 0x190007 0x0 0x30 0x4 0x200002 0x4 0x280002 0x0 0x0 0x0 0x0 0x0 0x0 0x0 0x9 0x4 0x0 0x0 0x0 0x0 oops 0 methods 0
ciMethod java/util/LinkedHashMap <init> (IF)V 514 0 6421 0 0
ciMethodData java/util/AbstractMap <init> ()V 2 43100 orig 80 0 0 0 0 0 0 0 0 0 0 0 0 0 0 0 0 0 0 0 0 0 0 0 0 0 0 0 0 0 0 0 0 0 0 0 0 0 0 0 0 0 0 0 0 0 0 0 0 0 0 0 0 0 0 0 0 0 0 0 0 0 0 0 0 0 0 0 0 0 0 0 0 0 0 0 0 0 0 0 0 data 7 0x10002 0xa85c 0x0 0x0 0x9 0x1 0x0 oops 0 methods 0
ciMethodData jdk/internal/util/ArraysSupport newLength (III)I 2 6512 orig 80 0 0 0 0 0 0 0 0 0 0 0 0 249 127 0 0 0 0 0 0 0 0 0 0 0 0 0 0 0 0 0 0 0 0 0 0 0 0 0 0 0 0 0 0 0 0 0 0 0 0 0 0 0 0 0 0 0 0 0 0 0 0 0 0 0 0 0 0 0 0 0 0 0 0 0 0 0 0 0 0 data 23 0x30002 0x1970 0xa0007 0x0 0x40 0x1970 0x100007 0x0 0x20 0x1970 0x170002 0x0 0x0 0x0 0x0 0x0 0x0 0x0 0x9 0x3 0x0 0x0 0x0 oops 0 methods 0
ciMethod java/lang/invoke/DirectMethodHandle$Holder newInvokeSpecial (Ljava/lang/Object;Ljava/lang/Object;)Ljava/lang/Object; 780 0 54108 0 -1
ciMethod kotlin/jvm/internal/Intrinsics checkNotNull (Ljava/lang/Object;)V 814 0 48855 0 104
ciMethod kotlin/jvm/internal/Intrinsics throwJavaNpe ()V 0 0 1 0 -1
ciMethod kotlin/jvm/internal/Intrinsics checkNotNullExpressionValue (Ljava/lang/Object;Ljava/lang/String;)V 814 0 5763 0 112
ciMethod kotlin/jvm/internal/Intrinsics checkNotNullParameter (Ljava/lang/Object;Ljava/lang/String;)V 556 0 2097432 0 112
ciMethod kotlin/jvm/internal/Intrinsics throwParameterIsNullNPE (Ljava/lang/String;)V 0 0 1 0 -1
ciMethod kotlin/jvm/internal/Intrinsics areEqual (Ljava/lang/Object;Ljava/lang/Object;)Z 718 0 165518 0 136
ciMethod java/lang/invoke/Invokers$Holder linkToTargetMethod (Ljava/lang/Object;Ljava/lang/Object;)Ljava/lang/Object; 514 0 53643 0 -1
ciMethod java/util/ArrayList$Itr <init> (Ljava/util/ArrayList;)V 516 0 12345 0 0
ciMethod java/util/ArrayList$Itr hasNext ()Z 528 0 11636 0 120
ciMethod java/util/ArrayList$Itr next ()Ljava/lang/Object; 516 0 7141 0 272
ciMethod java/util/ArrayList$Itr checkForComodification ()V 516 0 10026 0 128
ciMethodData java/util/AbstractList <init> ()V 2 155743 orig 80 0 0 0 0 0 0 0 0 0 0 0 0 0 0 0 0 0 0 0 0 0 0 0 0 0 0 0 0 0 0 0 0 0 0 0 0 0 0 0 0 0 0 0 0 0 0 0 0 0 0 0 0 0 0 0 0 0 0 0 0 0 0 0 0 0 0 0 0 0 0 0 0 0 0 0 0 0 0 0 0 data 9 0x10002 0x2605f 0x0 0x0 0x0 0x0 0x9 0x1 0x6 oops 0 methods 0
ciMethodData java/lang/Integer valueOf (I)Ljava/lang/Integer; 2 37279 orig 80 1 0 0 0 0 0 0 0 0 0 0 0 249 127 0 0 0 0 0 0 0 0 0 0 0 0 0 0 0 0 0 0 0 0 0 0 0 0 0 1 0 0 0 0 0 0 0 0 0 0 0 0 0 0 0 0 0 0 0 0 0 0 0 0 0 0 0 0 0 0 0 0 0 0 0 0 0 0 0 0 data 17 0x8000000600030007 0x19 0x40 0x9187 0xa0007 0xdc7 0x20 0x83c0 0x1c0002 0xde0 0x0 0x0 0x0 0x0 0x9 0x1 0x0 oops 0 methods 0
ciMethodData java/util/ArrayList add (Ljava/lang/Object;)Z 2 59495 orig 80 0 0 0 0 0 0 0 0 0 0 0 0 0 0 0 0 0 0 0 0 0 0 0 0 0 0 0 0 0 0 0 0 0 0 0 0 0 0 0 0 0 0 0 0 0 0 0 0 0 0 0 0 0 0 0 0 0 0 0 0 0 0 0 0 0 0 0 0 0 0 0 0 0 0 0 0 0 0 0 0 data 17 0x140005 0xe867 0x0 0x0 0x0 0x0 0x0 0x0 0x0 0x0 0x0 0x0 0x0 0x9 0x2 0xe 0x0 oops 0 methods 0
ciMethodData java/util/ArrayList add (Ljava/lang/Object;[Ljava/lang/Object;I)V 2 59496 orig 80 0 0 0 0 0 0 0 0 0 0 0 0 0 0 0 0 0 0 0 0 0 0 0 0 0 0 0 0 0 0 0 0 0 0 0 0 0 0 0 0 0 0 0 0 0 0 0 0 0 0 0 0 0 0 0 0 0 0 0 0 0 0 0 0 0 0 0 0 0 0 0 0 0 0 0 0 0 0 0 0 data 30 0x30007 0xd68d 0x58 0x11db 0x70005 0x11db 0x0 0x0 0x0 0x0 0x0 0xe0104 0x0 0x0 0x1f145402c18 0x1827 0x1f14b184248 0x409 0x0 0x0 0x0 0x0 0x0 0x0 0x9 0x4 0xc 0x0 0xffffffffffffffff 0x0 oops 2 14 java/lang/Class 16 sun/reflect/generics/tree/SimpleClassTypeSignature methods 0
ciMethodData java/util/ArrayList grow ()[Ljava/lang/Object; 2 4571 orig 80 0 0 0 0 0 0 0 0 0 0 0 0 0 0 0 0 0 0 0 0 0 0 0 0 0 0 0 0 0 0 0 0 0 0 0 0 0 0 0 0 0 0 0 0 0 0 0 0 0 0 0 0 0 0 0 0 0 0 0 0 0 0 0 0 0 0 0 0 0 0 0 0 0 0 0 0 0 0 0 0 data 16 0x70005 0x11db 0x0 0x0 0x0 0x0 0x0 0x0 0x0 0x0 0x0 0x0 0x0 0x9 0x1 0xc oops 0 methods 0
ciMethodData java/util/ArrayList grow (I)[Ljava/lang/Object; 2 5141 orig 80 0 0 0 0 0 0 0 0 0 0 0 0 0 0 0 0 0 0 0 0 0 0 0 0 0 0 0 0 0 0 0 0 0 0 0 0 0 0 0 0 0 0 0 0 0 0 0 0 0 0 0 0 0 0 0 0 0 0 0 0 0 0 0 0 0 0 0 0 0 0 0 0 0 0 0 0 0 0 0 0 data 24 0x70007 0x626 0x40 0xdef 0x110007 0xdef 0x40 0x0 0x1b0002 0x626 0x250002 0x626 0x310002 0xdef 0x0 0x0 0x0 0x0 0x0 0x0 0x9 0x2 0xc 0x0 oops 0 methods 0
ciMethod java/util/Collections$1 next ()Ljava/lang/Object; 1024 0 5130 0 0
ciMethodData java/util/AbstractSet <init> ()V 2 19785 orig 80 0 0 0 0 0 0 0 0 0 0 0 0 249 127 0 0 0 0 0 0 0 0 0 0 0 0 0 0 0 0 0 0 0 0 0 0 0 0 0 0 0 0 0 0 0 0 0 0 0 0 0 0 0 0 0 0 0 0 0 0 0 0 0 0 0 0 0 0 0 0 0 0 0 0 0 0 0 0 0 0 data 7 0x10002 0x4d49 0x0 0x0 0x9 0x1 0x0 oops 0 methods 0
ciMethodData java/util/HashSet add (Ljava/lang/Object;)Z 2 7890 orig 80 0 0 0 0 0 0 0 0 0 0 0 0 249 127 0 0 0 0 0 0 0 0 0 0 0 0 0 0 0 0 0 0 0 0 0 0 0 0 0 0 0 0 0 0 0 0 0 0 0 0 0 0 0 0 0 0 0 0 0 0 0 0 0 0 0 0 0 0 0 0 0 0 0 0 0 0 0 0 0 0 data 24 0x80005 0x0 0x0 0x1f14b4c3650 0x1d24 0x1f1503641a8 0x1ae 0xb0007 0x128 0x38 0x1daa 0xf0003 0x1daa 0x18 0x0 0x0 0x0 0x0 0x0 0x0 0x9 0x2 0x0 0xffffffffffffffff oops 2 3 java/util/LinkedHashMap 5 java/util/HashMap methods 0
ciMethodData java/util/ArrayList$Itr hasNext ()Z 2 11372 orig 80 0 0 0 0 0 0 0 0 0 0 0 0 249 127 0 0 0 0 0 0 0 0 0 0 0 0 0 0 0 0 0 0 0 0 0 0 0 0 0 0 0 0 0 0 0 0 0 0 0 0 0 0 0 0 0 0 0 0 0 0 0 0 0 0 0 0 0 0 0 0 0 0 0 0 0 0 0 0 0 0 data 14 0xb0007 0x943 0x38 0x2329 0xf0003 0x2329 0x18 0x0 0x0 0x0 0x0 0x9 0x1 0x0 oops 0 methods 0
ciMethod java/util/LinkedHashSet <init> (I)V 522 0 6923 0 560
ciMethod kotlin/collections/CollectionsKt___CollectionsKt last (Ljava/lang/Iterable;)Ljava/lang/Object; 2 0 1 0 -1
ciMethod kotlin/collections/CollectionsKt___CollectionsKt drop (Ljava/lang/Iterable;I)Ljava/util/List; 0 0 115 0 0
ciMethod kotlin/collections/CollectionsKt___CollectionsKt toList (Ljava/lang/Iterable;)Ljava/util/List; 1024 0 5679 0 -1
ciMethod kotlin/collections/CollectionsKt__IterablesKt collectionSizeOrDefault (Ljava/lang/Iterable;I)I 822 0 24296 0 200
ciMethod kotlin/collections/CollectionsKt__CollectionsKt emptyList ()Ljava/util/List; 526 0 25151 0 88
ciMethod kotlin/collections/CollectionsKt__CollectionsKt optimizeReadOnlyList (Ljava/util/List;)Ljava/util/List; 0 0 114 0 -1
ciMethod kotlin/collections/CollectionsKt__CollectionsKt throwIndexOverflow ()V 0 0 1 0 -1
ciMethod kotlin/collections/CollectionsKt__CollectionsJVMKt listOf (Ljava/lang/Object;)Ljava/util/List; 880 0 4262 0 -1
ciMethod kotlin/collections/EmptyList getSize ()I 260 0 6568 0 0
ciMethod kotlin/collections/EmptyList size ()I 522 0 6699 0 80
ciMethod kotlin/collections/ArraysKt___ArraysKt toCollection ([Ljava/lang/Object;Ljava/util/Collection;)Ljava/util/Collection; 1024 2974 5795 0 0
ciMethod kotlin/collections/ArraysKt___ArraysKt toSet ([Ljava/lang/Object;)Ljava/util/Set; 1024 0 5699 0 848
ciMethod kotlin/LazyKt__LazyJVMKt lazy (Lkotlin/jvm/functions/Function0;)Lkotlin/Lazy; 520 0 6691 0 544
ciMethod kotlin/SynchronizedLazyImpl <init> (Lkotlin/jvm/functions/Function0;Ljava/lang/Object;)V 520 0 6691 0 704
ciMethod kotlin/SynchronizedLazyImpl <init> (Lkotlin/jvm/functions/Function0;Ljava/lang/Object;ILkotlin/jvm/internal/DefaultConstructorMarker;)V 520 0 6691 0 0
ciMethod org/jetbrains/kotlin/utils/SmartList <init> ()V 776 0 27225 0 88
ciMethod kotlin/collections/MapsKt__MapsJVMKt mapCapacity (I)I 520 0 5380 0 192
ciMethod org/jetbrains/kotlin/name/Name <init> (Ljava/lang/String;Z)V 542 0 35002 0 0
ciMethod org/jetbrains/kotlin/name/Name getIdentifier ()Ljava/lang/String; 134 0 1943 0 -1
ciMethod org/jetbrains/kotlin/name/Name identifier (Ljava/lang/String;)Lorg/jetbrains/kotlin/name/Name; 514 0 34090 0 216
ciMethod org/jetbrains/kotlin/name/Name $$$reportNull$$$0 (I)V 0 0 1 0 -1
ciMethodData kotlin/jvm/internal/Intrinsics checkNotNullParameter (Ljava/lang/Object;Ljava/lang/String;)V 2 2098262 orig 80 0 0 0 0 0 0 0 0 0 0 0 0 249 127 0 0 0 0 0 0 0 0 0 0 0 0 0 0 0 0 0 0 0 0 0 0 0 0 0 0 0 0 0 0 0 0 0 0 0 0 0 0 0 0 0 0 0 0 0 0 0 0 0 0 0 0 0 0 0 0 0 0 0 0 0 0 0 0 0 0 data 16 0x10007 0x200456 0x30 0x0 0x50002 0x0 0x0 0x0 0x0 0x0 0x0 0x0 0x9 0x2 0x0 0xffffffffffffffff oops 0 methods 0
ciMethodData kotlin/jvm/internal/Intrinsics checkNotNullExpressionValue (Ljava/lang/Object;Ljava/lang/String;)V 2 5356 orig 80 0 0 0 0 0 0 0 0 0 0 0 0 249 127 0 0 0 0 0 0 0 0 0 0 0 0 0 0 0 0 0 0 0 0 0 0 0 0 0 0 0 0 0 0 0 0 0 0 0 0 0 0 0 0 0 0 0 0 0 0 0 0 0 0 0 0 0 0 0 0 0 0 0 0 0 0 0 0 0 0 data 48 0x10007 0x14ec 0x130 0x0 0xc0002 0x0 0x100005 0x0 0x0 0x0 0x0 0x0 0x0 0x150005 0x0 0x0 0x0 0x0 0x0 0x0 0x180005 0x0 0x0 0x0 0x0 0x0 0x0 0x1b0002 0x0 0x1e0002 0x0 0x210004 0x0 0x0 0x0 0x0 0x0 0x0 0x0 0x0 0x0 0x0 0x0 0x0 0x9 0x2 0x0 0xffffffffffffffff oops 0 methods 0
ciMethodData kotlin/jvm/internal/Intrinsics checkNotNull (Ljava/lang/Object;)V 2 48587 orig 80 0 0 0 0 0 0 0 0 0 0 0 0 249 127 0 0 0 0 0 0 0 0 0 0 0 0 0 0 0 0 0 0 0 0 0 0 0 0 0 0 0 0 0 0 0 0 0 0 0 0 0 0 0 0 0 0 0 0 0 0 0 0 0 0 0 0 0 0 0 0 0 0 0 0 0 0 0 0 0 0 data 15 0x10007 0xbdcb 0x30 0x0 0x40002 0x0 0x0 0x0 0x0 0x0 0x0 0x0 0x9 0x1 0x0 oops 0 methods 0
ciMethodData kotlin/jvm/internal/Intrinsics areEqual (Ljava/lang/Object;Ljava/lang/Object;)Z 2 165168 orig 80 0 0 0 0 0 0 0 0 0 0 0 0 249 127 0 0 0 0 0 0 0 0 0 0 0 0 0 0 0 0 0 0 0 0 0 0 0 0 0 0 0 0 0 0 0 0 0 0 0 0 0 0 0 0 0 0 0 0 0 0 0 0 0 0 0 0 0 0 0 0 0 0 0 0 0 0 0 0 0 0 data 31 0x10007 0x27c70 0x70 0x8c0 0x50007 0x8be 0x38 0x2 0x90003 0x2 0x68 0xd0003 0x8be 0x50 0x120005 0x25855 0x0 0x1f145402b88 0x200c 0x1f14c9e0200 0x4f 0x0 0x0 0x0 0x0 0x0 0x0 0x9 0x2 0xffffffffffffffff 0xffffffffffffffff oops 2 17 java/lang/String 19 org/jetbrains/kotlin/name/FqName methods 0
ciMethodData java/util/ArrayList$Itr next ()Ljava/lang/Object; 2 6883 orig 80 0 0 0 0 0 0 0 0 0 0 0 0 249 127 0 0 0 0 0 0 0 0 0 0 0 0 0 0 0 0 0 0 0 0 0 0 0 0 0 0 0 0 0 0 0 0 0 0 0 0 0 0 0 0 0 0 0 0 0 0 0 0 0 0 0 0 0 0 0 0 0 0 0 0 0 0 0 0 0 0 data 28 0x10005 0x1ae3 0x0 0x0 0x0 0x0 0x0 0x110007 0x1ae3 0x30 0x0 0x180002 0x0 0x270007 0x1ae3 0x30 0x0 0x2e0002 0x0 0x0 0x0 0x0 0x0 0x0 0x0 0x9 0x1 0x6 oops 0 methods 0
ciMethodData java/util/ArrayList$Itr checkForComodification ()V 2 9768 orig 80 0 0 0 0 0 0 0 0 0 0 0 0 0 0 0 0 0 0 0 0 0 0 0 0 0 0 0 0 0 0 0 0 0 0 0 0 0 0 0 0 0 0 0 0 0 0 0 0 0 0 0 0 0 0 0 0 0 0 0 0 0 0 0 0 0 0 0 0 0 0 0 0 0 0 0 0 0 0 0 0 data 13 0xb0007 0x2628 0x30 0x0 0x120002 0x0 0x0 0x0 0x0 0x0 0x9 0x1 0x0 oops 0 methods 0
ciMethodData java/util/Arrays copyOf ([Ljava/lang/Object;I)[Ljava/lang/Object; 2 11782 orig 80 0 0 0 0 0 0 0 0 0 0 0 0 0 0 0 0 0 0 0 0 0 0 0 0 0 0 0 0 0 0 0 0 0 0 0 0 0 0 0 0 0 0 0 0 0 0 0 0 0 0 0 0 0 0 0 0 0 0 0 0 0 0 0 0 0 0 0 0 0 0 0 0 0 0 0 0 0 0 0 0 data 19 0x30005 0x2e06 0x0 0x0 0x0 0x0 0x0 0x60002 0x2e06 0x0 0x0 0x0 0x0 0x0 0x0 0x9 0x2 0xffffffffffffffff 0x0 oops 0 methods 0
ciMethodData java/util/ArrayList iterator ()Ljava/util/Iterator; 2 9304 orig 80 0 0 0 0 0 0 0 0 0 0 0 0 249 127 0 0 0 0 0 0 0 0 0 0 0 0 0 0 0 0 0 0 0 0 0 0 0 0 0 0 0 0 0 0 0 0 0 0 0 0 0 0 0 0 0 0 0 0 0 0 0 0 0 0 0 0 0 0 0 0 0 0 0 0 0 0 0 0 0 0 data 8 0x50002 0x2458 0x0 0x0 0x0 0x9 0x1 0x0 oops 0 methods 0
ciMethodData java/util/ArrayList$Itr <init> (Ljava/util/ArrayList;)V 2 12087 orig 80 0 0 0 0 0 0 0 0 0 0 0 0 0 0 0 0 0 0 0 0 0 0 0 0 0 0 0 0 0 0 0 0 0 0 0 0 0 0 0 0 0 0 0 0 0 0 0 0 0 0 0 0 0 0 0 0 0 0 0 0 0 0 0 0 0 0 0 0 0 0 0 0 0 0 0 0 0 0 0 0 data 10 0x60002 0x2f37 0x0 0x0 0x0 0x0 0x9 0x2 0xc 0x0 oops 0 methods 0
ciMethodData java/util/HashMap tableSizeFor (I)I 2 7707 orig 80 0 0 0 0 0 0 0 0 0 0 0 0 249 127 0 0 0 0 0 0 0 0 0 0 0 0 0 0 0 0 0 0 0 0 0 0 0 0 0 0 0 0 0 0 0 0 0 0 0 0 0 0 0 0 0 0 0 0 0 0 0 0 0 0 0 0 0 0 0 0 0 0 0 0 0 0 0 0 0 0 data 25 0x40002 0x1e1b 0xa0007 0x1d3e 0x38 0xdd 0xe0003 0xdd 0x50 0x140007 0x1d3e 0x38 0x0 0x190003 0x0 0x18 0x0 0x0 0x0 0x0 0x0 0x0 0x9 0x1 0x0 oops 0 methods 0
ciMethodData java/lang/invoke/DirectMethodHandle allocateInstance (Ljava/lang/Object;)Ljava/lang/Object; 2 94884 orig 80 0 0 0 0 0 0 0 0 0 0 0 0 249 127 0 0 0 0 0 0 0 0 0 0 0 0 0 0 0 0 0 0 0 0 0 0 0 0 0 0 0 0 0 0 0 0 0 0 0 0 0 0 0 0 0 0 0 0 0 0 0 0 0 0 0 0 0 0 0 0 0 0 0 0 0 0 0 0 0 0 data 23 0x10004 0x0 0x0 0x1f145621ff8 0x46f5 0x0 0x0 0xc0005 0x172a4 0x0 0x0 0x0 0x0 0x0 0x0 0x0 0x0 0x0 0x0 0x0 0x9 0x1 0x0 oops 1 3 java/lang/invoke/DirectMethodHandle$Constructor methods 0
ciMethodData java/lang/invoke/DirectMethodHandle constructorMethod (Ljava/lang/Object;)Ljava/lang/Object; 2 95916 orig 80 0 0 0 0 0 0 0 0 0 0 0 0 249 127 0 0 0 0 0 0 0 0 0 0 0 0 0 0 0 0 0 0 0 0 0 0 0 0 0 0 0 0 0 0 0 0 0 0 0 0 0 0 0 0 0 0 0 0 0 0 0 0 0 0 0 0 0 0 0 0 0 0 0 0 0 0 0 0 0 0 data 16 0x10004 0x0 0x0 0x1f145621ff8 0x4af7 0x0 0x0 0x0 0x0 0x0 0x0 0x0 0x0 0x9 0x1 0x0 oops 1 3 java/lang/invoke/DirectMethodHandle$Constructor methods 0
ciMethodData java/util/ArrayList <init> (I)V 2 6187 orig 80 0 0 0 0 0 0 0 0 0 0 0 0 0 0 0 0 0 0 0 0 0 0 0 0 0 0 0 0 0 0 0 0 0 0 0 0 0 0 0 0 0 0 0 0 0 0 0 0 0 0 0 0 0 0 0 0 0 0 0 0 0 0 0 0 0 0 0 0 0 0 0 0 0 0 0 0 0 0 0 0 data 51 0x10002 0x182b 0x50007 0xabd 0x38 0xd6e 0x100003 0xd6e 0x118 0x140007 0x0 0x38 0xabd 0x1e0003 0xabd 0xe0 0x290002 0x0 0x2e0005 0x0 0x0 0x0 0x0 0x0 0x0 0x320005 0x0 0x0 0x0 0x0 0x0 0x0 0x350005 0x0 0x0 0x0 0x0 0x0 0x0 0x380002 0x0 0x0 0x0 0x0 0x0 0x0 0x0 0x9 0x2 0x0 0x0 oops 0 methods 0
ciMethodData java/lang/invoke/DirectMethodHandle$Holder newInvokeSpecial (Ljava/lang/Object;Ljava/lang/Object;)Ljava/lang/Object; 2 53718 orig 80 0 0 0 0 0 0 0 0 0 0 0 0 249 127 0 0 0 0 0 0 0 0 0 0 0 0 0 0 0 0 0 0 0 0 0 0 0 0 0 0 0 0 0 0 0 0 0 0 0 0 0 0 0 0 0 0 0 0 0 0 0 0 0 0 0 0 0 0 0 0 0 0 0 0 0 0 0 0 0 0 data 42 0x1000a 0xd1d6 0x3 0x0 0x1f145621ff8 0x2 0x6000a 0xd1d6 0x3 0x0 0x1f145621ff8 0x1f1454052f8 0xd0004 0x0 0x0 0x1f1454052f8 0x1 0x0 0x0 0x10000a 0xd1d6 0x4 0x0 0x2 0x1 0x3 0x0 0x0 0x0 0x0 0x0 0x0 0x9 0x2 0x0 0x0 0xc 0x4 0x0 0x1f145621ff8 0x1 0x3 oops 5 4 java/lang/invoke/DirectMethodHandle$Constructor 10 java/lang/invoke/DirectMethodHandle$Constructor 11 java/lang/invoke/MemberName 15 java/lang/invoke/MemberName 39 java/lang/invoke/DirectMethodHandle$Constructor methods 0
ciMethodData java/lang/invoke/Invokers$Holder linkToTargetMethod (Ljava/lang/Object;Ljava/lang/Object;)Ljava/lang/Object; 2 53386 orig 80 0 0 0 0 0 0 0 0 0 0 0 0 249 127 0 0 0 0 0 0 0 0 0 0 0 0 0 0 0 0 0 0 0 0 0 0 0 0 0 0 0 0 0 0 0 0 0 0 0 0 0 0 0 0 0 0 0 0 0 0 0 0 0 0 0 0 0 0 0 0 0 0 0 0 0 0 0 0 0 0 data 34 0x10004 0x0 0x0 0x1f145621ff8 0x1b50 0x0 0x0 0x5000b 0xd08a 0x0 0x0 0x0 0x0 0x0 0x3 0x1 0x3 0x2 0x0 0x0 0x0 0x0 0x0 0x0 0x9 0x2 0x0 0x0 0xc 0x4 0x0 0x3 0x1 0x1f145621ff8 oops 2 3 java/lang/invoke/DirectMethodHandle$Constructor 33 java/lang/invoke/DirectMethodHandle$Constructor methods 0
ciMethod kotlin/Pair <init> (Ljava/lang/Object;Ljava/lang/Object;)V 1024 0 16465 0 536
ciMethod kotlin/TuplesKt to (Ljava/lang/Object;Ljava/lang/Object;)Lkotlin/Pair; 516 0 11503 0 192
ciMethod kotlin/collections/SetsKt__SetsKt emptySet ()Ljava/util/Set; 516 0 6625 0 -1
ciMethod kotlin/collections/SetsKt__SetsKt setOf ([Ljava/lang/Object;)Ljava/util/Set; 1024 0 5985 0 0
ciMethod kotlin/collections/SetsKt__SetsJVMKt setOf (Ljava/lang/Object;)Ljava/util/Set; 234 0 994 0 -1
ciMethodData java/lang/Float isNaN (F)Z 2 5161 orig 80 0 0 0 0 0 0 0 0 0 0 0 0 249 127 0 0 0 0 0 0 0 0 0 0 0 0 0 0 0 0 0 0 0 0 0 0 0 0 0 0 0 0 0 0 0 0 0 0 0 0 0 0 0 0 0 0 0 0 0 0 0 0 0 0 0 0 0 0 0 0 0 0 0 0 0 0 0 0 0 0 data 11 0x30007 0x1429 0x38 0x0 0x70003 0x0 0x18 0x0 0x9 0x1 0x0 oops 0 methods 0
ciMethodData java/util/HashMap <init> (IF)V 2 5136 orig 80 0 0 0 0 0 0 0 0 0 0 0 0 249 127 0 0 0 0 0 0 0 0 0 0 0 0 0 0 0 0 0 0 0 0 0 0 0 0 0 0 0 0 0 0 0 0 0 0 0 0 0 0 0 0 0 0 0 0 0 0 0 0 0 0 0 0 0 0 0 0 0 0 0 0 0 0 0 0 0 0 data 83 0x10002 0x1410 0x50007 0x1410 0xe8 0x0 0x100002 0x0 0x150005 0x0 0x0 0x0 0x0 0x0 0x0 0x190005 0x0 0x0 0x0 0x0 0x0 0x0 0x1c0005 0x0 0x0 0x0 0x0 0x0 0x0 0x1f0002 0x0 0x260007 0x1410 0x20 0x0 0x2f0007 0x0 0x50 0x1410 0x330002 0x1410 0x360007 0x1410 0xe8 0x0 0x410002 0x0 0x460005 0x0 0x0 0x0 0x0 0x0 0x0 0x4a0005 0x0 0x0 0x0 0x0 0x0 0x0 0x4d0005 0x0 0x0 0x0 0x0 0x0 0x0 0x500002 0x0 0x5b0002 0x1410 0x0 0x0 0x0 0x0 0x0 0x0 0x9 0x3 0x18 0x0 0x0 oops 0 methods 0
ciMethod kotlin/ranges/IntRange <init> (II)V 854 0 12013 0 -1
ciMethod org/jetbrains/kotlin/load/java/structure/impl/classFiles/BinaryClassSignatureParser parseTypeParametersDeclaration (Ljava/text/CharacterIterator;Lorg/jetbrains/kotlin/load/java/structure/impl/classFiles/ClassifierResolutionContext;)Ljava/util/List; 516 118 434 0 -1
ciMethod org/jetbrains/kotlin/load/java/structure/impl/classFiles/BinaryClassSignatureParser parseDimensions (Ljava/text/CharacterIterator;)I 1024 30 11832 0 -1
ciMethod org/jetbrains/kotlin/load/java/structure/impl/classFiles/BinaryClassSignatureParser parseTypeString (Ljava/text/CharacterIterator;Lorg/jetbrains/kotlin/load/java/structure/impl/classFiles/ClassifierResolutionContext;)Lorg/jetbrains/kotlin/load/java/structure/JavaType; 1024 30 11832 0 5464
ciMethod org/jetbrains/kotlin/load/java/structure/impl/classFiles/BinaryClassSignatureParser mapAsmType (Lorg/jetbrains/org/objectweb/asm/Type;Lorg/jetbrains/kotlin/load/java/structure/impl/classFiles/ClassifierResolutionContext;)Lorg/jetbrains/kotlin/load/java/structure/JavaType; 1024 0 11855 0 0
ciMethod org/jetbrains/kotlin/load/java/structure/impl/classFiles/BinaryClassSignatureParser parseTypeWithoutVarianceAndArray (Ljava/text/CharacterIterator;Lorg/jetbrains/kotlin/load/java/structure/impl/classFiles/ClassifierResolutionContext;)Lorg/jetbrains/kotlin/load/java/structure/JavaType; 1024 0 11832 0 -1
ciMethod org/jetbrains/kotlin/load/java/structure/JavaNamedElement getName ()Lorg/jetbrains/kotlin/name/Name; 0 0 1 0 -1
ciMethod org/jetbrains/kotlin/load/java/structure/JavaModifierListOwner isStatic ()Z 0 0 1 0 -1
ciMethod org/jetbrains/kotlin/load/java/structure/JavaClass getOuterClass ()Lorg/jetbrains/kotlin/load/java/structure/JavaClass; 0 0 1 0 -1
ciMethod org/jetbrains/kotlin/load/java/structure/JavaClass isEnum ()Z 0 0 1 0 -1
ciMethodData kotlin/Pair <init> (Ljava/lang/Object;Ljava/lang/Object;)V 2 15953 orig 80 0 0 0 0 0 0 0 0 0 0 0 0 0 0 0 0 0 0 0 0 0 0 0 0 0 0 0 0 0 0 0 0 0 0 0 0 0 0 0 0 0 0 0 0 0 0 0 0 0 0 0 0 0 0 0 0 0 0 0 0 0 0 0 0 0 0 0 0 0 0 0 0 0 0 0 0 0 0 0 0 data 11 0x10002 0x3e52 0x0 0x0 0x0 0x0 0x9 0x3 0x6 0x0 0x0 oops 0 methods 0
ciMethodData java/util/LinkedHashSet <init> (I)V 2 6662 orig 80 0 0 0 0 0 0 0 0 0 0 0 0 249 127 0 0 0 0 0 0 0 0 0 0 0 0 0 0 0 0 0 0 0 0 0 0 0 0 0 0 0 0 0 0 0 0 0 0 0 0 0 0 0 0 0 0 0 0 0 0 0 0 0 0 0 0 0 0 0 0 0 0 0 0 0 0 0 0 0 0 data 9 0x50002 0x1a06 0x0 0x0 0x0 0x9 0x2 0x0 0x0 oops 0 methods 0
ciMethodData java/util/HashSet <init> (IFZ)V 2 6164 orig 80 0 0 0 0 0 0 0 0 0 0 0 0 249 127 0 0 0 0 0 0 0 0 0 0 0 0 0 0 0 0 0 0 0 0 0 0 0 0 0 0 0 0 0 0 0 0 0 0 0 0 0 0 0 0 0 0 0 0 0 0 0 0 0 0 0 0 0 0 0 0 0 0 0 0 0 0 0 0 0 0 data 14 0x10002 0x1814 0xb0002 0x1814 0x0 0x0 0x0 0x0 0x9 0x4 0x0 0x0 0x0 0x0 oops 0 methods 0
ciMethodData java/util/LinkedHashMap <init> (IF)V 2 6164 orig 80 0 0 0 0 0 0 0 0 0 0 0 0 0 0 0 0 0 0 0 0 0 0 0 0 0 0 0 0 0 0 0 0 0 0 0 0 0 0 0 0 0 0 0 0 0 0 0 0 0 0 0 0 0 0 0 0 0 0 0 0 0 0 0 0 0 0 0 0 0 0 0 0 0 0 0 0 0 0 0 0 data 11 0x30002 0x1814 0x0 0x0 0x0 0x0 0x9 0x3 0x78 0x0 0x0 oops 0 methods 0
ciMethod kotlin/collections/IntIterator nextInt ()I 0 0 1 0 -1
ciMethod java/text/StringCharacterIterator <init> (Ljava/lang/String;)V 1024 0 14088 0 456
ciMethod java/text/StringCharacterIterator <init> (Ljava/lang/String;I)V 1024 0 5999 0 496
ciMethod java/text/StringCharacterIterator <init> (Ljava/lang/String;III)V 1024 0 5999 0 0
ciMethod java/text/StringCharacterIterator current ()C 550 0 28699 0 -1
ciMethod java/text/StringCharacterIterator next ()C 670 0 6489 0 -1
ciMethodData java/text/StringCharacterIterator <init> (Ljava/lang/String;)V 2 13576 orig 80 0 0 0 0 0 0 0 0 0 0 0 0 0 0 0 0 0 0 0 0 0 0 0 0 0 0 0 0 0 0 0 0 0 0 0 0 0 0 0 0 0 0 0 0 0 0 0 0 0 0 0 0 0 0 0 0 0 0 0 0 0 0 0 0 0 0 0 0 0 0 0 0 0 0 0 0 0 0 0 0 data 8 0x30002 0x3509 0x0 0x0 0x9 0x2 0x0 0x0 oops 0 methods 0
ciMethodData java/text/StringCharacterIterator <init> (Ljava/lang/String;I)V 2 5487 orig 80 0 0 0 0 0 0 0 0 0 0 0 0 0 0 0 0 0 0 0 0 0 0 0 0 0 0 0 0 0 0 0 0 0 0 0 0 0 0 0 0 0 0 0 0 0 0 0 0 0 0 0 0 0 0 0 0 0 0 0 0 0 0 0 0 0 0 0 0 0 0 0 0 0 0 0 0 0 0 0 0 data 20 0x40005 0x1570 0x0 0x0 0x0 0x0 0x0 0x80002 0x1570 0x0 0x0 0x0 0x0 0x0 0x0 0x9 0x3 0x0 0x0 0x0 oops 0 methods 0
ciMethodData java/text/StringCharacterIterator <init> (Ljava/lang/String;III)V 2 5487 orig 80 0 0 0 0 0 0 0 0 0 0 0 0 0 0 0 0 0 0 0 0 0 0 0 0 0 0 0 0 0 0 0 0 0 0 0 0 0 0 0 0 0 0 0 0 0 0 0 0 0 0 0 0 0 0 0 0 0 0 0 0 0 0 0 0 0 0 0 0 0 0 0 0 0 0 0 0 0 0 0 0 data 52 0x10002 0x1570 0x50007 0x1570 0x30 0x0 0xc0002 0x0 0x160007 0x0 0x98 0x1570 0x1b0007 0x0 0x78 0x1570 0x200005 0x1570 0x0 0x0 0x0 0x0 0x0 0x230007 0x1570 0x30 0x0 0x2c0002 0x0 0x330007 0x0 0x40 0x1570 0x390007 0x1570 0x30 0x0 0x420002 0x0 0x0 0x0 0x0 0x0 0x0 0x0 0x9 0x5 0x0 0x0 0x0 0x0 0x0 oops 0 methods 0
ciMethodData java/util/Collections$1 next ()Ljava/lang/Object; 2 4618 orig 80 0 0 0 0 0 0 0 0 0 0 0 0 0 0 0 0 0 0 0 0 0 0 0 0 0 0 0 0 0 0 0 0 0 0 0 0 0 0 0 0 0 0 0 0 0 0 0 0 0 0 0 0 0 0 0 0 0 0 0 0 0 0 0 0 0 0 0 0 0 0 0 0 0 0 0 0 0 0 0 0 data 13 0x40007 0x0 0x20 0x120b 0x150002 0x0 0x0 0x0 0x0 0x0 0x9 0x1 0x0 oops 0 methods 0
ciMethodData org/jetbrains/kotlin/name/Name <init> (Ljava/lang/String;Z)V 2 34731 orig 80 0 0 0 0 0 0 0 0 0 0 0 0 249 127 0 0 0 0 0 0 0 0 0 0 0 0 0 0 0 0 0 0 0 0 0 0 0 0 0 0 0 0 0 0 0 0 0 0 0 0 0 0 0 0 0 0 0 0 0 0 0 0 0 0 0 0 0 0 0 0 0 0 0 0 0 0 0 0 0 0 data 19 0x10007 0x87ab 0x30 0x0 0x50002 0x0 0x90002 0x87ab 0x0 0x0 0x0 0x0 0x0 0x0 0x9 0x3 0x6 0x0 0x0 oops 0 methods 0
ciMethodData kotlin/collections/CollectionsKt__CollectionsKt emptyList ()Ljava/util/List; 2 25035 orig 80 0 0 0 0 0 0 0 0 0 0 0 0 249 127 0 0 0 0 0 0 0 0 0 0 0 0 0 0 0 0 0 0 0 0 0 0 0 0 0 0 0 0 0 0 0 0 0 0 0 0 0 0 0 0 0 0 0 0 0 0 0 0 0 0 0 0 0 0 0 0 0 0 0 0 0 0 0 0 0 0 data 15 0x30004 0x0 0x0 0x0 0x0 0x0 0x0 0x0 0x0 0x0 0x0 0x0 0x0 0x9 0x0 oops 0 methods 0
ciMethodData kotlin/collections/MapsKt__MapsJVMKt mapCapacity (I)I 2 5120 orig 80 0 0 0 0 0 0 0 0 0 0 0 0 249 127 0 0 0 0 0 0 0 0 0 0 0 0 0 0 0 0 0 0 0 0 0 0 0 0 0 0 0 0 0 0 0 0 0 0 0 0 0 0 0 0 0 0 0 0 0 0 0 0 0 0 0 0 0 0 0 0 0 0 0 0 0 0 0 0 0 0 data 28 0x20007 0x1400 0x38 0x0 0x60003 0x0 0x88 0xb0007 0x133 0x38 0x12cd 0x110003 0x12cd 0x50 0x170007 0x0 0x38 0x133 0x220003 0x133 0x18 0x0 0x0 0x0 0x0 0x9 0x1 0x0 oops 0 methods 0
ciMethodData kotlin/LazyKt__LazyJVMKt lazy (Lkotlin/jvm/functions/Function0;)Lkotlin/Lazy; 2 6431 orig 80 0 0 0 0 0 0 0 0 0 0 0 0 249 127 0 0 0 0 0 0 0 0 0 0 0 0 0 0 0 0 0 0 0 0 0 0 0 0 0 0 0 0 0 0 0 0 0 0 0 0 0 0 0 0 0 0 0 0 0 0 0 0 0 0 0 0 0 0 0 0 0 0 0 0 0 0 0 0 0 0 data 20 0x30002 0x191f 0xe0002 0x191f 0x110004 0x0 0x0 0x0 0x0 0x0 0x0 0x0 0x0 0x0 0x0 0x0 0x0 0x9 0x1 0x0 oops 0 methods 0
ciMethodData kotlin/SynchronizedLazyImpl <init> (Lkotlin/jvm/functions/Function0;Ljava/lang/Object;ILkotlin/jvm/internal/DefaultConstructorMarker;)V 2 6431 orig 80 0 0 0 0 0 0 0 0 0 0 0 0 0 0 0 0 0 0 0 0 0 0 0 0 0 0 0 0 0 0 0 0 0 0 0 0 0 0 0 0 0 0 0 0 0 0 0 0 0 0 0 0 0 0 0 0 0 0 0 0 0 0 0 0 0 0 0 0 0 0 0 0 0 0 0 0 0 0 0 0 data 15 0x30007 0x0 0x20 0x191f 0xb0002 0x191f 0x0 0x0 0x9 0x5 0xe 0x0 0x0 0x0 0x0 oops 0 methods 0
ciMethodData kotlin/SynchronizedLazyImpl <init> (Lkotlin/jvm/functions/Function0;Ljava/lang/Object;)V 2 6431 orig 80 0 0 0 0 0 0 0 0 0 0 0 0 0 0 0 0 0 0 0 0 0 0 0 0 0 0 0 0 0 0 0 0 0 0 0 0 0 0 0 0 0 0 0 0 0 0 0 0 0 0 0 0 0 0 0 0 0 0 0 0 0 0 0 0 0 0 0 0 0 0 0 0 0 0 0 0 0 0 0 0 data 19 0x30002 0x191f 0x70002 0x191f 0x190007 0x0 0x20 0x191f 0x0 0x0 0x0 0x0 0x0 0x0 0x9 0x3 0xe 0x0 0x0 oops 0 methods 0
ciMethodData org/jetbrains/kotlin/name/Name identifier (Ljava/lang/String;)Lorg/jetbrains/kotlin/name/Name; 2 34722 orig 80 0 0 0 0 0 0 0 0 0 0 0 0 249 127 0 0 0 0 0 0 0 0 0 0 0 0 0 0 0 0 0 0 0 0 0 0 0 0 0 0 0 0 0 0 0 0 0 0 0 0 0 0 0 0 0 0 0 0 0 0 0 0 0 0 0 0 0 0 0 0 0 0 0 0 0 0 0 0 0 0 data 17 0x10007 0x87a2 0x30 0x0 0x50002 0x0 0xe0002 0x87a2 0x0 0x0 0x0 0x0 0x0 0x0 0x9 0x1 0x0 oops 0 methods 0
ciMethod org/jetbrains/kotlin/utils/CollectionsKt compact (Ljava/util/ArrayList;)Ljava/util/List; 452 0 1958 0 -1
ciMethodData kotlin/TuplesKt to (Ljava/lang/Object;Ljava/lang/Object;)Lkotlin/Pair; 2 12134 orig 80 0 0 0 0 0 0 0 0 0 0 0 0 249 127 0 0 0 0 0 0 0 0 0 0 0 0 0 0 0 0 0 0 0 0 0 0 0 0 0 0 0 0 0 0 0 0 0 0 0 0 0 0 0 0 0 0 0 0 0 0 0 0 0 0 0 0 0 0 0 0 0 0 0 0 0 0 0 0 0 0 data 9 0x60002 0x2f66 0x0 0x0 0x0 0x9 0x2 0x0 0x0 oops 0 methods 0
ciMethodData kotlin/collections/CollectionsKt__IterablesKt collectionSizeOrDefault (Ljava/lang/Iterable;I)I 2 24328 orig 80 0 0 0 0 0 0 0 0 0 0 0 0 249 127 0 0 0 0 0 0 0 0 0 0 0 0 0 0 0 0 0 0 0 0 0 0 0 0 0 0 0 0 0 0 0 0 0 0 0 0 0 0 0 0 0 0 0 0 0 0 0 0 0 0 0 0 0 0 0 0 0 0 0 0 0 0 0 0 0 0 data 40 0x30002 0x5f08 0x70004 0xffffffffffffffff 0x0 0x1f145406708 0x3f43 0x1f14c67f430 0x1aca 0xa0007 0x1 0xa8 0x5f07 0xe0004 0x0 0x0 0x1f145406708 0x3f43 0x1f14c67f430 0x1aca 0x110005 0x4fa 0x0 0x1f145406708 0x3f43 0x1f14c67f430 0x1aca 0x160003 0x5f07 0x18 0x0 0x0 0x0 0x0 0x0 0x0 0x9 0x2 0x0 0x0 oops 6 5 java/util/ArrayList 7 kotlin/collections/EmptyList 16 java/util/ArrayList 18 kotlin/collections/EmptyList 23 java/util/ArrayList 25 kotlin/collections/EmptyList methods 0
ciMethod org/jetbrains/kotlin/load/java/structure/JavaElementsKt buildLazyValueForMap (Lorg/jetbrains/kotlin/load/java/structure/JavaAnnotationOwner;)Lkotlin/Lazy; 1024 0 13711 0 648
ciMethod  @bci org/jetbrains/kotlin/load/java/structure/JavaElementsKt buildLazyValueForMap (Lorg/jetbrains/kotlin/load/java/structure/JavaAnnotationOwner;)Lkotlin/Lazy; 7 <appendix> member <vmtarget> ; <init> (Lorg/jetbrains/kotlin/load/java/structure/JavaAnnotationOwner;)V 1024 0 13711 0 0
ciMethodData kotlin/collections/EmptyList size ()I 2 6438 orig 80 0 0 0 0 0 0 0 0 0 0 0 0 249 127 0 0 0 0 0 0 0 0 0 0 0 0 0 0 0 0 0 0 0 0 0 0 0 0 0 0 0 0 0 0 0 0 0 0 0 0 0 0 0 0 0 0 0 0 0 0 0 0 0 0 0 0 0 0 0 0 0 0 0 0 0 0 0 0 0 0 data 16 0x10005 0x1926 0x0 0x0 0x0 0x0 0x0 0x0 0x0 0x0 0x0 0x0 0x0 0x9 0x1 0x0 oops 0 methods 0
ciMethodData kotlin/collections/EmptyList getSize ()I 2 6438 orig 80 0 0 0 0 0 0 0 0 0 0 0 0 0 0 0 0 0 0 0 0 0 0 0 0 0 0 0 0 0 0 0 0 0 0 0 0 0 0 0 0 0 0 0 0 0 0 0 0 0 0 0 0 0 0 0 0 0 0 0 0 0 0 0 0 0 0 0 0 0 0 0 0 0 0 0 0 0 0 0 0 data 4 0x0 0x9 0x1 0x0 oops 0 methods 0
ciMethod org/jetbrains/kotlin/load/java/structure/impl/classFiles/ClassifierResolutionContext <init> (Lkotlin/jvm/functions/Function1;Ljavaslang/collection/Map;Ljavaslang/collection/Map;)V 1024 0 6229 0 0
ciMethod org/jetbrains/kotlin/load/java/structure/impl/classFiles/ClassifierResolutionContext addTypeParameters$resolution_common_jvm (Ljava/util/Collection;)V 50 12 434 0 0
ciMethod org/jetbrains/kotlin/load/java/structure/impl/classFiles/ClassifierResolutionContext copyForMember$resolution_common_jvm ()Lorg/jetbrains/kotlin/load/java/structure/impl/classFiles/ClassifierResolutionContext; 1024 0 6063 0 0
ciMethod javaslang/collection/Map put (Ljava/lang/Object;Ljava/lang/Object;)Ljavaslang/collection/Map; 0 0 1 0 -1
ciMethod org/jetbrains/kotlin/load/java/structure/impl/classFiles/BinaryJavaModifierListOwner getAccess ()I 0 0 1 0 -1
ciMethod org/jetbrains/kotlin/load/java/structure/impl/classFiles/BinaryJavaModifierListOwner isSet (I)Z 786 0 33475 0 120
ciMethod org/jetbrains/kotlin/load/java/structure/impl/classFiles/BinaryJavaModifierListOwner isStatic ()Z 798 0 27833 0 112
ciMethod org/jetbrains/kotlin/load/java/structure/impl/classFiles/BinaryJavaClass getAccess ()I 262 0 131 0 0
ciMethod org/jetbrains/kotlin/load/java/structure/impl/classFiles/BinaryJavaClass getOuterClass ()Lorg/jetbrains/kotlin/load/java/structure/JavaClass; 280 0 140 0 0
ciMethod org/jetbrains/kotlin/load/java/structure/impl/classFiles/BinaryJavaClass isEnum ()Z 770 0 11602 0 0
ciMethod org/jetbrains/kotlin/load/java/structure/impl/classFiles/CommonMixinsKt isSet (II)Z 594 0 53798 0 88
ciMethod org/jetbrains/org/objectweb/asm/Type <init> (ILjava/lang/String;II)V 512 0 4685 0 0
ciMethod org/jetbrains/org/objectweb/asm/Type getArgumentTypes (Ljava/lang/String;)[Lorg/jetbrains/org/objectweb/asm/Type; 770 1172 5699 0 5080
ciMethod org/jetbrains/org/objectweb/asm/Type getReturnType (Ljava/lang/String;)Lorg/jetbrains/org/objectweb/asm/Type; 1024 0 5643 0 0
ciMethod org/jetbrains/org/objectweb/asm/Type getReturnTypeOffset (Ljava/lang/String;)I 1024 774 5643 0 0
ciMethod org/jetbrains/org/objectweb/asm/Type getTypeInternal (Ljava/lang/String;II)Lorg/jetbrains/org/objectweb/asm/Type; 990 0 10358 0 0
ciMethod org/jetbrains/org/objectweb/asm/Type getDescriptor ()Ljava/lang/String; 1024 0 6059 0 3408
ciMethod org/jetbrains/kotlin/load/java/structure/impl/classFiles/BinaryJavaMethodBase <init> (ILorg/jetbrains/kotlin/load/java/structure/JavaClass;Ljava/util/List;Ljava/util/List;Lorg/jetbrains/kotlin/name/Name;)V 1024 0 5850 0 0
ciMethod org/jetbrains/kotlin/load/java/structure/impl/classFiles/BinaryJavaMethodBase$Companion create (Ljava/lang/String;ILjava/lang/String;Ljava/lang/String;Lorg/jetbrains/kotlin/load/java/structure/JavaClass;Lorg/jetbrains/kotlin/load/java/structure/impl/classFiles/ClassifierResolutionContext;Lorg/jetbrains/kotlin/load/java/structure/impl/classFiles/BinaryClassSignatureParser;)Lkotlin/Pair; 1024 756 5643 0 -1
ciMethod org/jetbrains/kotlin/load/java/structure/impl/classFiles/BinaryJavaMethodBase$Companion parseMethodDescription (Ljava/lang/String;Lorg/jetbrains/kotlin/load/java/structure/impl/classFiles/ClassifierResolutionContext;Lorg/jetbrains/kotlin/load/java/structure/impl/classFiles/BinaryClassSignatureParser;)Lorg/jetbrains/kotlin/load/java/structure/impl/classFiles/BinaryJavaMethodBase$Companion$MethodInfo; 1024 756 5643 0 0
ciMethod org/jetbrains/kotlin/load/java/structure/impl/classFiles/BinaryJavaMethodBase$Companion parseMethodSignature (Ljava/lang/String;Lorg/jetbrains/kotlin/load/java/structure/impl/classFiles/BinaryClassSignatureParser;Lorg/jetbrains/kotlin/load/java/structure/impl/classFiles/ClassifierResolutionContext;)Lorg/jetbrains/kotlin/load/java/structure/impl/classFiles/BinaryJavaMethodBase$Companion$MethodInfo; 50 60 404 0 0
ciMethod org/jetbrains/kotlin/load/java/structure/impl/classFiles/BinaryJavaMethodBase$Companion$MethodInfo <init> (Lorg/jetbrains/kotlin/load/java/structure/JavaType;Ljava/util/List;Ljava/util/List;)V 1024 0 5680 0 848
ciMethod org/jetbrains/kotlin/load/java/structure/impl/classFiles/BinaryJavaMethodBase$Companion$MethodInfo getReturnType ()Lorg/jetbrains/kotlin/load/java/structure/JavaType; 364 0 182 0 0
ciMethod org/jetbrains/kotlin/load/java/structure/impl/classFiles/BinaryJavaMethodBase$Companion$MethodInfo getTypeParameters ()Ljava/util/List; 376 0 188 0 0
ciMethod org/jetbrains/kotlin/load/java/structure/impl/classFiles/BinaryJavaMethodBase$Companion$MethodInfo getValueParameterTypes ()Ljava/util/List; 384 0 192 0 0
ciMethod org/jetbrains/kotlin/load/java/structure/impl/classFiles/BinaryJavaMethod <init> (ILorg/jetbrains/kotlin/load/java/structure/JavaClass;Ljava/util/List;Ljava/util/List;Lorg/jetbrains/kotlin/name/Name;Lorg/jetbrains/kotlin/load/java/structure/JavaType;)V 1024 0 5416 0 0
ciMethod org/jetbrains/kotlin/load/java/structure/impl/classFiles/AnnotationsAndParameterCollectorMethodVisitor <init> (Lorg/jetbrains/kotlin/load/java/structure/impl/classFiles/BinaryJavaMethodBase;Lorg/jetbrains/kotlin/load/java/structure/impl/classFiles/ClassifierResolutionContext;Lorg/jetbrains/kotlin/load/java/structure/impl/classFiles/BinaryClassSignatureParser;II)V 1024 0 5643 0 0
ciMethod org/jetbrains/org/objectweb/asm/MethodVisitor <init> (I)V 1024 0 9356 0 0
ciMethod org/jetbrains/org/objectweb/asm/MethodVisitor <init> (ILorg/jetbrains/org/objectweb/asm/MethodVisitor;)V 1024 0 8729 0 352
ciMethod org/jetbrains/kotlin/load/java/structure/impl/classFiles/BinaryJavaConstructor <init> (ILorg/jetbrains/kotlin/load/java/structure/JavaClass;Ljava/util/List;Ljava/util/List;)V 14 0 227 0 0
ciMethod org/jetbrains/kotlin/load/java/structure/impl/classFiles/BinaryJavaValueParameter <init> (Lorg/jetbrains/kotlin/load/java/structure/JavaType;Z)V 816 0 5553 0 1432
ciMethodData org/jetbrains/kotlin/load/java/structure/impl/classFiles/CommonMixinsKt isSet (II)Z 2 53527 orig 80 0 0 0 0 0 0 0 0 0 0 0 0 249 127 0 0 0 0 0 0 0 0 0 0 0 0 0 0 0 0 0 0 0 0 0 0 0 0 0 0 0 0 0 0 0 0 0 0 0 0 0 0 0 0 0 0 0 0 0 0 0 0 0 0 0 0 0 0 0 0 0 0 0 0 0 0 0 0 0 0 data 12 0x30007 0xc351 0x38 0xdc6 0x70003 0xdc6 0x18 0x0 0x9 0x2 0x0 0x0 oops 0 methods 0
ciMethod org/jetbrains/kotlin/load/java/structure/impl/classFiles/PlainJavaArrayType <init> (Lorg/jetbrains/kotlin/load/java/structure/JavaType;)V 78 0 295 0 -1
ciMethodData org/jetbrains/kotlin/utils/SmartList <init> ()V 2 26837 orig 80 0 0 0 0 0 0 0 0 0 0 0 0 249 127 0 0 0 0 0 0 0 0 0 0 0 0 0 0 0 0 0 0 0 0 0 0 0 0 0 0 0 0 0 0 0 0 0 0 0 0 0 0 0 0 0 0 0 0 0 0 0 0 0 0 0 0 0 0 0 0 0 0 0 0 0 0 0 0 0 0 data 7 0x10002 0x68d5 0x0 0x0 0x9 0x1 0x0 oops 0 methods 0
ciMethodData org/jetbrains/org/objectweb/asm/Type <init> (ILjava/lang/String;II)V 2 4430 orig 80 0 0 0 0 0 0 0 0 0 0 0 0 249 127 0 0 0 0 0 0 0 0 0 0 0 0 0 0 0 0 0 0 0 0 0 0 0 0 0 0 0 0 0 0 0 0 0 0 0 0 0 0 0 0 0 0 0 0 0 0 0 0 0 0 0 0 0 0 0 0 0 0 0 0 0 0 0 0 0 0 data 13 0x10002 0x114e 0x0 0x0 0x0 0x0 0x9 0x5 0xe 0x0 0x0 0x0 0x0 oops 0 methods 0
ciMethodData org/jetbrains/kotlin/load/java/structure/impl/classFiles/BinaryJavaModifierListOwner isSet (I)Z 2 33082 orig 80 0 0 0 0 0 0 0 0 0 0 0 0 249 127 0 0 0 0 0 0 0 0 0 0 0 0 0 0 0 0 0 0 0 0 0 0 0 0 0 0 0 0 0 0 0 0 0 0 0 0 0 0 0 0 0 0 0 0 0 0 0 0 0 0 0 0 0 0 0 0 0 0 0 0 0 0 0 0 0 0 data 19 0x10005 0x1ed9 0x0 0x1f150449e48 0xbb8 0x1f14c67f380 0x56a9 0x70002 0x813a 0x0 0x0 0x0 0x0 0x0 0x0 0x9 0x2 0x0 0x0 oops 2 3 org/jetbrains/kotlin/load/java/structure/impl/classFiles/BinaryJavaField 5 org/jetbrains/kotlin/load/java/structure/impl/classFiles/BinaryJavaClass methods 0
ciMethodData org/jetbrains/kotlin/load/java/structure/impl/classFiles/BinaryJavaModifierListOwner isStatic ()Z 2 29596 orig 80 0 0 0 0 0 0 0 0 0 0 0 0 249 127 0 0 0 0 0 0 0 0 0 0 0 0 0 0 0 0 0 0 0 0 0 0 0 0 0 0 0 0 0 0 0 0 0 0 0 0 0 0 0 0 0 0 0 0 0 0 0 0 0 0 0 0 0 0 0 0 0 0 0 0 0 0 0 0 0 0 data 16 0x30005 0x13df 0x0 0x1f14c67f850 0x5225 0x1f14c67f380 0xd98 0x0 0x0 0x0 0x0 0x0 0x0 0x9 0x1 0xffffffffffffffff oops 2 3 org/jetbrains/kotlin/load/java/structure/impl/classFiles/BinaryJavaMethod 5 org/jetbrains/kotlin/load/java/structure/impl/classFiles/BinaryJavaClass methods 0
ciMethodData org/jetbrains/kotlin/load/java/structure/impl/classFiles/BinaryJavaClass isEnum ()Z 2 11217 orig 80 0 0 0 0 0 0 0 0 0 0 0 0 249 127 0 0 0 0 0 0 0 0 0 0 0 0 0 0 0 0 0 0 0 0 0 0 0 0 0 0 0 0 0 0 0 0 0 0 0 0 0 0 0 0 0 0 0 0 0 0 0 0 0 0 0 0 0 0 0 0 0 0 0 0 0 0 0 0 0 0 data 16 0x40005 0x0 0x0 0x1f14c67f380 0x2bd1 0x0 0x0 0x0 0x0 0x0 0x0 0x0 0x0 0x9 0x1 0x0 oops 1 3 org/jetbrains/kotlin/load/java/structure/impl/classFiles/BinaryJavaClass methods 0
ciMethodData org/jetbrains/org/objectweb/asm/Type getArgumentTypes (Ljava/lang/String;)[Lorg/jetbrains/org/objectweb/asm/Type; 2 5314 orig 80 0 0 0 0 0 0 0 0 0 0 0 0 249 127 0 0 0 0 0 0 0 0 0 0 0 0 0 0 0 0 0 0 0 0 0 0 0 0 0 0 0 0 0 0 0 0 0 0 0 0 0 0 0 0 0 0 0 0 0 0 0 0 0 0 0 0 0 0 0 0 0 0 0 0 0 0 0 0 0 0 data 114 0x60005 0x2cfb 0x0 0x0 0x0 0x0 0x0 0xb0007 0x14c2 0x148 0x1839 0x100005 0x18c3 0x0 0x0 0x0 0x0 0x0 0x150007 0x1839 0x38 0x8a 0x1b0003 0x8a 0xffffffffffffffa8 0x230005 0x1839 0x0 0x0 0x0 0x0 0x0 0x280007 0xacd 0x68 0xd6c 0x2f0005 0xd6c 0x0 0x0 0x0 0x0 0x0 0x370002 0xd6c 0x3e0003 0x1839 0xfffffffffffffe98 0x4d0005 0x2cfb 0x0 0x0 0x0 0x0 0x0 0x520007 0x14c2 0x190 0x1839 0x5a0005 0x18c3 0x0 0x0 0x0 0x0 0x0 0x5f0007 0x1839 0x38 0x8a 0x650003 0x8a 0xffffffffffffffa8 0x6d0005 0x1839 0x0 0x0 0x0 0x0 0x0 0x720007 0xacd 0x68 0xd6c 0x790005 0xd6c 0x0 0x0 0x0 0x0 0x0 0x830002 0xd6c 0x910002 0x1839 0x940004 0x0 0x0 0x1f14c19d388 0x1839 0x0 0x0 0x950003 0x1839 0xfffffffffffffe50 0x0 0x0 0x0 0x0 0x0 0x0 0x9 0x1 0x0 oops 1 98 org/jetbrains/org/objectweb/asm/Type methods 0
ciMethodData org/jetbrains/org/objectweb/asm/Type getTypeInternal (Ljava/lang/String;II)Lorg/jetbrains/org/objectweb/asm/Type; 2 9876 orig 80 1 0 0 0 0 0 0 0 0 0 0 0 0 0 0 0 0 0 0 0 0 0 0 0 0 0 0 0 0 0 0 0 0 0 0 0 0 0 0 1 0 0 0 0 0 0 0 0 0 0 0 0 0 0 0 0 0 0 0 0 0 0 0 0 0 0 0 0 0 0 0 0 0 0 0 0 0 0 0 0 data 57 0x20005 0x2694 0x0 0x0 0x0 0x0 0x0 0x8000000600050008 0x1a 0x0 0x110 0x0 0x100 0xa 0xe0 0x11 0xe0 0x6 0xe0 0xb4 0xe0 0x77a 0xe0 0x4e 0xe0 0x1073 0xf0 0xb 0xe0 0x884 0xe0 0x42e 0xe0 0xc8 0xe0 0x9d0002 0xc8 0xae0002 0x1073 0xbb0002 0x0 0xc30002 0x0 0x0 0x0 0x0 0x0 0x0 0x0 0x0 0x0 0x0 0x9 0x3 0x0 0x0 0x0 oops 0 methods 0
ciMethodData org/jetbrains/kotlin/load/java/structure/impl/classFiles/BinaryClassSignatureParser parseTypeString (Ljava/text/CharacterIterator;Lorg/jetbrains/kotlin/load/java/structure/impl/classFiles/ClassifierResolutionContext;)Lorg/jetbrains/kotlin/load/java/structure/JavaType; 2 11320 orig 80 1 0 0 0 0 0 0 0 0 0 0 0 0 0 0 0 0 0 0 0 0 0 0 0 0 0 0 0 0 0 0 0 0 0 0 0 0 0 0 0 0 0 0 0 0 0 0 0 0 0 0 0 0 0 0 0 0 0 0 0 0 0 0 0 0 0 0 0 0 0 0 0 0 0 0 0 0 0 0 0 data 78 0x30002 0x2c39 0x90002 0x2c39 0xe0002 0x2c39 0x150002 0x2c39 0x190007 0x2c3a 0x30 0x0 0x250002 0x0 0x310002 0x2c3a 0x340004 0x0 0x0 0x1f14f748460 0x1d3 0x0 0x0 0x420005 0x0 0x0 0x1f14f748460 0x2c3a 0x0 0x0 0x4b0005 0x0 0x0 0x1f14f7496c8 0x2d52 0x0 0x0 0x500007 0x2c3a 0xf0 0x118 0x550004 0x0 0x0 0x1f14f7496c8 0x18 0x0 0x0 0x580005 0x0 0x0 0x1f14f7496c8 0x118 0x0 0x0 0x6a0002 0x118 0x6d0004 0x0 0x0 0x1f14f748e78 0x18 0x0 0x0 0x720003 0x118 0xfffffffffffffef0 0x0 0x0 0x0 0x0 0x0 0x0 0x9 0x3 0xffffffffffffffff 0xffffffffffffffff 0xffffffffffffffff oops 6 19 kotlin/ranges/IntRange 26 kotlin/ranges/IntRange 33 kotlin/ranges/IntProgressionIterator 44 kotlin/ranges/IntProgressionIterator 51 kotlin/ranges/IntProgressionIterator 60 org/jetbrains/kotlin/load/java/structure/impl/classFiles/PlainJavaArrayType methods 0
ciMethodData org/jetbrains/kotlin/load/java/structure/JavaElementsKt buildLazyValueForMap (Lorg/jetbrains/kotlin/load/java/structure/JavaAnnotationOwner;)Lkotlin/Lazy; 2 13199 orig 80 0 0 0 0 0 0 0 0 0 0 0 0 0 0 0 0 0 0 0 0 0 0 0 0 0 0 0 0 0 0 0 0 0 0 0 0 0 0 0 0 0 0 0 0 0 0 0 0 0 0 0 0 0 0 0 0 0 0 0 0 0 0 0 0 0 0 0 0 0 0 0 0 0 0 0 0 0 0 0 0 data 19 0x30002 0x3390 0x7000a 0x3390 0x3 0x0 0x2 0x1f145621bc0 0xc0002 0x3390 0x0 0x0 0x0 0x0 0x0 0x0 0x9 0x1 0x0 oops 1 7  @bci org/jetbrains/kotlin/load/java/structure/JavaElementsKt buildLazyValueForMap (Lorg/jetbrains/kotlin/load/java/structure/JavaAnnotationOwner;)Lkotlin/Lazy; 7 <appendix> member <vmtarget> ; methods 0
ciMethodData  @bci org/jetbrains/kotlin/load/java/structure/JavaElementsKt buildLazyValueForMap (Lorg/jetbrains/kotlin/load/java/structure/JavaAnnotationOwner;)Lkotlin/Lazy; 7 <appendix> member <vmtarget> ; <init> (Lorg/jetbrains/kotlin/load/java/structure/JavaAnnotationOwner;)V 2 13199 orig 80 0 0 0 0 0 0 0 0 0 0 0 0 0 0 0 0 0 0 0 0 0 0 0 0 0 0 0 0 0 0 0 0 0 0 0 0 0 0 0 0 0 0 0 0 0 0 0 0 0 0 0 0 0 0 0 0 0 0 0 0 0 0 0 0 0 0 0 0 0 0 0 0 0 0 0 0 0 0 0 0 data 10 0x10002 0x3390 0x0 0x0 0x0 0x0 0x9 0x2 0x6 0x0 oops 0 methods 0
ciMethodData org/jetbrains/kotlin/load/java/structure/impl/classFiles/BinaryClassSignatureParser mapAsmType (Lorg/jetbrains/org/objectweb/asm/Type;Lorg/jetbrains/kotlin/load/java/structure/impl/classFiles/ClassifierResolutionContext;)Lorg/jetbrains/kotlin/load/java/structure/JavaType; 2 11343 orig 80 0 0 0 0 0 0 0 0 0 0 0 0 0 0 0 0 0 0 0 0 0 0 0 0 0 0 0 0 0 0 0 0 0 0 0 0 0 0 0 0 0 0 0 0 0 0 0 0 0 0 0 0 0 0 0 0 0 0 0 0 0 0 0 0 0 0 0 0 0 0 0 0 0 0 0 0 0 0 0 0 data 38 0x40002 0x2c50 0xa0002 0x2c50 0x130005 0x2c50 0x0 0x0 0x0 0x0 0x0 0x160002 0x2c50 0x190004 0x0 0x0 0x1f14b027be0 0x42c 0x0 0x0 0x1d0005 0x2c50 0x0 0x0 0x0 0x0 0x0 0x0 0x0 0x0 0x0 0x0 0x0 0x9 0x3 0x0 0x0 0x0 oops 1 16 java/text/StringCharacterIterator methods 0
ciMethodData org/jetbrains/org/objectweb/asm/Type getDescriptor ()Ljava/lang/String; 2 5547 orig 80 0 0 0 0 0 0 0 0 0 0 0 0 0 0 0 0 0 0 0 0 0 0 0 0 0 0 0 0 0 0 0 0 0 0 0 0 0 0 0 0 0 0 0 0 0 0 0 0 0 0 0 0 0 0 0 0 0 0 0 0 0 0 0 0 0 0 0 0 0 0 0 0 0 0 0 0 0 0 0 0 data 69 0x60007 0xd7a 0x58 0x832 0x190005 0x832 0x0 0x0 0x0 0x0 0x0 0x230007 0xd7a 0x148 0x0 0x2a0002 0x0 0x2f0005 0x0 0x0 0x0 0x0 0x0 0x0 0x3e0005 0x0 0x0 0x0 0x0 0x0 0x0 0x410005 0x0 0x0 0x0 0x0 0x0 0x0 0x460005 0x0 0x0 0x0 0x0 0x0 0x0 0x490005 0x0 0x0 0x0 0x0 0x0 0x0 0x590005 0xd7a 0x0 0x0 0x0 0x0 0x0 0x0 0x0 0x0 0x0 0x0 0x0 0x0 0x9 0x1 0x0 oops 0 methods 0
ciMethodData kotlin/collections/ArraysKt___ArraysKt toCollection ([Ljava/lang/Object;Ljava/util/Collection;)Ljava/util/Collection; 2 5283 orig 80 0 0 0 0 0 0 0 0 0 0 0 0 0 0 0 0 0 0 0 0 0 0 0 0 0 0 0 0 0 0 0 0 0 0 0 0 0 0 0 0 0 0 0 0 0 0 0 0 0 0 0 0 0 0 0 0 0 0 0 0 0 0 0 0 0 0 0 0 0 0 0 0 0 0 0 0 0 0 0 0 data 28 0x30002 0x14a4 0xa0002 0x14a4 0x140007 0x14a4 0x70 0x2a38 0x1f0005 0x0 0x0 0x1f14b4bf900 0x2a35 0x1f14b4c0db0 0x3 0x280003 0x2a38 0xffffffffffffffa8 0x0 0x0 0x0 0x0 0x0 0x0 0x9 0x2 0x0 0x0 oops 2 11 java/util/LinkedHashSet 13 java/util/HashSet methods 0
ciMethodData kotlin/collections/SetsKt__SetsKt setOf ([Ljava/lang/Object;)Ljava/util/Set; 2 5473 orig 80 0 0 0 0 0 0 0 0 0 0 0 0 0 0 0 0 0 0 0 0 0 0 0 0 0 0 0 0 0 0 0 0 0 0 0 0 0 0 0 0 0 0 0 0 0 0 0 0 0 0 0 0 0 0 0 0 0 0 0 0 0 0 0 0 0 0 0 0 0 0 0 0 0 0 0 0 0 0 0 0 data 13 0x30002 0x1562 0x70002 0x1562 0x0 0x0 0x0 0x0 0x0 0x0 0x9 0x1 0x0 oops 0 methods 0
ciMethodData kotlin/collections/ArraysKt___ArraysKt toSet ([Ljava/lang/Object;)Ljava/util/Set; 2 5187 orig 80 0 0 0 0 0 0 0 0 0 0 0 0 0 0 0 0 0 0 0 0 0 0 0 0 0 0 0 0 0 0 0 0 0 0 0 0 0 0 0 0 0 0 0 0 0 0 0 0 0 0 0 0 0 0 0 0 0 0 0 0 0 0 0 0 0 0 0 0 0 0 0 0 0 0 0 0 0 0 0 0 data 49 0x30002 0x1444 0x80008 0x6 0x1444 0x90 0x0 0x40 0x0 0x68 0x200002 0x0 0x230003 0x0 0xe0 0x290002 0x0 0x2c0003 0x0 0xb8 0x360002 0x1444 0x390002 0x1444 0x3c0004 0x0 0x0 0x1f14b4bf900 0x1f8 0x0 0x0 0x3f0002 0x1444 0x420004 0x0 0x0 0x1f14b4bf900 0x1444 0x0 0x0 0x0 0x0 0x0 0x0 0x0 0x0 0x9 0x1 0x0 oops 2 27 java/util/LinkedHashSet 36 java/util/LinkedHashSet methods 0
ciMethodData org/jetbrains/kotlin/load/java/structure/impl/classFiles/ClassifierResolutionContext <init> (Lkotlin/jvm/functions/Function1;Ljavaslang/collection/Map;Ljavaslang/collection/Map;)V 2 5717 orig 80 0 0 0 0 0 0 0 0 0 0 0 0 0 0 0 0 0 0 0 0 0 0 0 0 0 0 0 0 0 0 0 0 0 0 0 0 0 0 0 0 0 0 0 0 0 0 0 0 0 0 0 0 0 0 0 0 0 0 0 0 0 0 0 0 0 0 0 0 0 0 0 0 0 0 0 0 0 0 0 0 data 12 0x10002 0x1656 0x0 0x0 0x0 0x0 0x9 0x4 0xe 0x0 0x0 0x0 oops 0 methods 0
ciMethodData org/jetbrains/kotlin/load/java/structure/impl/classFiles/ClassifierResolutionContext copyForMember$resolution_common_jvm ()Lorg/jetbrains/kotlin/load/java/structure/impl/classFiles/ClassifierResolutionContext; 2 5551 orig 80 0 0 0 0 0 0 0 0 0 0 0 0 0 0 0 0 0 0 0 0 0 0 0 0 0 0 0 0 0 0 0 0 0 0 0 0 0 0 0 0 0 0 0 0 0 0 0 0 0 0 0 0 0 0 0 0 0 0 0 0 0 0 0 0 0 0 0 0 0 0 0 0 0 0 0 0 0 0 0 0 data 9 0x100002 0x15b0 0x0 0x0 0x0 0x0 0x9 0x1 0x0 oops 0 methods 0
ciMethodData org/jetbrains/kotlin/load/java/structure/impl/classFiles/BinaryJavaMethodBase$Companion$MethodInfo <init> (Lorg/jetbrains/kotlin/load/java/structure/JavaType;Ljava/util/List;Ljava/util/List;)V 2 5168 orig 80 0 0 0 0 0 0 0 0 0 0 0 0 0 0 0 0 0 0 0 0 0 0 0 0 0 0 0 0 0 0 0 0 0 0 0 0 0 0 0 0 0 0 0 0 0 0 0 0 0 0 0 0 0 0 0 0 0 0 0 0 0 0 0 0 0 0 0 0 0 0 0 0 0 0 0 0 0 0 0 0 data 20 0x30002 0x1431 0x90002 0x1431 0xf0002 0x1431 0x130002 0x1431 0x0 0x0 0x0 0x0 0x0 0x0 0x9 0x4 0xe 0x0 0x0 0x0 oops 0 methods 0
ciMethodData org/jetbrains/kotlin/load/java/structure/impl/classFiles/BinaryJavaMethodBase$Companion create (Ljava/lang/String;ILjava/lang/String;Ljava/lang/String;Lorg/jetbrains/kotlin/load/java/structure/JavaClass;Lorg/jetbrains/kotlin/load/java/structure/impl/classFiles/ClassifierResolutionContext;Lorg/jetbrains/kotlin/load/java/structure/impl/classFiles/BinaryClassSignatureParser;)Lkotlin/Pair; 2 5131 orig 80 0 0 0 0 0 0 0 0 0 0 0 0 0 0 0 0 0 0 0 0 0 0 0 0 0 0 0 0 0 0 0 0 0 0 0 0 0 0 0 0 0 0 0 0 0 0 0 0 0 0 0 0 0 0 0 0 0 0 0 0 0 0 0 0 0 0 0 0 0 0 0 0 0 0 0 0 0 0 0 0 data 413 0x30002 0x140c 0x90002 0x140c 0x100002 0x140c 0x170002 0x140c 0x1e0002 0x140c 0x240002 0x140c 0x2d0002 0x140c 0x340007 0x1330 0xe8 0xdc 0x390005 0x0 0x0 0x1f14c67f380 0xdc 0x0 0x0 0x3e0007 0xcb 0x90 0x11 0x430005 0x0 0x0 0x1f14c67f380 0x11 0x0 0x0 0x480007 0x10 0x38 0x1 0x4c0003 0x1 0x18 0x540005 0x0 0x0 0x1f14c67f380 0x140c 0x0 0x0 0x590007 0x13fa 0x58 0x12 0x5e0007 0xf 0x38 0x3 0x620003 0x3 0x18 0x6e0002 0x140c 0x790007 0x1409 0x138 0x3 0x820005 0x3 0x0 0x0 0x0 0x0 0x0 0x870005 0x3 0x0 0x0 0x0 0x0 0x0 0x8c0005 0x3 0x0 0x0 0x0 0x0 0x0 0x8f0004 0x0 0x0 0x1f145406708 0x3 0x0 0x0 0x930002 0x3 0x960002 0x3 0x990003 0x3 0x150 0x9e0007 0x1408 0x138 0x1 0xa70005 0x1 0x0 0x0 0x0 0x0 0x0 0xac0005 0x1 0x0 0x0 0x0 0x0 0x0 0xb10005 0x1 0x0 0x0 0x0 0x0 0x0 0xb40004 0x0 0x0 0x1f145406708 0x1 0x0 0x0 0xb80002 0x1 0xbb0002 0x1 0xbe0003 0x1 0x18 0xc90007 0x1291 0x2b0 0x17b 0xce0005 0x17b 0x0 0x0 0x0 0x0 0x0 0xda0002 0x17b 0xea0005 0x17b 0x0 0x0 0x0 0x0 0x0 0xed0004 0x0 0x0 0x1f14c67f430 0x133 0x1f14c67f4e0 0x41 0xf00005 0x17b 0x0 0x0 0x0 0x0 0x0 0xfa0005 0x17b 0x0 0x0 0x0 0x0 0x0 0xfd0004 0x0 0x0 0x1f14c67f4e0 0xae 0x1f145406708 0x80 0x1000005 0x4d 0x0 0x1f14c67f4e0 0xae 0x1f145406708 0x80 0x1070005 0x17b 0x0 0x0 0x0 0x0 0x0 0x10a0004 0x0 0x0 0x1f145406708 0x178 0x1f14c67f430 0x3 0x10d0005 0x0 0x0 0x1f145406708 0x178 0x1f14c67f430 0x3 0x1120007 0x17b 0x38 0x0 0x1170003 0x0 0x30 0x11c0003 0x17b 0x18 0x1250005 0x140c 0x0 0x0 0x0 0x0 0x0 0x12c0005 0x4e 0x0 0x1f145406708 0x1310 0x1f14c67f4e0 0xae 0x1350004 0x0 0x0 0x1f145406708 0x1310 0x1f14c67f4e0 0xae 0x1490002 0x140c 0x14c0002 0x140c 0x14f0004 0x0 0x0 0x1f145406708 0x10f 0x0 0x0 0x15c0005 0x4e 0x0 0x1f145406708 0x1310 0x1f14c67f4e0 0xae 0x1650005 0x4e 0x0 0x1f14c67f590 0x2925 0x1f14c67f640 0x15c 0x16a0007 0x140c 0x178 0x16c3 0x16f0005 0x0 0x0 0x1f14c67f590 0x1615 0x1f14c67f640 0xae 0x1810007 0x16c3 0x30 0x0 0x1840002 0x0 0x18b0004 0x0 0x0 0x1f14c67f6f0 0xc87 0x1f14c67f7a0 0x999 0x1990007 0x1698 0x58 0x2b 0x1a20007 0x13 0x38 0x18 0x1a60003 0x18 0x18 0x1b40002 0x16c3 0x1ba0005 0x0 0x0 0x1f145406708 0x16c3 0x0 0x0 0x1c00003 0x16c3 0xfffffffffffffe68 0x1c50004 0x0 0x0 0x1f145406708 0x10f 0x0 0x0 0x1cd0007 0x1330 0xb8 0xdc 0x1db0005 0xdc 0x0 0x0 0x0 0x0 0x0 0x1de0002 0xdc 0x1e10004 0x0 0x0 0x0 0x0 0x0 0x0 0x1e40003 0xdc 0xf0 0x1f20005 0x1330 0x0 0x0 0x0 0x0 0x0 0x1f60002 0x1330 0x1fc0002 0x1330 0x2010005 0x1330 0x0 0x0 0x0 0x0 0x0 0x2040002 0x1330 0x2070004 0x0 0x0 0x1f14c67f850 0x10f 0x0 0x0 0x20f0007 0x1409 0x38 0x3 0x2130003 0x3 0x50 0x2180007 0x1408 0x38 0x1 0x21c0003 0x1 0x18 0x2310002 0x140c 0x2350002 0x140c 0x2380002 0x140c 0x0 0x0 0x0 0x0 0x0 0x0 0x9 0x8 0x0 0x0 0x0 0x0 0x0 0x0 0x0 0x0 oops 31 21 org/jetbrains/kotlin/load/java/structure/impl/classFiles/BinaryJavaClass 32 org/jetbrains/kotlin/load/java/structure/impl/classFiles/BinaryJavaClass 46 org/jetbrains/kotlin/load/java/structure/impl/classFiles/BinaryJavaClass 91 java/util/ArrayList 130 java/util/ArrayList 164 kotlin/collections/EmptyList 166 java/util/Collections$SingletonList 185 java/util/Collections$SingletonList 187 java/util/ArrayList 192 java/util/Collections$SingletonList 194 java/util/ArrayList 206 java/util/ArrayList 208 kotlin/collections/EmptyList 213 java/util/ArrayList 215 kotlin/collections/EmptyList 237 java/util/ArrayList 239 java/util/Collections$SingletonList 244 java/util/ArrayList 246 java/util/Collections$SingletonList 255 java/util/ArrayList 262 java/util/ArrayList 264 java/util/Collections$SingletonList 269 java/util/ArrayList$Itr 271 java/util/Collections$1 280 java/util/ArrayList$Itr 282 java/util/Collections$1 293 org/jetbrains/kotlin/load/java/structure/impl/classFiles/PlainJavaClassifierType 295 org/jetbrains/kotlin/load/java/structure/impl/classFiles/PlainJavaPrimitiveType 313 java/util/ArrayList 323 java/util/ArrayList 373 org/jetbrains/kotlin/load/java/structure/impl/classFiles/BinaryJavaMethod methods 0
ciMethodData org/jetbrains/kotlin/load/java/structure/impl/classFiles/BinaryJavaMethodBase$Companion parseMethodDescription (Ljava/lang/String;Lorg/jetbrains/kotlin/load/java/structure/impl/classFiles/ClassifierResolutionContext;Lorg/jetbrains/kotlin/load/java/structure/impl/classFiles/BinaryClassSignatureParser;)Lorg/jetbrains/kotlin/load/java/structure/impl/classFiles/BinaryJavaMethodBase$Companion$MethodInfo; 2 5131 orig 80 0 0 0 0 0 0 0 0 0 0 0 0 0 0 0 0 0 0 0 0 0 0 0 0 0 0 0 0 0 0 0 0 0 0 0 0 0 0 0 0 0 0 0 0 0 0 0 0 0 0 0 0 0 0 0 0 0 0 0 0 0 0 0 0 0 0 0 0 0 0 0 0 0 0 0 0 0 0 0 0 data 84 0x20002 0x140c 0x90002 0x140c 0xd0005 0x140c 0x0 0x0 0x0 0x0 0x0 0x130002 0x140c 0x1a0002 0x140c 0x1d0004 0x0 0x0 0x1f14c19d5d0 0x180 0x0 0x0 0x300002 0x140c 0x330004 0x0 0x0 0x1f145406708 0x180 0x0 0x0 0x470007 0x140c 0xf0 0x16ca 0x550004 0x0 0x0 0x1f14c19d388 0x133 0x0 0x0 0x620002 0x16ca 0x680005 0x16ca 0x0 0x0 0x0 0x0 0x0 0x6e0005 0x0 0x0 0x1f145406708 0x16ca 0x0 0x0 0x770003 0x16ca 0xffffffffffffff28 0x7c0004 0x0 0x0 0x1f145406708 0x180 0x0 0x0 0x880002 0x140c 0x8d0002 0x140c 0x0 0x0 0x0 0x0 0x0 0x0 0x9 0x4 0x0 0x0 0x0 0x0 oops 5 18 [Lorg/jetbrains/org/objectweb/asm/Type; 27 java/util/ArrayList 38 org/jetbrains/org/objectweb/asm/Type 54 java/util/ArrayList 64 java/util/ArrayList methods 0
ciMethodData org/jetbrains/org/objectweb/asm/Type getReturnType (Ljava/lang/String;)Lorg/jetbrains/org/objectweb/asm/Type; 2 5131 orig 80 0 0 0 0 0 0 0 0 0 0 0 0 0 0 0 0 0 0 0 0 0 0 0 0 0 0 0 0 0 0 0 0 0 0 0 0 0 0 0 0 0 0 0 0 0 0 0 0 0 0 0 0 0 0 0 0 0 0 0 0 0 0 0 0 0 0 0 0 0 0 0 0 0 0 0 0 0 0 0 0 data 20 0x20002 0x140c 0x60005 0x140c 0x0 0x0 0x0 0x0 0x0 0x90002 0x140c 0x0 0x0 0x0 0x0 0x0 0x0 0x9 0x1 0x0 oops 0 methods 0
ciMethodData org/jetbrains/org/objectweb/asm/Type getReturnTypeOffset (Ljava/lang/String;)I 2 5131 orig 80 0 0 0 0 0 0 0 0 0 0 0 0 0 0 0 0 0 0 0 0 0 0 0 0 0 0 0 0 0 0 0 0 0 0 0 0 0 0 0 0 0 0 0 0 0 0 0 0 0 0 0 0 0 0 0 0 0 0 0 0 0 0 0 0 0 0 0 0 0 0 0 0 0 0 0 0 0 0 0 0 data 57 0x40005 0x2ad6 0x0 0x0 0x0 0x0 0x0 0x90007 0x140c 0x148 0x16ca 0xe0005 0x176d 0x0 0x0 0x0 0x0 0x0 0x130007 0x16ca 0x38 0xa3 0x190003 0xa3 0xffffffffffffffa8 0x210005 0x16ca 0x0 0x0 0x0 0x0 0x0 0x260007 0x9fe 0xffffffffffffff00 0xccc 0x2d0005 0xccc 0x0 0x0 0x0 0x0 0x0 0x350002 0xccc 0x390003 0xccc 0xfffffffffffffe98 0x0 0x0 0x0 0x0 0x0 0x0 0x9 0x1 0x0 oops 0 methods 0
ciMethodData org/jetbrains/kotlin/load/java/structure/impl/classFiles/BinaryJavaMethodBase <init> (ILorg/jetbrains/kotlin/load/java/structure/JavaClass;Ljava/util/List;Ljava/util/List;Lorg/jetbrains/kotlin/name/Name;)V 2 5338 orig 80 0 0 0 0 0 0 0 0 0 0 0 0 0 0 0 0 0 0 0 0 0 0 0 0 0 0 0 0 0 0 0 0 0 0 0 0 0 0 0 0 0 0 0 0 0 0 0 0 0 0 0 0 0 0 0 0 0 0 0 0 0 0 0 0 0 0 0 0 0 0 0 0 0 0 0 0 0 0 0 0 data 42 0x30002 0x14db 0x90002 0x14db 0x100002 0x14db 0x170002 0x14db 0x1b0002 0x14db 0x3e0002 0x14db 0x410004 0x0 0x0 0x1f14561f690 0x17f 0x0 0x0 0x490004 0x0 0x0 0x1f14c67f850 0x17f 0x0 0x0 0x4c0002 0x14db 0x0 0x0 0x0 0x0 0x0 0x0 0x9 0x6 0x3e 0x0 0x0 0x0 0x0 0x0 oops 2 15 org/jetbrains/kotlin/utils/SmartList 22 org/jetbrains/kotlin/load/java/structure/impl/classFiles/BinaryJavaMethod methods 0
ciMethodData org/jetbrains/kotlin/load/java/structure/impl/classFiles/AnnotationsAndParameterCollectorMethodVisitor <init> (Lorg/jetbrains/kotlin/load/java/structure/impl/classFiles/BinaryJavaMethodBase;Lorg/jetbrains/kotlin/load/java/structure/impl/classFiles/ClassifierResolutionContext;Lorg/jetbrains/kotlin/load/java/structure/impl/classFiles/BinaryClassSignatureParser;II)V 2 5338 orig 80 0 0 0 0 0 0 0 0 0 0 0 0 0 0 0 0 0 0 0 0 0 0 0 0 0 0 0 0 0 0 0 0 0 0 0 0 0 0 0 0 0 0 0 0 0 0 0 0 0 0 0 0 0 0 0 0 0 0 0 0 0 0 0 0 0 0 0 0 0 0 0 0 0 0 0 0 0 0 0 0 data 44 0x30002 0x14db 0x90002 0x14db 0xf0002 0x14db 0x150002 0x14db 0x4e0002 0x14db 0x510004 0x0 0x0 0x1f1454070d8 0x14db 0x0 0x0 0x570002 0x14db 0x5a0004 0x0 0x0 0x1f1454070d8 0x14db 0x0 0x0 0x5d0002 0x14db 0x0 0x0 0x0 0x0 0x0 0x0 0x0 0x0 0x9 0x6 0xffffffffffffffff 0x0 0x0 0x0 0x0 0x0 oops 2 13 java/lang/Integer 22 java/lang/Integer methods 0
ciMethodData org/jetbrains/org/objectweb/asm/MethodVisitor <init> (I)V 2 8844 orig 80 0 0 0 0 0 0 0 0 0 0 0 0 0 0 0 0 0 0 0 0 0 0 0 0 0 0 0 0 0 0 0 0 0 0 0 0 0 0 0 0 0 0 0 0 0 0 0 0 0 0 0 0 0 0 0 0 0 0 0 0 0 0 0 0 0 0 0 0 0 0 0 0 0 0 0 0 0 0 0 0 data 8 0x30002 0x228d 0x0 0x0 0x9 0x2 0xffffffffffffffff 0x0 oops 0 methods 0
ciMethodData org/jetbrains/org/objectweb/asm/MethodVisitor <init> (ILorg/jetbrains/org/objectweb/asm/MethodVisitor;)V 2 8217 orig 80 0 0 0 0 0 0 0 0 0 0 0 0 0 0 0 0 0 0 0 0 0 0 0 0 0 0 0 0 0 0 0 0 0 0 0 0 0 0 0 0 0 0 0 0 0 0 0 0 0 0 0 0 0 0 0 0 0 0 0 0 0 0 0 0 0 0 0 0 0 0 0 0 0 0 0 0 0 0 0 0 data 72 0x10002 0x201a 0x70007 0x201a 0x1a8 0x0 0xd0007 0x0 0x188 0x0 0x130007 0x0 0x168 0x0 0x190007 0x0 0x148 0x0 0x1f0007 0x0 0x128 0x0 0x250007 0x0 0x108 0x0 0x2b0007 0x0 0xe8 0x0 0x360002 0x0 0x3b0005 0x0 0x0 0x0 0x0 0x0 0x0 0x3f0005 0x0 0x0 0x0 0x0 0x0 0x0 0x420005 0x0 0x0 0x0 0x0 0x0 0x0 0x450002 0x0 0x4c0007 0x201a 0x30 0x0 0x500002 0x0 0x0 0x0 0x0 0x0 0x0 0x0 0x9 0x3 0xffffffffffffffff 0x0 0x0 oops 0 methods 0
ciMethodData org/jetbrains/kotlin/load/java/structure/impl/classFiles/BinaryJavaMethod <init> (ILorg/jetbrains/kotlin/load/java/structure/JavaClass;Ljava/util/List;Ljava/util/List;Lorg/jetbrains/kotlin/name/Name;Lorg/jetbrains/kotlin/load/java/structure/JavaType;)V 2 5107 orig 80 0 0 0 0 0 0 0 0 0 0 0 0 0 0 0 0 0 0 0 0 0 0 0 0 0 0 0 0 0 0 0 0 0 0 0 0 0 0 0 0 0 0 0 0 0 0 0 0 0 0 0 0 0 0 0 0 0 0 0 0 0 0 0 0 0 0 0 0 0 0 0 0 0 0 0 0 0 0 0 0 data 27 0x30002 0x13f4 0x90002 0x13f4 0x100002 0x13f4 0x170002 0x13f4 0x1e0002 0x13f4 0x290002 0x13f4 0x0 0x0 0x0 0x0 0x0 0x0 0x9 0x7 0x3e 0x0 0x0 0x0 0x0 0x0 0x0 oops 0 methods 0
ciMethodData kotlin/collections/CollectionsKt___CollectionsKt drop (Ljava/lang/Iterable;I)Ljava/util/List; 1 115 orig 80 0 0 0 0 0 0 0 0 0 0 0 0 0 0 0 0 0 0 0 0 0 0 0 0 0 0 0 0 0 0 0 0 0 0 0 0 0 0 0 0 0 0 0 0 0 0 0 0 0 0 0 0 0 0 0 0 0 0 0 0 0 0 0 0 0 0 0 0 0 0 0 0 0 0 0 0 0 0 0 0 data 283 0x30002 0x73 0x70007 0x0 0x38 0x73 0xb0003 0x73 0x18 0x110007 0x73 0x158 0x0 0x1a0002 0x0 0x200005 0x0 0x0 0x0 0x0 0x0 0x0 0x240005 0x0 0x0 0x0 0x0 0x0 0x0 0x2a0005 0x0 0x0 0x0 0x0 0x0 0x0 0x2d0005 0x0 0x0 0x0 0x0 0x0 0x0 0x360005 0x0 0x0 0x0 0x0 0x0 0x0 0x390002 0x0 0x3e0007 0x73 0x30 0x0 0x420002 0x0 0x490004 0xffffffffffffff91 0x0 0x1f14f748460 0x3d 0x1f150de9790 0x32 0x4c0007 0x6f 0x4d0 0x4 0x500004 0x0 0x0 0x1f145406708 0x4 0x0 0x0 0x530005 0x0 0x0 0x1f145406708 0x4 0x0 0x0 0x5c0007 0x0 0x30 0x4 0x5f0002 0x4 0x650007 0x0 0x40 0x0 0x690002 0x0 0x6c0002 0x0 0x750002 0x0 0x7a0004 0x0 0x0 0x0 0x0 0x0 0x0 0x7d0007 0x0 0x398 0x0 0x810004 0x0 0x0 0x0 0x0 0x0 0x0 0x840007 0x0 0x170 0x0 0x8b0004 0x0 0x0 0x0 0x0 0x0 0x0 0x8e0005 0x0 0x0 0x0 0x0 0x0 0x0 0x990007 0x0 0x268 0x0 0x9e0004 0x0 0x0 0x0 0x0 0x0 0x0 0xa30005 0x0 0x0 0x0 0x0 0x0 0x0 0xa80005 0x0 0x0 0x0 0x0 0x0 0x0 0xaf0003 0x0 0xffffffffffffff38 0xb30004 0x0 0x0 0x0 0x0 0x0 0x0 0xb70005 0x0 0x0 0x0 0x0 0x0 0x0 0xbc0004 0x0 0x0 0x0 0x0 0x0 0x0 0xc30005 0x0 0x0 0x0 0x0 0x0 0x0 0xc80007 0x0 0xa8 0x0 0xcd0005 0x0 0x0 0x0 0x0 0x0 0x0 0xd70005 0x0 0x0 0x0 0x0 0x0 0x0 0xdb0003 0x0 0xffffffffffffff38 0xdf0004 0x0 0x0 0x0 0x0 0x0 0x0 0xe70002 0x6f 0xee0005 0x0 0x0 0x1f14f748460 0x3d 0x1f150de9790 0x32 0xf70005 0x0 0x0 0x1f14f7496c8 0x26e 0x1f150de9840 0x64 0xfc0007 0x6f 0xe0 0x263 0x1010005 0x0 0x0 0x1f14f7496c8 0x231 0x1f150de9840 0x32 0x10a0007 0x6f 0x70 0x1f4 0x1100005 0x0 0x0 0x1f145406708 0x1f4 0x0 0x0 0x1140003 0x1f4 0xffffffffffffff18 0x11a0003 0x6f 0xffffffffffffff00 0x11e0004 0x0 0x0 0x1f145406708 0x6f 0x0 0x0 0x1210002 0x6f 0x0 0x0 0x0 0x0 0x0 0x0 0x0 0x9 0x2 0x0 0x0 oops 12 61 kotlin/ranges/IntRange 63 org/jetbrains/kotlin/fir/resolve/PersistentImplicitReceiverStack 72 java/util/ArrayList 79 java/util/ArrayList 224 kotlin/ranges/IntRange 226 org/jetbrains/kotlin/fir/resolve/PersistentImplicitReceiverStack 231 kotlin/ranges/IntProgressionIterator 233 org/jetbrains/kotlin/kotlinx/collections/immutable/implementations/immutableList/BufferIterator 242 kotlin/ranges/IntProgressionIterator 244 org/jetbrains/kotlin/kotlinx/collections/immutable/implementations/immutableList/BufferIterator 253 java/util/ArrayList 266 java/util/ArrayList methods 0
ciMethodData org/jetbrains/kotlin/load/java/structure/impl/classFiles/BinaryJavaMethodBase$Companion parseMethodSignature (Ljava/lang/String;Lorg/jetbrains/kotlin/load/java/structure/impl/classFiles/BinaryClassSignatureParser;Lorg/jetbrains/kotlin/load/java/structure/impl/classFiles/ClassifierResolutionContext;)Lorg/jetbrains/kotlin/load/java/structure/impl/classFiles/BinaryJavaMethodBase$Companion$MethodInfo; 1 379 orig 80 0 0 0 0 0 0 0 0 0 0 0 0 0 0 0 0 0 0 0 0 0 0 0 0 0 0 0 0 0 0 0 0 0 0 0 0 0 0 0 0 0 0 0 0 0 0 0 0 0 0 0 0 0 0 0 0 0 0 0 0 0 0 0 0 0 0 0 0 0 0 0 0 0 0 0 0 0 0 0 0 data 164 0x50002 0x17b 0xd0004 0x0 0x0 0x1f14b027be0 0x17b 0x0 0x0 0x110005 0x17b 0x0 0x0 0x0 0x0 0x0 0x180005 0x17b 0x0 0x0 0x0 0x0 0x0 0x1d0007 0x17b 0x30 0x0 0x240002 0x0 0x2a0005 0x17b 0x0 0x0 0x0 0x0 0x0 0x330005 0x17b 0x0 0x0 0x0 0x0 0x0 0x380007 0x12e 0x48 0x4d 0x3b0002 0x4d 0x400003 0x4d 0x280 0x470002 0x12e 0x4a0004 0x0 0x0 0x1f145406708 0x12e 0x0 0x0 0x510005 0x344 0x0 0x0 0x0 0x0 0x0 0x560007 0x12e 0x138 0x216 0x5b0005 0x216 0x0 0x0 0x0 0x0 0x0 0x610007 0x0 0xe0 0x216 0x690004 0x0 0x0 0x1f14b027be0 0x216 0x0 0x0 0x6d0005 0x216 0x0 0x0 0x0 0x0 0x0 0x700005 0x0 0x0 0x1f145406708 0x216 0x0 0x0 0x760003 0x216 0xfffffffffffffea8 0x7b0005 0x12e 0x0 0x0 0x0 0x0 0x0 0x800007 0x12e 0x30 0x0 0x870002 0x0 0x8d0004 0x0 0x0 0x1f145406708 0x12e 0x0 0x0 0x900002 0x12e 0x970005 0x17b 0x0 0x0 0x0 0x0 0x0 0x9e0004 0x0 0x0 0x1f14b027be0 0x17b 0x0 0x0 0xa20005 0x17b 0x0 0x0 0x0 0x0 0x0 0xb10002 0x17b 0x0 0x0 0x0 0x0 0x0 0x0 0x9 0x4 0x0 0x0 0x0 0x0 oops 6 5 java/text/StringCharacterIterator 57 java/util/ArrayList 86 java/text/StringCharacterIterator 100 java/util/ArrayList 123 java/util/ArrayList 139 java/text/StringCharacterIterator methods 0
ciMethodData org/jetbrains/kotlin/load/java/structure/impl/classFiles/ClassifierResolutionContext addTypeParameters$resolution_common_jvm (Ljava/util/Collection;)V 1 412 orig 80 0 0 0 0 0 0 0 0 0 0 0 0 0 0 0 0 0 0 0 0 0 0 0 0 0 0 0 0 0 0 0 0 0 0 0 0 0 0 0 0 0 0 0 0 0 0 0 0 0 0 0 0 0 0 0 0 0 0 0 0 0 0 0 0 0 0 0 0 0 0 0 0 0 0 0 0 0 0 0 0 data 88 0x30002 0x19c 0x70005 0x9 0x0 0x1f14c67f430 0x141 0x1f14c67f4e0 0x52 0xc0007 0x5b 0x20 0x141 0x120004 0x0 0x0 0x1f14c67f4e0 0x52 0x1f145406708 0x9 0x240005 0x0 0x0 0x1f14c67f4e0 0x52 0x1f145406708 0x9 0x2d0005 0x0 0x0 0x1f14c67f640 0xa4 0x1f14c67f590 0x1b 0x320007 0x5b 0x160 0x64 0x370005 0x0 0x0 0x1f14c67f640 0x52 0x1f14c67f590 0x12 0x420004 0x0 0x0 0x1f14d948240 0x64 0x0 0x0 0x500005 0x0 0x0 0x1f14d948240 0x64 0x0 0x0 0x550005 0x64 0x0 0x0 0x0 0x0 0x0 0x5a0005 0x0 0x0 0x1f14d9482f0 0x64 0x0 0x0 0x620002 0x64 0x670003 0x64 0xfffffffffffffe80 0x0 0x0 0x0 0x0 0x0 0x0 0x9 0x2 0x4 0xffffffffffffffff oops 13 5 kotlin/collections/EmptyList 7 java/util/Collections$SingletonList 16 java/util/Collections$SingletonList 18 java/util/ArrayList 23 java/util/Collections$SingletonList 25 java/util/ArrayList 30 java/util/Collections$1 32 java/util/ArrayList$Itr 41 java/util/Collections$1 43 java/util/ArrayList$Itr 48 org/jetbrains/kotlin/load/java/structure/impl/classFiles/BinaryJavaTypeParameter 55 org/jetbrains/kotlin/load/java/structure/impl/classFiles/BinaryJavaTypeParameter 69 javaslang/collection/HashMap methods 0
ciMethodData org/jetbrains/kotlin/load/java/structure/impl/classFiles/BinaryJavaValueParameter <init> (Lorg/jetbrains/kotlin/load/java/structure/JavaType;Z)V 2 5145 orig 80 0 0 0 0 0 0 0 0 0 0 0 0 0 0 0 0 0 0 0 0 0 0 0 0 0 0 0 0 0 0 0 0 0 0 0 0 0 0 0 0 0 0 0 0 0 0 0 0 0 0 0 0 0 0 0 0 0 0 0 0 0 0 0 0 0 0 0 0 0 0 0 0 0 0 0 0 0 0 0 0 data 33 0x30002 0x1419 0x70002 0x1419 0x190002 0x1419 0x1c0004 0x0 0x0 0x1f14561f690 0x20a 0x0 0x0 0x240004 0x0 0x0 0x1f14c19f038 0x20a 0x0 0x0 0x270002 0x1419 0x0 0x0 0x0 0x0 0x0 0x0 0x9 0x3 0xe 0x0 0x0 oops 2 9 org/jetbrains/kotlin/utils/SmartList 16 org/jetbrains/kotlin/load/java/structure/impl/classFiles/BinaryJavaValueParameter methods 0
ciMethodData org/jetbrains/kotlin/load/java/structure/impl/classFiles/BinaryJavaConstructor <init> (ILorg/jetbrains/kotlin/load/java/structure/JavaClass;Ljava/util/List;Ljava/util/List;)V 1 224 orig 80 0 0 0 0 0 0 0 0 0 0 0 0 0 0 0 0 0 0 0 0 0 0 0 0 0 0 0 0 0 0 0 0 0 0 0 0 0 0 0 0 0 0 0 0 0 0 0 0 0 0 0 0 0 0 0 0 0 0 0 0 0 0 0 0 0 0 0 0 0 0 0 0 0 0 0 0 0 0 0 0 data 21 0x30002 0xe0 0x90002 0xe0 0x100002 0xe0 0x1c0002 0xe0 0x0 0x0 0x0 0x0 0x0 0x0 0x9 0x5 0x0 0x0 0x0 0x0 0x0 oops 0 methods 0
compile org/jetbrains/kotlin/load/java/structure/impl/classFiles/BinaryJavaMethodBase$Companion create (Ljava/lang/String;ILjava/lang/String;Ljava/lang/String;Lorg/jetbrains/kotlin/load/java/structure/JavaClass;Lorg/jetbrains/kotlin/load/java/structure/impl/classFiles/ClassifierResolutionContext;Lorg/jetbrains/kotlin/load/java/structure/impl/classFiles/BinaryClassSignatureParser;)Lkotlin/Pair; -1 4 inline 247 0 -1 0 org/jetbrains/kotlin/load/java/structure/impl/classFiles/BinaryJavaMethodBase$Companion create (Ljava/lang/String;ILjava/lang/String;Ljava/lang/String;Lorg/jetbrains/kotlin/load/java/structure/JavaClass;Lorg/jetbrains/kotlin/load/java/structure/impl/classFiles/ClassifierResolutionContext;Lorg/jetbrains/kotlin/load/java/structure/impl/classFiles/BinaryClassSignatureParser;)Lkotlin/Pair; 1 3 0 kotlin/jvm/internal/Intrinsics checkNotNullParameter (Ljava/lang/Object;Ljava/lang/String;)V 1 9 0 kotlin/jvm/internal/Intrinsics checkNotNullParameter (Ljava/lang/Object;Ljava/lang/String;)V 1 16 0 kotlin/jvm/internal/Intrinsics checkNotNullParameter (Ljava/lang/Object;Ljava/lang/String;)V 1 23 0 kotlin/jvm/internal/Intrinsics checkNotNullParameter (Ljava/lang/Object;Ljava/lang/String;)V 1 30 0 kotlin/jvm/internal/Intrinsics checkNotNullParameter (Ljava/lang/Object;Ljava/lang/String;)V 1 36 0 kotlin/jvm/internal/Intrinsics areEqual (Ljava/lang/Object;Ljava/lang/Object;)Z 2 18 0 java/lang/String equals (Ljava/lang/Object;)Z 1 45 0 org/jetbrains/kotlin/load/java/structure/impl/classFiles/CommonMixinsKt isSet (II)Z 1 57 0 org/jetbrains/kotlin/load/java/structure/impl/classFiles/BinaryJavaClass getOuterClass ()Lorg/jetbrains/kotlin/load/java/structure/JavaClass; 1 84 0 org/jetbrains/kotlin/load/java/structure/impl/classFiles/BinaryJavaClass isEnum ()Z 2 4 0 org/jetbrains/kotlin/load/java/structure/impl/classFiles/BinaryJavaModifierListOwner isSet (I)Z 3 1 0 org/jetbrains/kotlin/load/java/structure/impl/classFiles/BinaryJavaClass getAccess ()I 3 7 0 org/jetbrains/kotlin/load/java/structure/impl/classFiles/CommonMixinsKt isSet (II)Z 1 110 0 org/jetbrains/kotlin/load/java/structure/impl/classFiles/BinaryJavaMethodBase$Companion parseMethodDescription (Ljava/lang/String;Lorg/jetbrains/kotlin/load/java/structure/impl/classFiles/ClassifierResolutionContext;Lorg/jetbrains/kotlin/load/java/structure/impl/classFiles/BinaryClassSignatureParser;)Lorg/jetbrains/kotlin/load/java/structure/impl/classFiles/BinaryJavaMethodBase$Companion$MethodInfo; 2 2 0 org/jetbrains/org/objectweb/asm/Type getReturnType (Ljava/lang/String;)Lorg/jetbrains/org/objectweb/asm/Type; 3 2 0 org/jetbrains/org/objectweb/asm/Type getReturnTypeOffset (Ljava/lang/String;)I 4 4 0 java/lang/String charAt (I)C 5 1 0 java/lang/String isLatin1 ()Z 5 12 0 java/lang/StringLatin1 charAt ([BI)C 6 3 0 java/lang/String checkIndex (II)V 4 14 0 java/lang/String charAt (I)C 5 1 0 java/lang/String isLatin1 ()Z 5 12 0 java/lang/StringLatin1 charAt ([BI)C 6 3 0 java/lang/String checkIndex (II)V 4 33 0 java/lang/String charAt (I)C 5 1 0 java/lang/String isLatin1 ()Z 5 12 0 java/lang/StringLatin1 charAt ([BI)C 6 3 0 java/lang/String checkIndex (II)V 4 45 0 java/lang/String indexOf (II)I 5 1 0 java/lang/String isLatin1 ()Z 5 14 0 java/lang/String length ()I 6 6 0 java/lang/String coder ()B 5 17 0 java/lang/StringLatin1 indexOf ([BIII)I 6 1 0 java/lang/StringLatin1 canEncode (I)Z 3 6 0 java/lang/String length ()I 4 6 0 java/lang/String coder ()B 3 9 0 org/jetbrains/org/objectweb/asm/Type getTypeInternal (Ljava/lang/String;II)Lorg/jetbrains/org/objectweb/asm/Type; 4 2 0 java/lang/String charAt (I)C 5 1 0 java/lang/String isLatin1 ()Z 5 12 0 java/lang/StringLatin1 charAt ([BI)C 6 3 0 java/lang/String checkIndex (II)V 4 157 0 org/jetbrains/org/objectweb/asm/Type <init> (ILjava/lang/String;II)V 5 1 0 java/lang/Object <init> ()V 4 174 0 org/jetbrains/org/objectweb/asm/Type <init> (ILjava/lang/String;II)V 5 1 0 java/lang/Object <init> ()V 2 9 0 kotlin/jvm/internal/Intrinsics checkNotNullExpressionValue (Ljava/lang/Object;Ljava/lang/String;)V 2 13 0 org/jetbrains/kotlin/load/java/structure/impl/classFiles/BinaryClassSignatureParser mapAsmType (Lorg/jetbrains/org/objectweb/asm/Type;Lorg/jetbrains/kotlin/load/java/structure/impl/classFiles/ClassifierResolutionContext;)Lorg/jetbrains/kotlin/load/java/structure/JavaType; 3 4 0 kotlin/jvm/internal/Intrinsics checkNotNullParameter (Ljava/lang/Object;Ljava/lang/String;)V 3 10 0 kotlin/jvm/internal/Intrinsics checkNotNullParameter (Ljava/lang/Object;Ljava/lang/String;)V 3 22 0 java/text/StringCharacterIterator <init> (Ljava/lang/String;)V 4 3 0 java/text/StringCharacterIterator <init> (Ljava/lang/String;I)V 5 4 0 java/lang/String length ()I 6 6 0 java/lang/String coder ()B 5 8 0 java/text/StringCharacterIterator <init> (Ljava/lang/String;III)V 6 1 0 java/lang/Object <init> ()V 6 32 0 java/lang/String length ()I 7 6 0 java/lang/String coder ()B 2 26 0 kotlin/jvm/internal/Intrinsics checkNotNullExpressionValue (Ljava/lang/Object;Ljava/lang/String;)V 2 48 0 java/util/ArrayList <init> (I)V 3 1 0 java/util/AbstractList <init> ()V 4 1 0 java/util/AbstractCollection <init> ()V 5 1 0 java/lang/Object <init> ()V 2 98 0 kotlin/jvm/internal/Intrinsics checkNotNull (Ljava/lang/Object;)V 2 104 0 org/jetbrains/kotlin/load/java/structure/impl/classFiles/BinaryClassSignatureParser mapAsmType (Lorg/jetbrains/org/objectweb/asm/Type;Lorg/jetbrains/kotlin/load/java/structure/impl/classFiles/ClassifierResolutionContext;)Lorg/jetbrains/kotlin/load/java/structure/JavaType; 3 4 0 kotlin/jvm/internal/Intrinsics checkNotNullParameter (Ljava/lang/Object;Ljava/lang/String;)V 3 10 0 kotlin/jvm/internal/Intrinsics checkNotNullParameter (Ljava/lang/Object;Ljava/lang/String;)V 3 22 0 java/text/StringCharacterIterator <init> (Ljava/lang/String;)V 4 3 0 java/text/StringCharacterIterator <init> (Ljava/lang/String;I)V 5 4 0 java/lang/String length ()I 6 6 0 java/lang/String coder ()B 5 8 0 java/text/StringCharacterIterator <init> (Ljava/lang/String;III)V 6 1 0 java/lang/Object <init> ()V 6 32 0 java/lang/String length ()I 7 6 0 java/lang/String coder ()B 2 110 0 java/util/ArrayList add (Ljava/lang/Object;)Z 3 20 0 java/util/ArrayList add (Ljava/lang/Object;[Ljava/lang/Object;I)V 4 7 0 java/util/ArrayList grow ()[Ljava/lang/Object; 5 7 0 java/util/ArrayList grow (I)[Ljava/lang/Object; 6 27 0 jdk/internal/util/ArraysSupport newLength (III)I 6 37 0 java/util/Arrays copyOf ([Ljava/lang/Object;I)[Ljava/lang/Object; 2 136 0 kotlin/collections/CollectionsKt__CollectionsKt emptyList ()Ljava/util/List; 2 141 0 org/jetbrains/kotlin/load/java/structure/impl/classFiles/BinaryJavaMethodBase$Companion$MethodInfo <init> (Lorg/jetbrains/kotlin/load/java/structure/JavaType;Ljava/util/List;Ljava/util/List;)V 3 3 0 kotlin/jvm/internal/Intrinsics checkNotNullParameter (Ljava/lang/Object;Ljava/lang/String;)V 3 9 0 kotlin/jvm/internal/Intrinsics checkNotNullParameter (Ljava/lang/Object;Ljava/lang/String;)V 3 15 0 kotlin/jvm/internal/Intrinsics checkNotNullParameter (Ljava/lang/Object;Ljava/lang/String;)V 3 19 0 java/lang/Object <init> ()V 1 130 0 org/jetbrains/kotlin/load/java/structure/impl/classFiles/BinaryJavaMethodBase$Companion$MethodInfo getReturnType ()Lorg/jetbrains/kotlin/load/java/structure/JavaType; 1 135 0 org/jetbrains/kotlin/load/java/structure/impl/classFiles/BinaryJavaMethodBase$Companion$MethodInfo getTypeParameters ()Ljava/util/List; 1 140 0 org/jetbrains/kotlin/load/java/structure/impl/classFiles/BinaryJavaMethodBase$Companion$MethodInfo getValueParameterTypes ()Ljava/util/List; 1 150 0 org/jetbrains/kotlin/load/java/structure/impl/classFiles/BinaryJavaMethodBase$Companion$MethodInfo <init> (Lorg/jetbrains/kotlin/load/java/structure/JavaType;Ljava/util/List;Ljava/util/List;)V 2 3 0 kotlin/jvm/internal/Intrinsics checkNotNullParameter (Ljava/lang/Object;Ljava/lang/String;)V 2 9 0 kotlin/jvm/internal/Intrinsics checkNotNullParameter (Ljava/lang/Object;Ljava/lang/String;)V 2 15 0 kotlin/jvm/internal/Intrinsics checkNotNullParameter (Ljava/lang/Object;Ljava/lang/String;)V 2 19 0 java/lang/Object <init> ()V 1 167 0 org/jetbrains/kotlin/load/java/structure/impl/classFiles/BinaryJavaMethodBase$Companion$MethodInfo getReturnType ()Lorg/jetbrains/kotlin/load/java/structure/JavaType; 1 172 0 org/jetbrains/kotlin/load/java/structure/impl/classFiles/BinaryJavaMethodBase$Companion$MethodInfo getTypeParameters ()Ljava/util/List; 1 177 0 org/jetbrains/kotlin/load/java/structure/impl/classFiles/BinaryJavaMethodBase$Companion$MethodInfo getValueParameterTypes ()Ljava/util/List; 1 187 0 org/jetbrains/kotlin/load/java/structure/impl/classFiles/BinaryJavaMethodBase$Companion$MethodInfo <init> (Lorg/jetbrains/kotlin/load/java/structure/JavaType;Ljava/util/List;Ljava/util/List;)V 2 3 0 kotlin/jvm/internal/Intrinsics checkNotNullParameter (Ljava/lang/Object;Ljava/lang/String;)V 2 9 0 kotlin/jvm/internal/Intrinsics checkNotNullParameter (Ljava/lang/Object;Ljava/lang/String;)V 2 15 0 kotlin/jvm/internal/Intrinsics checkNotNullParameter (Ljava/lang/Object;Ljava/lang/String;)V 2 19 0 java/lang/Object <init> ()V 1 206 0 org/jetbrains/kotlin/load/java/structure/impl/classFiles/ClassifierResolutionContext copyForMember$resolution_common_jvm ()Lorg/jetbrains/kotlin/load/java/structure/impl/classFiles/ClassifierResolutionContext; 2 16 0 org/jetbrains/kotlin/load/java/structure/impl/classFiles/ClassifierResolutionContext <init> (Lkotlin/jvm/functions/Function1;Ljavaslang/collection/Map;Ljavaslang/collection/Map;)V 3 1 0 java/lang/Object <init> ()V 1 234 0 org/jetbrains/kotlin/load/java/structure/impl/classFiles/BinaryJavaMethodBase$Companion$MethodInfo getTypeParameters ()Ljava/util/List; 1 250 0 org/jetbrains/kotlin/load/java/structure/impl/classFiles/BinaryJavaMethodBase$Companion$MethodInfo getValueParameterTypes ()Ljava/util/List; 1 263 0 org/jetbrains/kotlin/load/java/structure/impl/classFiles/BinaryJavaMethodBase$Companion$MethodInfo getValueParameterTypes ()Ljava/util/List; 1 269 0 java/util/ArrayList size ()I 1 269 0 kotlin/collections/EmptyList size ()I 2 1 0 kotlin/collections/EmptyList getSize ()I 1 293 0 org/jetbrains/kotlin/load/java/structure/impl/classFiles/BinaryJavaMethodBase$Companion$MethodInfo getValueParameterTypes ()Ljava/util/List; 1 300 0 java/util/ArrayList size ()I 1 329 0 kotlin/collections/CollectionsKt__IterablesKt collectionSizeOrDefault (Ljava/lang/Iterable;I)I 2 3 0 kotlin/jvm/internal/Intrinsics checkNotNullParameter (Ljava/lang/Object;Ljava/lang/String;)V 1 332 0 java/util/ArrayList <init> (I)V 2 1 0 java/util/AbstractList <init> ()V 3 1 0 java/util/AbstractCollection <init> ()V 4 1 0 java/lang/Object <init> ()V 1 348 0 java/util/ArrayList iterator ()Ljava/util/Iterator; 2 5 0 java/util/ArrayList$Itr <init> (Ljava/util/ArrayList;)V 3 6 0 java/lang/Object <init> ()V 1 357 0 java/util/ArrayList$Itr hasNext ()Z 1 367 0 java/util/ArrayList$Itr next ()Ljava/lang/Object; 2 1 0 java/util/ArrayList$Itr checkForComodification ()V 1 367 0 java/util/Collections$1 next ()Ljava/lang/Object; 1 436 0 org/jetbrains/kotlin/load/java/structure/impl/classFiles/BinaryJavaValueParameter <init> (Lorg/jetbrains/kotlin/load/java/structure/JavaType;Z)V 2 3 0 kotlin/jvm/internal/Intrinsics checkNotNullParameter (Ljava/lang/Object;Ljava/lang/String;)V 2 7 0 java/lang/Object <init> ()V 2 25 0 org/jetbrains/kotlin/utils/SmartList <init> ()V 3 1 0 java/util/AbstractList <init> ()V 4 1 0 java/util/AbstractCollection <init> ()V 5 1 0 java/lang/Object <init> ()V 2 39 0 org/jetbrains/kotlin/load/java/structure/JavaElementsKt buildLazyValueForMap (Lorg/jetbrains/kotlin/load/java/structure/JavaAnnotationOwner;)Lkotlin/Lazy; 3 3 0 kotlin/jvm/internal/Intrinsics checkNotNullParameter (Ljava/lang/Object;Ljava/lang/String;)V 3 7 0 java/lang/invoke/Invokers$Holder linkToTargetMethod (Ljava/lang/Object;Ljava/lang/Object;)Ljava/lang/Object; 4 5 0 java/lang/invoke/DirectMethodHandle$Holder newInvokeSpecial (Ljava/lang/Object;Ljava/lang/Object;)Ljava/lang/Object; 5 1 0 java/lang/invoke/DirectMethodHandle allocateInstance (Ljava/lang/Object;)Ljava/lang/Object; 5 6 0 java/lang/invoke/DirectMethodHandle constructorMethod (Ljava/lang/Object;)Ljava/lang/Object; 5 16 0  @bci org/jetbrains/kotlin/load/java/structure/JavaElementsKt buildLazyValueForMap (Lorg/jetbrains/kotlin/load/java/structure/JavaAnnotationOwner;)Lkotlin/Lazy; 7 <appendix> member <vmtarget> ; <init> (Lorg/jetbrains/kotlin/load/java/structure/JavaAnnotationOwner;)V 6 1 0 java/lang/Object <init> ()V 3 12 0 kotlin/LazyKt__LazyJVMKt lazy (Lkotlin/jvm/functions/Function0;)Lkotlin/Lazy; 4 3 0 kotlin/jvm/internal/Intrinsics checkNotNullParameter (Ljava/lang/Object;Ljava/lang/String;)V 4 14 0 kotlin/SynchronizedLazyImpl <init> (Lkotlin/jvm/functions/Function0;Ljava/lang/Object;ILkotlin/jvm/internal/DefaultConstructorMarker;)V 5 11 0 kotlin/SynchronizedLazyImpl <init> (Lkotlin/jvm/functions/Function0;Ljava/lang/Object;)V 6 3 0 kotlin/jvm/internal/Intrinsics checkNotNullParameter (Ljava/lang/Object;Ljava/lang/String;)V 6 7 0 java/lang/Object <init> ()V 1 442 0 java/util/ArrayList add (Ljava/lang/Object;)Z 2 20 0 java/util/ArrayList add (Ljava/lang/Object;[Ljava/lang/Object;I)V 3 7 0 java/util/ArrayList grow ()[Ljava/lang/Object; 4 7 0 java/util/ArrayList grow (I)[Ljava/lang/Object; 5 27 0 jdk/internal/util/ArraysSupport newLength (III)I 5 37 0 java/util/Arrays copyOf ([Ljava/lang/Object;I)[Ljava/lang/Object; 1 475 0 org/jetbrains/kotlin/load/java/structure/impl/classFiles/BinaryJavaMethodBase$Companion$MethodInfo getTypeParameters ()Ljava/util/List; 1 478 0 org/jetbrains/kotlin/load/java/structure/impl/classFiles/BinaryJavaConstructor <init> (ILorg/jetbrains/kotlin/load/java/structure/JavaClass;Ljava/util/List;Ljava/util/List;)V 2 28 0 org/jetbrains/kotlin/load/java/structure/impl/classFiles/BinaryJavaMethodBase <init> (ILorg/jetbrains/kotlin/load/java/structure/JavaClass;Ljava/util/List;Ljava/util/List;Lorg/jetbrains/kotlin/name/Name;)V 3 3 0 kotlin/jvm/internal/Intrinsics checkNotNullParameter (Ljava/lang/Object;Ljava/lang/String;)V 3 9 0 kotlin/jvm/internal/Intrinsics checkNotNullParameter (Ljava/lang/Object;Ljava/lang/String;)V 3 16 0 kotlin/jvm/internal/Intrinsics checkNotNullParameter (Ljava/lang/Object;Ljava/lang/String;)V 3 23 0 kotlin/jvm/internal/Intrinsics checkNotNullParameter (Ljava/lang/Object;Ljava/lang/String;)V 3 27 0 java/lang/Object <init> ()V 3 62 0 org/jetbrains/kotlin/utils/SmartList <init> ()V 4 1 0 java/util/AbstractList <init> ()V 5 1 0 java/util/AbstractCollection <init> ()V 6 1 0 java/lang/Object <init> ()V 3 76 0 org/jetbrains/kotlin/load/java/structure/JavaElementsKt buildLazyValueForMap (Lorg/jetbrains/kotlin/load/java/structure/JavaAnnotationOwner;)Lkotlin/Lazy; 4 3 0 kotlin/jvm/internal/Intrinsics checkNotNullParameter (Ljava/lang/Object;Ljava/lang/String;)V 4 7 0 java/lang/invoke/Invokers$Holder linkToTargetMethod (Ljava/lang/Object;Ljava/lang/Object;)Ljava/lang/Object; 5 5 0 java/lang/invoke/DirectMethodHandle$Holder newInvokeSpecial (Ljava/lang/Object;Ljava/lang/Object;)Ljava/lang/Object; 6 1 0 java/lang/invoke/DirectMethodHandle allocateInstance (Ljava/lang/Object;)Ljava/lang/Object; 6 6 0 java/lang/invoke/DirectMethodHandle constructorMethod (Ljava/lang/Object;)Ljava/lang/Object; 6 16 0  @bci org/jetbrains/kotlin/load/java/structure/JavaElementsKt buildLazyValueForMap (Lorg/jetbrains/kotlin/load/java/structure/JavaAnnotationOwner;)Lkotlin/Lazy; 7 <appendix> member <vmtarget> ; <init> (Lorg/jetbrains/kotlin/load/java/structure/JavaAnnotationOwner;)V 7 1 0 java/lang/Object <init> ()V 4 12 0 kotlin/LazyKt__LazyJVMKt lazy (Lkotlin/jvm/functions/Function0;)Lkotlin/Lazy; 5 3 0 kotlin/jvm/internal/Intrinsics checkNotNullParameter (Ljava/lang/Object;Ljava/lang/String;)V 5 14 0 kotlin/SynchronizedLazyImpl <init> (Lkotlin/jvm/functions/Function0;Ljava/lang/Object;ILkotlin/jvm/internal/DefaultConstructorMarker;)V 6 11 0 kotlin/SynchronizedLazyImpl <init> (Lkotlin/jvm/functions/Function0;Ljava/lang/Object;)V 7 3 0 kotlin/jvm/internal/Intrinsics checkNotNullParameter (Ljava/lang/Object;Ljava/lang/String;)V 7 7 0 java/lang/Object <init> ()V 1 498 0 org/jetbrains/kotlin/load/java/structure/impl/classFiles/BinaryJavaMethodBase$Companion$MethodInfo getTypeParameters ()Ljava/util/List; 1 502 0 org/jetbrains/kotlin/name/Name identifier (Ljava/lang/String;)Lorg/jetbrains/kotlin/name/Name; 2 14 0 org/jetbrains/kotlin/name/Name <init> (Ljava/lang/String;Z)V 3 9 0 java/lang/Object <init> ()V 1 508 0 kotlin/jvm/internal/Intrinsics checkNotNullExpressionValue (Ljava/lang/Object;Ljava/lang/String;)V 1 513 0 org/jetbrains/kotlin/load/java/structure/impl/classFiles/BinaryJavaMethodBase$Companion$MethodInfo getReturnType ()Lorg/jetbrains/kotlin/load/java/structure/JavaType; 1 516 0 org/jetbrains/kotlin/load/java/structure/impl/classFiles/BinaryJavaMethod <init> (ILorg/jetbrains/kotlin/load/java/structure/JavaClass;Ljava/util/List;Ljava/util/List;Lorg/jetbrains/kotlin/name/Name;Lorg/jetbrains/kotlin/load/java/structure/JavaType;)V 2 3 0 kotlin/jvm/internal/Intrinsics checkNotNullParameter (Ljava/lang/Object;Ljava/lang/String;)V 2 9 0 kotlin/jvm/internal/Intrinsics checkNotNullParameter (Ljava/lang/Object;Ljava/lang/String;)V 2 16 0 kotlin/jvm/internal/Intrinsics checkNotNullParameter (Ljava/lang/Object;Ljava/lang/String;)V 2 23 0 kotlin/jvm/internal/Intrinsics checkNotNullParameter (Ljava/lang/Object;Ljava/lang/String;)V 2 30 0 kotlin/jvm/internal/Intrinsics checkNotNullParameter (Ljava/lang/Object;Ljava/lang/String;)V 2 41 0 org/jetbrains/kotlin/load/java/structure/impl/classFiles/BinaryJavaMethodBase <init> (ILorg/jetbrains/kotlin/load/java/structure/JavaClass;Ljava/util/List;Ljava/util/List;Lorg/jetbrains/kotlin/name/Name;)V 3 3 0 kotlin/jvm/internal/Intrinsics checkNotNullParameter (Ljava/lang/Object;Ljava/lang/String;)V 3 9 0 kotlin/jvm/internal/Intrinsics checkNotNullParameter (Ljava/lang/Object;Ljava/lang/String;)V 3 16 0 kotlin/jvm/internal/Intrinsics checkNotNullParameter (Ljava/lang/Object;Ljava/lang/String;)V 3 23 0 kotlin/jvm/internal/Intrinsics checkNotNullParameter (Ljava/lang/Object;Ljava/lang/String;)V 3 27 0 java/lang/Object <init> ()V 3 62 0 org/jetbrains/kotlin/utils/SmartList <init> ()V 4 1 0 java/util/AbstractList <init> ()V 5 1 0 java/util/AbstractCollection <init> ()V 6 1 0 java/lang/Object <init> ()V 3 76 0 org/jetbrains/kotlin/load/java/structure/JavaElementsKt buildLazyValueForMap (Lorg/jetbrains/kotlin/load/java/structure/JavaAnnotationOwner;)Lkotlin/Lazy; 4 3 0 kotlin/jvm/internal/Intrinsics checkNotNullParameter (Ljava/lang/Object;Ljava/lang/String;)V 4 7 0 java/lang/invoke/Invokers$Holder linkToTargetMethod (Ljava/lang/Object;Ljava/lang/Object;)Ljava/lang/Object; 5 5 0 java/lang/invoke/DirectMethodHandle$Holder newInvokeSpecial (Ljava/lang/Object;Ljava/lang/Object;)Ljava/lang/Object; 6 1 0 java/lang/invoke/DirectMethodHandle allocateInstance (Ljava/lang/Object;)Ljava/lang/Object; 6 6 0 java/lang/invoke/DirectMethodHandle constructorMethod (Ljava/lang/Object;)Ljava/lang/Object; 6 16 0  @bci org/jetbrains/kotlin/load/java/structure/JavaElementsKt buildLazyValueForMap (Lorg/jetbrains/kotlin/load/java/structure/JavaAnnotationOwner;)Lkotlin/Lazy; 7 <appendix> member <vmtarget> ; <init> (Lorg/jetbrains/kotlin/load/java/structure/JavaAnnotationOwner;)V 7 1 0 java/lang/Object <init> ()V 4 12 0 kotlin/LazyKt__LazyJVMKt lazy (Lkotlin/jvm/functions/Function0;)Lkotlin/Lazy; 5 3 0 kotlin/jvm/internal/Intrinsics checkNotNullParameter (Ljava/lang/Object;Ljava/lang/String;)V 5 14 0 kotlin/SynchronizedLazyImpl <init> (Lkotlin/jvm/functions/Function0;Ljava/lang/Object;ILkotlin/jvm/internal/DefaultConstructorMarker;)V 6 11 0 kotlin/SynchronizedLazyImpl <init> (Lkotlin/jvm/functions/Function0;Ljava/lang/Object;)V 7 3 0 kotlin/jvm/internal/Intrinsics checkNotNullParameter (Ljava/lang/Object;Ljava/lang/String;)V 7 7 0 java/lang/Object <init> ()V 1 565 0 org/jetbrains/kotlin/load/java/structure/impl/classFiles/AnnotationsAndParameterCollectorMethodVisitor <init> (Lorg/jetbrains/kotlin/load/java/structure/impl/classFiles/BinaryJavaMethodBase;Lorg/jetbrains/kotlin/load/java/structure/impl/classFiles/ClassifierResolutionContext;Lorg/jetbrains/kotlin/load/java/structure/impl/classFiles/BinaryClassSignatureParser;II)V 2 3 0 kotlin/jvm/internal/Intrinsics checkNotNullParameter (Ljava/lang/Object;Ljava/lang/String;)V 2 9 0 kotlin/jvm/internal/Intrinsics checkNotNullParameter (Ljava/lang/Object;Ljava/lang/String;)V 2 15 0 kotlin/jvm/internal/Intrinsics checkNotNullParameter (Ljava/lang/Object;Ljava/lang/String;)V 2 21 0 org/jetbrains/org/objectweb/asm/MethodVisitor <init> (I)V 3 3 0 org/jetbrains/org/objectweb/asm/MethodVisitor <init> (ILorg/jetbrains/org/objectweb/asm/MethodVisitor;)V 4 1 0 java/lang/Object <init> ()V 2 78 0 java/lang/Integer valueOf (I)Ljava/lang/Integer; 2 87 0 java/lang/Integer valueOf (I)Ljava/lang/Integer; 2 93 0 kotlin/collections/SetsKt__SetsKt setOf ([Ljava/lang/Object;)Ljava/util/Set; 3 3 0 kotlin/jvm/internal/Intrinsics checkNotNullParameter (Ljava/lang/Object;Ljava/lang/String;)V 3 7 0 kotlin/collections/ArraysKt___ArraysKt toSet ([Ljava/lang/Object;)Ljava/util/Set; 4 3 0 kotlin/jvm/internal/Intrinsics checkNotNullParameter (Ljava/lang/Object;Ljava/lang/String;)V 4 54 0 kotlin/collections/MapsKt__MapsJVMKt mapCapacity (I)I 4 57 0 java/util/LinkedHashSet <init> (I)V 5 5 0 java/util/HashSet <init> (IFZ)V 6 1 0 java/util/AbstractSet <init> ()V 7 1 0 java/util/AbstractCollection <init> ()V 8 1 0 java/lang/Object <init> ()V 6 11 0 java/util/LinkedHashMap <init> (IF)V 7 3 0 java/util/HashMap <init> (IF)V 8 1 0 java/util/AbstractMap <init> ()V 9 1 0 java/lang/Object <init> ()V 8 51 0 java/lang/Float isNaN (F)Z 8 91 0 java/util/HashMap tableSizeFor (I)I 4 63 0 kotlin/collections/ArraysKt___ArraysKt toCollection ([Ljava/lang/Object;Ljava/util/Collection;)Ljava/util/Collection; 5 3 0 kotlin/jvm/internal/Intrinsics checkNotNullParameter (Ljava/lang/Object;Ljava/lang/String;)V 5 10 0 kotlin/jvm/internal/Intrinsics checkNotNullParameter (Ljava/lang/Object;Ljava/lang/String;)V 1 568 0 kotlin/TuplesKt to (Ljava/lang/Object;Ljava/lang/Object;)Lkotlin/Pair; 2 6 0 kotlin/Pair <init> (Ljava/lang/Object;Ljava/lang/Object;)V 3 1 0 java/lang/Object <init> ()V
